,DELIVERY_PARTNER_ID,partner_name,city,vehicle_type,employment_type,avg_rating,is_active
0,DP00001,Manoj S,Kolkata,Scooter,Contract,3.96,Y
1,DP00002,Amit D,Kolkata,Cycle,Part-time,4.22,Y
2,DP00003,Suresh I,Delhi,Cycle,Part-time,4.45,Y
3,DP00004,Shreya D,Mumbai,Scooter,Contract,3.93,Y
4,DP00005,Suresh T,Mumbai,Scooter,Full-time,4.42,Y
5,DP00006,Divya K,Pune,Scooter,Part-time,4.08,Y
6,DP00007,Meena S,Delhi,Scooter,Full-time,3.71,Y
7,DP00008,Rakesh R,Bengaluru,Bike,Full-time,4.65,Y
8,DP00009,Ananya V,Bengaluru,Scooter,Full-time,4.05,Y
9,DP00010,Santosh N,Delhi,Bike,Contract,3.94,Y
10,DP00011,Amit G,Chennai,Cycle,Part-time,4.56,Y
11,DP00012,Ravi W,Pune,Scooter,Contract,4.27,Y
12,DP00013,Neha G,Delhi,Scooter,Full-time,4.42,Y
13,DP00014,Rahul O,Mumbai,Scooter,Contract,3.8,Y
14,DP00015,Ananya N,Chennai,Bike,Full-time,4.62,Y
15,DP00016,Santosh X,Pune,Bike,Part-time,3.77,Y
16,DP00017,Kiran N,Chennai,Bike,Full-time,4.09,Y
17,DP00018,Rakesh M,Bengaluru,Scooter,Full-time,4.08,Y
18,DP00019,Ananya C,Bengaluru,Scooter,Full-time,4.41,Y
19,DP00020,Meena F,Kolkata,Scooter,Contract,4.22,Y
20,DP00021,Priya F,Hyderabad,Scooter,Contract,3.82,Y
21,DP00022,Manoj H,Delhi,Scooter,Part-time,4.45,Y
22,DP00023,Santosh D,Ahmedabad,Cycle,Full-time,4.47,Y
23,DP00024,Kiran R,Pune,Scooter,Part-time,4.5,N
24,DP00025,Divya P,Delhi,Scooter,Full-time,3.37,Y
25,DP00026,Amit Z,Delhi,Bike,Full-time,3.84,Y
26,DP00027,Divya G,Mumbai,Car,Full-time,3.84,N
27,DP00028,Nikhil Z,Pune,Scooter,Full-time,4.14,Y
28,DP00029,Ravi E,Delhi,Scooter,Full-time,3.85,Y
29,DP00030,Amit V,Delhi,Bike,Contract,3.98,Y
30,DP00031,Ravi J,Pune,Scooter,Part-time,3.96,Y
31,DP00032,Amit O,Kolkata,Scooter,Full-time,4.62,Y
32,DP00033,Suresh G,Pune,Bike,Part-time,4.31,Y
33,DP00034,Santosh P,Delhi,Bike,Contract,4.12,Y
34,DP00035,Vikas L,Bengaluru,Scooter,Full-time,4.16,Y
35,DP00036,Priya F,Ahmedabad,Bike,Part-time,4.13,Y
36,DP00037,Nikhil T,Pune,Bike,Full-time,4.6,Y
37,DP00038,Deepak E,Pune,Scooter,Full-time,3.71,Y
38,DP00039,Nikhil Q,Ahmedabad,Scooter,Part-time,4.34,Y
39,DP00040,Kiran J,Chennai,Scooter,Part-time,4.28,Y
40,DP00041,Sneha A,Bengaluru,Bike,Part-time,4.11,Y
41,DP00042,Ravi R,Bengaluru,Scooter,Full-time,4.05,Y
42,DP00043,Priya C,Pune,Scooter,Full-time,3.54,Y
43,DP00044,Vikas M,Kolkata,Scooter,Part-time,3.71,Y
44,DP00045,Kiran D,Chennai,Cycle,Part-time,4.35,Y
45,DP00046,Santosh R,Bengaluru,Scooter,Full-time,4.18,Y
46,DP00047,Ravi A,Mumbai,Bike,Full-time,4.21,N
47,DP00048,Nikhil B,Mumbai,Scooter,Full-time,3.9,Y
48,DP00049,Rahul E,Mumbai,Scooter,Part-time,4.53,N
49,DP00050,Meena B,Mumbai,Bike,Full-time,3.76,Y
50,DP00051,Nikhil R,Mumbai,Scooter,Full-time,4.16,Y
51,DP00052,Suresh J,Ahmedabad,Cycle,Full-time,4.21,Y
52,DP00053,Sneha I,Hyderabad,Bike,Contract,4.43,Y
53,DP00054,Priya L,Bengaluru,Bike,Part-time,3.97,Y
54,DP00055,Meena X,Bengaluru,Cycle,Part-time,4.1,Y
55,DP00056,Suresh E,Ahmedabad,Bike,Part-time,4.71,Y
56,DP00057,Shreya H,Bengaluru,Bike,Full-time,3.74,Y
57,DP00058,Rahul S,Kolkata,Scooter,Full-time,3.98,Y
58,DP00059,Kiran J,Delhi,Bike,Contract,4.4,Y
59,DP00060,Ravi X,Mumbai,Scooter,Full-time,4.37,Y
60,DP00061,Neha C,Mumbai,Cycle,Part-time,4.28,Y
61,DP00062,Rahul Z,Bengaluru,Bike,Full-time,3.92,Y
62,DP00063,Santosh B,Ahmedabad,Bike,Contract,4.18,Y
63,DP00064,Meena Z,Bengaluru,Bike,Part-time,4.93,N
64,DP00065,Vikas F,Hyderabad,Bike,Full-time,4.14,Y
65,DP00066,Vikas E,Hyderabad,Scooter,Part-time,4.28,Y
66,DP00067,Rakesh V,Pune,Scooter,Part-time,4.27,Y
67,DP00068,Divya F,Hyderabad,Car,Full-time,4.14,N
68,DP00069,Deepak H,Kolkata,Scooter,Full-time,3.93,Y
69,DP00070,Neha G,Chennai,Bike,Full-time,3.82,Y
70,DP00071,Manoj Z,Hyderabad,Scooter,Part-time,4.56,Y
71,DP00072,Kiran O,Bengaluru,Scooter,Full-time,4.3,Y
72,DP00073,Nikhil J,Kolkata,Bike,Part-time,4.36,Y
73,DP00074,Priya X,Chennai,Bike,Part-time,3.95,N
74,DP00075,Deepak R,Bengaluru,Scooter,Part-time,3.89,Y
75,DP00076,Pooja J,Bengaluru,Scooter,Contract,4.3,N
76,DP00077,Kiran E,Kolkata,Cycle,Full-time,3.81,Y
77,DP00078,Arjun F,Hyderabad,Scooter,Part-time,4.39,Y
78,DP00079,Ravi W,Hyderabad,Bike,Part-time,4.07,Y
79,DP00080,Suresh K,Bengaluru,Bike,Contract,4.39,Y
80,DP00081,Meena J,Delhi,Cycle,Full-time,4.44,Y
81,DP00082,Divya L,Delhi,Bike,Part-time,4.53,Y
82,DP00083,Ravi B,Chennai,Scooter,Full-time,4.49,Y
83,DP00084,Ananya K,Kolkata,Cycle,Full-time,4.55,N
84,DP00085,Divya M,Bengaluru,Bike,Full-time,3.79,Y
85,DP00086,Divya R,Hyderabad,Bike,Part-time,4.23,Y
86,DP00087,Meena K,Ahmedabad,Scooter,Full-time,4.13,Y
87,DP00088,Manoj L,Hyderabad,Scooter,Contract,3.84,Y
88,DP00089,Divya J,Mumbai,Scooter,Full-time,3.76,Y
89,DP00090,Santosh O,Bengaluru,Scooter,Part-time,4.0,N
90,DP00091,Amit B,Bengaluru,Bike,Contract,4.0,Y
91,DP00092,Santosh T,Kolkata,Bike,Full-time,4.08,Y
92,DP00093,Meena L,Kolkata,Scooter,Part-time,4.32,Y
93,DP00094,Rakesh B,Mumbai,Scooter,Part-time,4.06,Y
94,DP00095,Amit S,Hyderabad,Scooter,Contract,4.22,Y
95,DP00096,Vikas I,Pune,Scooter,Contract,3.87,N
96,DP00097,Nikhil M,Delhi,Cycle,Contract,4.13,N
97,DP00098,Amit D,Ahmedabad,Cycle,Full-time,4.3,Y
98,DP00099,Divya X,Chennai,Bike,Contract,4.55,Y
99,DP00100,Rahul B,Ahmedabad,Cycle,Part-time,4.02,Y
100,DP00101,Manoj T,Bengaluru,Cycle,Contract,3.91,Y
101,DP00102,Manoj M,Bengaluru,Bike,Part-time,4.25,Y
102,DP00103,Priya Q,Hyderabad,Bike,Part-time,4.99,Y
103,DP00104,Rahul T,Delhi,Scooter,Contract,4.23,N
104,DP00105,Kiran E,Mumbai,Bike,Part-time,4.14,Y
105,DP00106,Priya P,Bengaluru,Bike,Part-time,4.35,Y
106,DP00107,Neha U,Mumbai,Bike,Full-time,4.57,Y
107,DP00108,Rahul I,Chennai,Bike,Part-time,4.19,Y
108,DP00109,Santosh E,Chennai,Car,Contract,3.59,N
109,DP00110,Shreya H,Mumbai,Scooter,Full-time,4.45,Y
110,DP00111,Nikhil H,Ahmedabad,Scooter,Full-time,3.83,Y
111,DP00112,Kiran A,Delhi,Bike,Full-time,4.52,Y
112,DP00113,Suresh N,Delhi,Cycle,Part-time,3.89,Y
113,DP00114,Ananya P,Bengaluru,Cycle,Full-time,4.34,Y
114,DP00115,Ananya K,Hyderabad,Bike,Contract,3.7,Y
115,DP00116,Manoj H,Bengaluru,Bike,Part-time,4.12,Y
116,DP00117,Vikas C,Mumbai,Scooter,Contract,3.89,Y
117,DP00118,Priya A,Ahmedabad,Bike,Full-time,4.1,Y
118,DP00119,Nikhil S,Chennai,Scooter,Full-time,4.23,Y
119,DP00120,Arjun C,Bengaluru,Bike,Part-time,4.44,Y
120,DP00121,Rakesh W,Mumbai,Scooter,Full-time,4.17,N
121,DP00122,Neha C,Chennai,Bike,Full-time,4.35,N
122,DP00123,Kiran V,Mumbai,Bike,Full-time,3.94,Y
123,DP00124,Neha S,Chennai,Scooter,Full-time,4.46,Y
124,DP00125,Santosh W,Bengaluru,Scooter,Full-time,4.06,Y
125,DP00126,Nikhil H,Bengaluru,Scooter,Part-time,4.1,Y
126,DP00127,Neha A,Bengaluru,Bike,Part-time,4.73,N
127,DP00128,Rahul S,Bengaluru,Bike,Part-time,4.6,Y
128,DP00129,Priya O,Mumbai,Scooter,Part-time,3.89,Y
129,DP00130,Rakesh R,Mumbai,Scooter,Full-time,4.21,Y
130,DP00131,Priya D,Hyderabad,Scooter,Full-time,4.21,Y
131,DP00132,Nikhil V,Chennai,Scooter,Part-time,3.89,Y
132,DP00133,Priya F,Ahmedabad,Scooter,Part-time,3.98,Y
133,DP00134,Suresh F,Bengaluru,Scooter,Part-time,4.54,N
134,DP00135,Manoj Q,Mumbai,Scooter,Full-time,4.16,Y
135,DP00136,Shreya G,Chennai,Bike,Full-time,4.29,Y
136,DP00137,Arjun I,Bengaluru,Scooter,Contract,3.76,N
137,DP00138,Kiran M,Mumbai,Cycle,Contract,4.18,Y
138,DP00139,Ravi B,Kolkata,Scooter,Contract,3.95,Y
139,DP00140,Rakesh N,Mumbai,Bike,Full-time,3.8,Y
140,DP00141,Shreya N,Delhi,Bike,Contract,4.35,N
141,DP00142,Amit X,Delhi,Bike,Full-time,4.54,Y
142,DP00143,Divya X,Hyderabad,Car,Part-time,4.26,Y
143,DP00144,Neha U,Mumbai,Scooter,Part-time,4.05,Y
144,DP00145,Shreya J,Delhi,Car,Full-time,3.84,Y
145,DP00146,Neha Q,Bengaluru,Scooter,Full-time,4.16,Y
146,DP00147,Deepak X,Bengaluru,Scooter,Full-time,4.77,Y
147,DP00148,Vikas P,Chennai,Scooter,Full-time,4.42,Y
148,DP00149,Sneha U,Mumbai,Scooter,Contract,4.21,N
149,DP00150,Manoj M,Mumbai,Scooter,Part-time,4.39,Y
150,DP00151,Suresh N,Chennai,Cycle,Contract,4.82,Y
151,DP00152,Vikas V,Bengaluru,Scooter,Part-time,4.12,Y
152,DP00153,Ananya T,Kolkata,Bike,Full-time,4.42,Y
153,DP00154,Pooja X,Mumbai,Cycle,Part-time,4.34,Y
154,DP00155,Nikhil V,Kolkata,Scooter,Full-time,4.28,Y
155,DP00156,Amit K,Ahmedabad,Bike,Full-time,4.1,Y
156,DP00157,Priya X,Delhi,Scooter,Part-time,4.55,N
157,DP00158,Manoj E,Bengaluru,Bike,Contract,4.34,Y
158,DP00159,Suresh B,Ahmedabad,Bike,Part-time,4.94,Y
159,DP00160,Rakesh C,Pune,Scooter,Part-time,4.37,Y
160,DP00161,Manoj D,Pune,Scooter,Full-time,4.5,Y
161,DP00162,Meena Z,Ahmedabad,Bike,Part-time,3.85,Y
162,DP00163,Santosh W,Chennai,Bike,Full-time,4.69,N
163,DP00164,Meena B,Bengaluru,Bike,Full-time,3.93,Y
164,DP00165,Priya Z,Bengaluru,Car,Contract,4.03,Y
165,DP00166,Deepak N,Mumbai,Bike,Full-time,4.52,Y
166,DP00167,Rahul B,Ahmedabad,Bike,Part-time,4.42,Y
167,DP00168,Deepak C,Kolkata,Scooter,Part-time,4.2,Y
168,DP00169,Nikhil V,Mumbai,Cycle,Full-time,3.78,Y
169,DP00170,Neha T,Chennai,Scooter,Contract,4.03,Y
170,DP00171,Vikas W,Bengaluru,Bike,Full-time,4.41,Y
171,DP00172,Manoj C,Hyderabad,Cycle,Contract,4.17,N
172,DP00173,Manoj O,Delhi,Cycle,Part-time,4.0,Y
173,DP00174,Priya H,Pune,Cycle,Full-time,3.95,Y
174,DP00175,Meena N,Mumbai,Bike,Part-time,4.3,Y
175,DP00176,Santosh N,Delhi,Scooter,Contract,4.29,N
176,DP00177,Vikas O,Mumbai,Scooter,Full-time,3.93,Y
177,DP00178,Ravi C,Delhi,Bike,Contract,3.43,Y
178,DP00179,Ravi I,Delhi,Scooter,Full-time,4.15,Y
179,DP00180,Ananya P,Pune,Bike,Full-time,3.81,Y
180,DP00181,Ravi I,Hyderabad,Scooter,Part-time,4.16,Y
181,DP00182,Shreya A,Delhi,Bike,Full-time,4.1,Y
182,DP00183,Divya P,Bengaluru,Bike,Full-time,4.29,Y
183,DP00184,Divya R,Mumbai,Bike,Full-time,4.82,Y
184,DP00185,Nikhil U,Mumbai,Scooter,Full-time,4.11,Y
185,DP00186,Ananya B,Delhi,Cycle,Full-time,4.24,Y
186,DP00187,Manoj U,Pune,Bike,Contract,4.01,Y
187,DP00188,Priya J,Bengaluru,Scooter,Full-time,4.92,Y
188,DP00189,Nikhil F,Bengaluru,Bike,Part-time,4.19,Y
189,DP00190,Divya X,Kolkata,Scooter,Full-time,3.81,N
190,DP00191,Arjun W,Delhi,Scooter,Contract,4.71,Y
191,DP00192,Rahul A,Delhi,Bike,Full-time,4.47,Y
192,DP00193,Divya P,Bengaluru,Bike,Full-time,4.13,N
193,DP00194,Deepak Q,Kolkata,Bike,Full-time,4.26,Y
194,DP00195,Neha M,Delhi,Scooter,Part-time,3.79,Y
195,DP00196,Santosh Z,Hyderabad,Cycle,Part-time,4.23,Y
196,DP00197,Priya S,Hyderabad,Bike,Full-time,4.79,Y
197,DP00198,Divya W,Ahmedabad,Scooter,Contract,4.23,Y
198,DP00199,Meena X,Mumbai,Bike,Part-time,4.0,Y
199,DP00200,Santosh P,Chennai,Scooter,Full-time,4.1,Y
200,DP00201,Vikas P,Bengaluru,Bike,Part-time,4.34,N
201,DP00202,Ananya S,Delhi,Scooter,Full-time,4.46,Y
202,DP00203,Meena G,Bengaluru,Scooter,Full-time,4.33,Y
203,DP00204,Meena V,Bengaluru,Bike,Full-time,4.08,Y
204,DP00205,Arjun Y,Delhi,Bike,Contract,4.02,Y
205,DP00206,Ravi D,Hyderabad,Bike,Part-time,4.36,N
206,DP00207,Deepak E,Kolkata,Scooter,Contract,4.15,Y
207,DP00208,Rahul C,Hyderabad,Bike,Full-time,4.47,Y
208,DP00209,Divya X,Mumbai,Scooter,Full-time,3.7,N
209,DP00210,Manoj T,Bengaluru,Cycle,Full-time,4.13,Y
210,DP00211,Suresh S,Kolkata,Bike,Contract,4.17,Y
211,DP00212,Kiran E,Hyderabad,Bike,Full-time,3.74,Y
212,DP00213,Neha F,Hyderabad,Bike,Part-time,4.32,Y
213,DP00214,Rahul P,Bengaluru,Scooter,Part-time,4.37,Y
214,DP00215,Pooja C,Mumbai,Scooter,Contract,4.41,Y
215,DP00216,Divya U,Kolkata,Bike,Part-time,3.95,Y
216,DP00217,Priya U,Chennai,Scooter,Contract,4.27,Y
217,DP00218,Kiran Z,Bengaluru,Bike,Part-time,4.67,Y
218,DP00219,Priya F,Chennai,Bike,Full-time,4.25,Y
219,DP00220,Santosh A,Mumbai,Scooter,Contract,4.06,Y
220,DP00221,Neha K,Pune,Scooter,Part-time,4.21,Y
221,DP00222,Meena T,Bengaluru,Car,Part-time,4.53,Y
222,DP00223,Neha G,Delhi,Bike,Contract,3.96,N
223,DP00224,Rahul T,Bengaluru,Scooter,Full-time,4.26,Y
224,DP00225,Manoj Y,Bengaluru,Cycle,Part-time,4.39,Y
225,DP00226,Ravi M,Delhi,Bike,Contract,4.05,Y
226,DP00227,Rakesh U,Delhi,Cycle,Full-time,3.99,N
227,DP00228,Ravi D,Bengaluru,Car,Full-time,4.86,Y
228,DP00229,Rahul O,Bengaluru,Bike,Part-time,3.67,Y
229,DP00230,Rakesh L,Bengaluru,Bike,Part-time,3.93,Y
230,DP00231,Neha N,Chennai,Scooter,Part-time,4.3,Y
231,DP00232,Deepak F,Pune,Bike,Full-time,4.07,Y
232,DP00233,Sneha U,Mumbai,Cycle,Full-time,4.07,Y
233,DP00234,Manoj Y,Kolkata,Bike,Full-time,4.37,Y
234,DP00235,Nikhil S,Kolkata,Scooter,Full-time,4.66,Y
235,DP00236,Shreya G,Bengaluru,Cycle,Contract,4.25,Y
236,DP00237,Pooja E,Chennai,Bike,Contract,3.88,Y
237,DP00238,Suresh J,Pune,Scooter,Full-time,4.18,Y
238,DP00239,Amit O,Kolkata,Bike,Part-time,3.85,Y
239,DP00240,Divya T,Chennai,Car,Full-time,4.28,Y
240,DP00241,Rahul Q,Kolkata,Cycle,Contract,4.57,N
241,DP00242,Nikhil P,Bengaluru,Scooter,Part-time,3.94,Y
242,DP00243,Rakesh H,Delhi,Bike,Part-time,3.33,N
243,DP00244,Meena N,Delhi,Cycle,Contract,4.45,Y
244,DP00245,Shreya J,Delhi,Scooter,Contract,3.99,Y
245,DP00246,Deepak O,Chennai,Scooter,Part-time,4.47,Y
246,DP00247,Santosh P,Bengaluru,Bike,Full-time,4.02,N
247,DP00248,Suresh S,Bengaluru,Bike,Full-time,3.87,Y
248,DP00249,Sneha T,Kolkata,Bike,Full-time,4.52,Y
249,DP00250,Pooja D,Chennai,Scooter,Contract,4.67,Y
250,DP00251,Santosh N,Bengaluru,Scooter,Part-time,3.73,Y
251,DP00252,Deepak M,Mumbai,Scooter,Full-time,4.22,Y
252,DP00253,Nikhil Y,Bengaluru,Bike,Full-time,4.04,Y
253,DP00254,Suresh F,Mumbai,Scooter,Full-time,3.7,Y
254,DP00255,Priya X,Ahmedabad,Bike,Contract,4.4,Y
255,DP00256,Nikhil E,Mumbai,Scooter,Part-time,4.51,N
256,DP00257,Rakesh N,Chennai,Cycle,Full-time,4.05,Y
257,DP00258,Shreya C,Mumbai,Scooter,Part-time,4.37,Y
258,DP00259,Deepak T,Kolkata,Car,Full-time,4.0,Y
259,DP00260,Rakesh G,Bengaluru,Cycle,Full-time,3.83,Y
260,DP00261,Rakesh F,Mumbai,Scooter,Part-time,4.27,Y
261,DP00262,Shreya O,Chennai,Bike,Part-time,4.08,N
262,DP00263,Neha B,Kolkata,Scooter,Full-time,4.08,Y
263,DP00264,Rakesh Q,Chennai,Bike,Part-time,4.05,N
264,DP00265,Deepak A,Bengaluru,Scooter,Contract,3.94,N
265,DP00266,Ananya T,Hyderabad,Bike,Contract,4.25,Y
266,DP00267,Santosh N,Bengaluru,Scooter,Full-time,4.01,Y
267,DP00268,Pooja H,Hyderabad,Scooter,Part-time,4.15,N
268,DP00269,Arjun E,Hyderabad,Cycle,Full-time,4.29,N
269,DP00270,Deepak F,Delhi,Bike,Contract,4.4,Y
270,DP00271,Suresh C,Bengaluru,Scooter,Part-time,4.46,N
271,DP00272,Ananya A,Mumbai,Scooter,Contract,4.21,Y
272,DP00273,Priya V,Mumbai,Scooter,Full-time,4.13,Y
273,DP00274,Sneha A,Delhi,Bike,Contract,4.6,Y
274,DP00275,Kiran K,Delhi,Cycle,Full-time,4.8,Y
275,DP00276,Shreya B,Mumbai,Bike,Full-time,4.34,N
276,DP00277,Pooja Z,Pune,Scooter,Full-time,4.52,Y
277,DP00278,Kiran F,Bengaluru,Scooter,Part-time,4.14,Y
278,DP00279,Priya M,Bengaluru,Scooter,Part-time,3.92,Y
279,DP00280,Santosh F,Bengaluru,Bike,Part-time,4.19,Y
280,DP00281,Santosh M,Hyderabad,Bike,Full-time,4.12,Y
281,DP00282,Suresh K,Bengaluru,Cycle,Full-time,4.39,Y
282,DP00283,Priya Q,Bengaluru,Cycle,Part-time,4.37,N
283,DP00284,Nikhil L,Hyderabad,Scooter,Full-time,4.01,Y
284,DP00285,Neha M,Delhi,Bike,Full-time,4.45,Y
285,DP00286,Ananya R,Bengaluru,Bike,Part-time,3.93,Y
286,DP00287,Ananya D,Pune,Bike,Full-time,4.03,Y
287,DP00288,Suresh X,Bengaluru,Scooter,Full-time,4.03,Y
288,DP00289,Rahul O,Bengaluru,Bike,Full-time,4.04,Y
289,DP00290,Kiran K,Mumbai,Cycle,Contract,3.59,Y
290,DP00291,Sneha M,Delhi,Scooter,Part-time,3.83,Y
291,DP00292,Shreya H,Hyderabad,Scooter,Part-time,4.69,N
292,DP00293,Arjun I,Hyderabad,Bike,Full-time,4.43,Y
293,DP00294,Shreya K,Mumbai,Bike,Contract,3.86,N
294,DP00295,Vikas I,Bengaluru,Bike,Contract,4.67,Y
295,DP00296,Pooja E,Chennai,Bike,Full-time,4.15,Y
296,DP00297,Neha B,Ahmedabad,Scooter,Full-time,3.94,Y
297,DP00298,Vikas B,Mumbai,Scooter,Full-time,3.8,N
298,DP00299,Rakesh O,Chennai,Car,Full-time,4.17,Y
299,DP00300,Meena W,Mumbai,Bike,Full-time,4.02,Y
300,DP00301,Pooja B,Chennai,Bike,Full-time,4.25,Y
301,DP00302,Vikas P,Ahmedabad,Scooter,Contract,4.15,N
302,DP00303,Manoj M,Delhi,Scooter,Full-time,3.84,N
303,DP00304,Arjun S,Delhi,Bike,Part-time,4.05,Y
304,DP00305,Vikas X,Ahmedabad,Cycle,Full-time,4.34,Y
305,DP00306,Meena V,Mumbai,Bike,Full-time,4.14,Y
306,DP00307,Santosh R,Bengaluru,Scooter,Full-time,4.46,Y
307,DP00308,Pooja U,Kolkata,Scooter,Full-time,3.98,Y
308,DP00309,Sneha R,Ahmedabad,Car,Part-time,4.06,Y
309,DP00310,Kiran K,Bengaluru,Scooter,Full-time,4.43,N
310,DP00311,Arjun O,Chennai,Cycle,Part-time,4.19,Y
311,DP00312,Rahul O,Bengaluru,Cycle,Full-time,4.34,Y
312,DP00313,Meena T,Delhi,Scooter,Contract,4.35,Y
313,DP00314,Manoj E,Ahmedabad,Scooter,Contract,4.38,Y
314,DP00315,Kiran O,Hyderabad,Bike,Full-time,4.11,Y
315,DP00316,Rakesh U,Kolkata,Bike,Contract,3.99,Y
316,DP00317,Kiran T,Ahmedabad,Scooter,Contract,4.63,Y
317,DP00318,Shreya W,Delhi,Cycle,Full-time,3.72,Y
318,DP00319,Ananya A,Kolkata,Scooter,Part-time,4.1,Y
319,DP00320,Pooja B,Delhi,Car,Full-time,4.25,Y
320,DP00321,Vikas X,Bengaluru,Scooter,Part-time,4.56,Y
321,DP00322,Arjun N,Bengaluru,Cycle,Part-time,4.35,Y
322,DP00323,Ravi H,Bengaluru,Scooter,Full-time,4.5,Y
323,DP00324,Amit Y,Mumbai,Car,Full-time,4.47,Y
324,DP00325,Amit J,Bengaluru,Cycle,Contract,3.9,Y
325,DP00326,Rakesh J,Bengaluru,Bike,Part-time,4.27,Y
326,DP00327,Shreya T,Mumbai,Bike,Full-time,4.55,N
327,DP00328,Santosh J,Kolkata,Scooter,Full-time,4.02,N
328,DP00329,Nikhil F,Kolkata,Scooter,Part-time,4.34,Y
329,DP00330,Shreya V,Mumbai,Cycle,Contract,4.57,Y
330,DP00331,Ananya C,Bengaluru,Cycle,Full-time,3.79,N
331,DP00332,Manoj D,Hyderabad,Car,Contract,4.22,Y
332,DP00333,Divya N,Kolkata,Scooter,Part-time,4.01,Y
333,DP00334,Nikhil S,Delhi,Bike,Contract,4.55,Y
334,DP00335,Pooja F,Hyderabad,Scooter,Full-time,4.6,Y
335,DP00336,Divya N,Chennai,Bike,Part-time,4.59,Y
336,DP00337,Pooja O,Bengaluru,Bike,Part-time,4.47,Y
337,DP00338,Amit S,Chennai,Cycle,Full-time,4.19,Y
338,DP00339,Nikhil Q,Delhi,Scooter,Full-time,4.23,Y
339,DP00340,Meena A,Hyderabad,Scooter,Full-time,4.36,Y
340,DP00341,Neha O,Bengaluru,Bike,Part-time,4.18,Y
341,DP00342,Ananya K,Hyderabad,Scooter,Full-time,4.03,Y
342,DP00343,Sneha A,Delhi,Cycle,Full-time,4.07,Y
343,DP00344,Rakesh P,Delhi,Scooter,Part-time,4.19,Y
344,DP00345,Nikhil L,Pune,Cycle,Full-time,4.55,Y
345,DP00346,Vikas B,Bengaluru,Cycle,Full-time,4.5,Y
346,DP00347,Ananya E,Bengaluru,Bike,Full-time,4.48,Y
347,DP00348,Pooja S,Chennai,Scooter,Part-time,3.92,Y
348,DP00349,Rakesh F,Mumbai,Bike,Full-time,3.77,Y
349,DP00350,Nikhil T,Bengaluru,Car,Full-time,4.51,Y
350,DP00351,Sneha U,Chennai,Bike,Part-time,4.12,Y
351,DP00352,Santosh O,Pune,Bike,Full-time,4.35,N
352,DP00353,Shreya A,Ahmedabad,Bike,Full-time,4.53,Y
353,DP00354,Deepak K,Chennai,Scooter,Full-time,4.38,Y
354,DP00355,Vikas U,Bengaluru,Car,Full-time,3.8,N
355,DP00356,Pooja S,Mumbai,Car,Part-time,4.55,Y
356,DP00357,Meena Y,Kolkata,Scooter,Full-time,4.44,Y
357,DP00358,Neha Q,Ahmedabad,Bike,Part-time,4.53,Y
358,DP00359,Shreya P,Hyderabad,Scooter,Contract,3.85,Y
359,DP00360,Divya G,Chennai,Car,Full-time,3.93,Y
360,DP00361,Deepak K,Pune,Scooter,Part-time,4.1,Y
361,DP00362,Deepak F,Delhi,Bike,Contract,4.15,Y
362,DP00363,Kiran K,Delhi,Scooter,Part-time,4.44,Y
363,DP00364,Priya C,Ahmedabad,Bike,Full-time,3.88,Y
364,DP00365,Vikas E,Mumbai,Bike,Part-time,4.52,Y
365,DP00366,Manoj R,Mumbai,Scooter,Part-time,4.15,Y
366,DP00367,Rahul U,Mumbai,Bike,Full-time,4.36,N
367,DP00368,Ananya V,Hyderabad,Bike,Part-time,3.71,Y
368,DP00369,Divya F,Kolkata,Car,Full-time,3.95,Y
369,DP00370,Arjun T,Delhi,Bike,Part-time,4.42,Y
370,DP00371,Manoj C,Pune,Scooter,Part-time,4.02,Y
371,DP00372,Ravi Y,Hyderabad,Bike,Full-time,4.04,Y
372,DP00373,Ananya C,Ahmedabad,Bike,Contract,4.66,Y
373,DP00374,Rahul B,Hyderabad,Bike,Full-time,4.46,Y
374,DP00375,Neha V,Chennai,Bike,Full-time,4.25,Y
375,DP00376,Divya B,Bengaluru,Scooter,Full-time,4.14,Y
376,DP00377,Priya M,Bengaluru,Scooter,Part-time,4.69,Y
377,DP00378,Sneha O,Hyderabad,Scooter,Full-time,4.27,Y
378,DP00379,Rakesh Z,Chennai,Bike,Full-time,4.25,N
379,DP00380,Santosh Z,Bengaluru,Scooter,Full-time,4.71,Y
380,DP00381,Divya O,Bengaluru,Scooter,Full-time,4.22,N
381,DP00382,Ravi Z,Ahmedabad,Bike,Full-time,3.96,Y
382,DP00383,Rakesh Z,Pune,Cycle,Contract,3.79,Y
383,DP00384,Vikas T,Bengaluru,Bike,Contract,4.49,Y
384,DP00385,Arjun M,Kolkata,Scooter,Contract,4.56,Y
385,DP00386,Rakesh E,Mumbai,Bike,Part-time,4.57,Y
386,DP00387,Arjun G,Kolkata,Scooter,Contract,4.47,Y
387,DP00388,Deepak I,Mumbai,Scooter,Part-time,3.81,Y
388,DP00389,Rakesh I,Delhi,Bike,Full-time,3.68,Y
389,DP00390,Deepak Y,Chennai,Bike,Full-time,4.42,N
390,DP00391,Shreya U,Hyderabad,Scooter,Part-time,4.11,Y
391,DP00392,Ananya J,Delhi,Scooter,Part-time,3.99,Y
392,DP00393,Amit G,Delhi,Bike,Part-time,4.28,Y
393,DP00394,Rahul V,Mumbai,Scooter,Full-time,4.59,Y
394,DP00395,Divya L,Delhi,Cycle,Part-time,4.57,Y
395,DP00396,Santosh V,Mumbai,Cycle,Contract,4.41,N
396,DP00397,Divya J,Chennai,Bike,Part-time,4.14,N
397,DP00398,Manoj R,Pune,Scooter,Full-time,4.19,Y
398,DP00399,Shreya F,Ahmedabad,Cycle,Contract,4.86,Y
399,DP00400,Neha K,Bengaluru,Bike,Full-time,4.37,Y
400,DP00401,Manoj H,Bengaluru,Bike,Full-time,4.09,Y
401,DP00402,Ravi W,Delhi,Bike,Full-time,4.22,Y
402,DP00403,Ananya M,Mumbai,Bike,Full-time,3.78,Y
403,DP00404,Meena D,Hyderabad,Scooter,Part-time,4.53,Y
404,DP00405,Kiran Q,Kolkata,Scooter,Contract,4.32,Y
405,DP00406,Pooja B,Delhi,Scooter,Full-time,4.21,Y
406,DP00407,Pooja B,Chennai,Cycle,Full-time,4.35,Y
407,DP00408,Meena V,Chennai,Scooter,Full-time,3.97,Y
408,DP00409,Manoj F,Mumbai,Scooter,Part-time,4.46,Y
409,DP00410,Ananya F,Bengaluru,Scooter,Part-time,4.25,Y
410,DP00411,Priya I,Pune,Bike,Full-time,4.23,Y
411,DP00412,Shreya Y,Bengaluru,Scooter,Part-time,4.42,Y
412,DP00413,Vikas M,Bengaluru,Scooter,Full-time,4.01,Y
413,DP00414,Amit R,Bengaluru,Bike,Part-time,4.32,Y
414,DP00415,Priya P,Delhi,Bike,Part-time,4.07,Y
415,DP00416,Priya X,Bengaluru,Bike,Full-time,4.56,Y
416,DP00417,Ananya D,Mumbai,Bike,Part-time,4.03,Y
417,DP00418,Priya G,Bengaluru,Scooter,Contract,4.47,Y
418,DP00419,Nikhil L,Bengaluru,Car,Part-time,4.3,Y
419,DP00420,Neha F,Bengaluru,Cycle,Part-time,4.29,Y
420,DP00421,Deepak J,Bengaluru,Bike,Part-time,4.16,Y
421,DP00422,Ravi W,Mumbai,Scooter,Full-time,4.71,Y
422,DP00423,Nikhil O,Bengaluru,Bike,Full-time,3.93,Y
423,DP00424,Nikhil H,Mumbai,Scooter,Part-time,4.61,Y
424,DP00425,Shreya P,Delhi,Bike,Part-time,4.79,Y
425,DP00426,Arjun W,Mumbai,Bike,Contract,4.35,N
426,DP00427,Santosh Z,Bengaluru,Scooter,Full-time,4.32,Y
427,DP00428,Suresh A,Kolkata,Bike,Full-time,4.46,Y
428,DP00429,Priya R,Bengaluru,Bike,Full-time,4.22,Y
429,DP00430,Arjun P,Delhi,Scooter,Part-time,4.53,Y
430,DP00431,Priya Y,Mumbai,Cycle,Full-time,4.03,Y
431,DP00432,Divya N,Pune,Cycle,Full-time,3.67,Y
432,DP00433,Sneha D,Chennai,Bike,Part-time,3.77,Y
433,DP00434,Amit Q,Delhi,Bike,Part-time,4.26,Y
434,DP00435,Ravi O,Hyderabad,Cycle,Part-time,4.41,N
435,DP00436,Pooja N,Delhi,Bike,Part-time,4.25,Y
436,DP00437,Shreya T,Mumbai,Car,Contract,4.28,Y
437,DP00438,Priya R,Delhi,Cycle,Part-time,4.24,Y
438,DP00439,Vikas U,Kolkata,Bike,Part-time,4.2,Y
439,DP00440,Priya V,Bengaluru,Scooter,Full-time,4.55,Y
440,DP00441,Ananya W,Delhi,Scooter,Part-time,4.31,Y
441,DP00442,Suresh B,Pune,Scooter,Part-time,4.47,Y
442,DP00443,Amit P,Ahmedabad,Bike,Full-time,4.4,Y
443,DP00444,Kiran U,Bengaluru,Scooter,Full-time,4.73,Y
444,DP00445,Meena O,Chennai,Bike,Full-time,4.47,Y
445,DP00446,Manoj V,Mumbai,Cycle,Full-time,4.13,Y
446,DP00447,Ravi Y,Chennai,Car,Full-time,4.09,N
447,DP00448,Sneha K,Ahmedabad,Bike,Part-time,4.24,Y
448,DP00449,Priya F,Chennai,Cycle,Contract,4.3,N
449,DP00450,Neha K,Bengaluru,Bike,Part-time,4.6,Y
450,DP00451,Rahul F,Bengaluru,Scooter,Part-time,4.06,N
451,DP00452,Suresh T,Bengaluru,Bike,Full-time,4.68,Y
452,DP00453,Rahul J,Hyderabad,Bike,Part-time,3.82,Y
453,DP00454,Kiran D,Kolkata,Bike,Full-time,4.51,Y
454,DP00455,Ananya R,Pune,Scooter,Part-time,4.78,Y
455,DP00456,Ananya F,Bengaluru,Bike,Full-time,4.16,Y
456,DP00457,Amit T,Delhi,Scooter,Full-time,4.42,Y
457,DP00458,Deepak F,Delhi,Cycle,Full-time,4.26,Y
458,DP00459,Arjun S,Ahmedabad,Scooter,Contract,4.17,Y
459,DP00460,Rakesh D,Mumbai,Scooter,Contract,4.04,N
460,DP00461,Meena L,Delhi,Bike,Part-time,4.27,Y
461,DP00462,Arjun C,Pune,Scooter,Contract,3.78,Y
462,DP00463,Vikas I,Chennai,Bike,Part-time,4.3,Y
463,DP00464,Shreya Y,Mumbai,Bike,Part-time,3.96,N
464,DP00465,Manoj H,Hyderabad,Scooter,Full-time,4.65,Y
465,DP00466,Sneha L,Delhi,Scooter,Full-time,4.38,Y
466,DP00467,Rahul L,Ahmedabad,Scooter,Full-time,4.46,Y
467,DP00468,Pooja K,Chennai,Bike,Part-time,3.19,N
468,DP00469,Arjun H,Mumbai,Scooter,Contract,4.35,Y
469,DP00470,Kiran H,Bengaluru,Bike,Full-time,3.88,Y
470,DP00471,Rahul M,Mumbai,Scooter,Part-time,3.84,Y
471,DP00472,Sneha K,Delhi,Scooter,Full-time,4.45,Y
472,DP00473,Nikhil C,Bengaluru,Bike,Full-time,4.09,Y
473,DP00474,Shreya T,Delhi,Scooter,Full-time,4.02,Y
474,DP00475,Manoj R,Kolkata,Scooter,Part-time,4.81,Y
475,DP00476,Kiran M,Delhi,Scooter,Full-time,3.83,Y
476,DP00477,Arjun C,Bengaluru,Bike,Full-time,4.32,Y
477,DP00478,Divya V,Bengaluru,Car,Part-time,4.15,Y
478,DP00479,Vikas A,Bengaluru,Bike,Contract,4.0,Y
479,DP00480,Rakesh K,Mumbai,Bike,Part-time,4.36,Y
480,DP00481,Pooja C,Mumbai,Bike,Contract,4.25,Y
481,DP00482,Amit R,Mumbai,Scooter,Full-time,4.19,Y
482,DP00483,Amit J,Mumbai,Bike,Part-time,4.19,Y
483,DP00484,Divya C,Delhi,Bike,Full-time,4.11,Y
484,DP00485,Rakesh T,Hyderabad,Scooter,Contract,4.33,Y
485,DP00486,Sneha J,Pune,Bike,Contract,3.83,Y
486,DP00487,Sneha R,Bengaluru,Scooter,Contract,4.41,Y
487,DP00488,Deepak X,Pune,Bike,Part-time,3.89,Y
488,DP00489,Nikhil R,Mumbai,Scooter,Full-time,4.3,Y
489,DP00490,Vikas F,Bengaluru,Scooter,Full-time,4.33,N
490,DP00491,Ravi H,Mumbai,Scooter,Full-time,4.59,Y
491,DP00492,Neha A,Mumbai,Scooter,Part-time,3.77,Y
492,DP00493,Amit O,Hyderabad,Scooter,Contract,4.42,N
493,DP00494,Kiran V,Kolkata,Bike,Full-time,4.45,Y
494,DP00495,Pooja T,Bengaluru,Scooter,Full-time,3.94,Y
495,DP00496,Nikhil F,Bengaluru,Cycle,Part-time,4.8,Y
496,DP00497,Santosh L,Delhi,Bike,Part-time,4.55,Y
497,DP00498,Ananya M,Delhi,Scooter,Full-time,4.61,Y
498,DP00499,Deepak F,Hyderabad,Scooter,Full-time,3.68,Y
499,DP00500,Rakesh I,Hyderabad,Bike,Part-time,4.12,Y
500,DP00501,Ananya T,Delhi,Car,Contract,4.06,Y
501,DP00502,Neha S,Bengaluru,Bike,Full-time,4.04,Y
502,DP00503,Pooja C,Bengaluru,Bike,Full-time,4.01,Y
503,DP00504,Amit M,Delhi,Cycle,Part-time,4.47,Y
504,DP00505,Ananya S,Bengaluru,Scooter,Part-time,3.93,N
505,DP00506,Santosh M,Bengaluru,Cycle,Full-time,4.28,N
506,DP00507,Ananya X,Hyderabad,Scooter,Part-time,3.54,Y
507,DP00508,Rahul W,Delhi,Scooter,Full-time,4.32,Y
508,DP00509,Manoj Z,Mumbai,Scooter,Part-time,4.03,Y
509,DP00510,Santosh W,Delhi,Bike,Contract,3.93,Y
510,DP00511,Amit B,Mumbai,Scooter,Part-time,4.28,N
511,DP00512,Manoj B,Kolkata,Bike,Full-time,3.92,Y
512,DP00513,Divya C,Mumbai,Scooter,Full-time,4.12,Y
513,DP00514,Pooja O,Ahmedabad,Scooter,Part-time,4.03,Y
514,DP00515,Shreya V,Delhi,Scooter,Part-time,4.41,Y
515,DP00516,Priya N,Hyderabad,Bike,Part-time,4.08,Y
516,DP00517,Rahul K,Chennai,Scooter,Full-time,4.08,Y
517,DP00518,Sneha H,Delhi,Scooter,Part-time,3.95,Y
518,DP00519,Ravi Q,Ahmedabad,Bike,Full-time,3.9,Y
519,DP00520,Amit S,Ahmedabad,Cycle,Contract,4.61,Y
520,DP00521,Ravi X,Mumbai,Scooter,Part-time,4.19,Y
521,DP00522,Santosh P,Ahmedabad,Car,Contract,4.41,Y
522,DP00523,Meena F,Kolkata,Scooter,Part-time,4.43,Y
523,DP00524,Ananya X,Delhi,Scooter,Contract,3.75,Y
524,DP00525,Deepak I,Bengaluru,Scooter,Contract,4.51,N
525,DP00526,Amit Y,Pune,Scooter,Contract,4.33,Y
526,DP00527,Suresh Z,Hyderabad,Scooter,Full-time,4.38,Y
527,DP00528,Priya V,Ahmedabad,Scooter,Part-time,4.02,Y
528,DP00529,Priya Y,Chennai,Scooter,Part-time,4.81,Y
529,DP00530,Pooja A,Hyderabad,Scooter,Contract,3.51,N
530,DP00531,Suresh Z,Bengaluru,Scooter,Contract,4.4,Y
531,DP00532,Arjun I,Bengaluru,Scooter,Part-time,4.33,Y
532,DP00533,Santosh M,Bengaluru,Scooter,Part-time,3.85,N
533,DP00534,Vikas Y,Mumbai,Scooter,Contract,3.62,Y
534,DP00535,Santosh Q,Bengaluru,Scooter,Part-time,4.16,Y
535,DP00536,Nikhil K,Bengaluru,Scooter,Part-time,3.87,Y
536,DP00537,Rakesh K,Pune,Bike,Full-time,4.35,Y
537,DP00538,Ananya D,Ahmedabad,Bike,Contract,4.36,Y
538,DP00539,Pooja Z,Mumbai,Bike,Contract,4.2,Y
539,DP00540,Amit J,Pune,Scooter,Full-time,3.96,Y
540,DP00541,Suresh T,Chennai,Scooter,Full-time,4.1,Y
541,DP00542,Santosh C,Bengaluru,Bike,Full-time,4.12,Y
542,DP00543,Pooja V,Bengaluru,Scooter,Full-time,3.84,Y
543,DP00544,Rahul U,Hyderabad,Scooter,Contract,4.14,Y
544,DP00545,Santosh M,Hyderabad,Scooter,Contract,4.42,Y
545,DP00546,Rakesh M,Bengaluru,Scooter,Full-time,5.0,Y
546,DP00547,Manoj U,Delhi,Scooter,Full-time,3.74,Y
547,DP00548,Ananya N,Pune,Cycle,Full-time,4.29,N
548,DP00549,Suresh Q,Chennai,Scooter,Full-time,4.26,Y
549,DP00550,Priya N,Mumbai,Scooter,Full-time,4.11,Y
550,DP00551,Priya T,Pune,Scooter,Contract,3.92,Y
551,DP00552,Pooja N,Hyderabad,Scooter,Full-time,4.5,Y
552,DP00553,Neha W,Pune,Scooter,Part-time,4.39,Y
553,DP00554,Kiran L,Delhi,Cycle,Full-time,4.35,Y
554,DP00555,Santosh P,Pune,Bike,Part-time,4.35,Y
555,DP00556,Divya B,Hyderabad,Scooter,Contract,4.17,Y
556,DP00557,Deepak G,Chennai,Bike,Part-time,4.32,Y
557,DP00558,Rahul P,Chennai,Bike,Full-time,4.61,Y
558,DP00559,Divya W,Bengaluru,Cycle,Full-time,3.89,Y
559,DP00560,Vikas D,Hyderabad,Scooter,Full-time,4.19,Y
560,DP00561,Arjun W,Ahmedabad,Bike,Full-time,4.22,Y
561,DP00562,Nikhil S,Mumbai,Bike,Full-time,4.68,Y
562,DP00563,Suresh S,Kolkata,Bike,Full-time,3.64,Y
563,DP00564,Rahul E,Bengaluru,Bike,Full-time,4.04,Y
564,DP00565,Rahul S,Ahmedabad,Scooter,Full-time,4.66,Y
565,DP00566,Priya I,Pune,Scooter,Full-time,4.48,Y
566,DP00567,Suresh X,Bengaluru,Bike,Part-time,4.09,Y
567,DP00568,Pooja H,Bengaluru,Scooter,Full-time,4.19,Y
568,DP00569,Pooja J,Bengaluru,Bike,Part-time,4.24,Y
569,DP00570,Vikas E,Mumbai,Car,Full-time,3.68,Y
570,DP00571,Suresh I,Pune,Bike,Full-time,3.93,Y
571,DP00572,Rakesh T,Pune,Bike,Part-time,3.91,Y
572,DP00573,Amit U,Bengaluru,Bike,Part-time,4.11,Y
573,DP00574,Kiran K,Bengaluru,Scooter,Part-time,4.19,N
574,DP00575,Kiran A,Delhi,Bike,Full-time,4.26,Y
575,DP00576,Amit L,Chennai,Bike,Full-time,3.87,Y
576,DP00577,Pooja W,Hyderabad,Scooter,Contract,4.14,Y
577,DP00578,Pooja O,Chennai,Car,Part-time,4.24,Y
578,DP00579,Divya R,Mumbai,Scooter,Part-time,3.95,Y
579,DP00580,Amit S,Bengaluru,Bike,Part-time,3.72,Y
580,DP00581,Suresh U,Mumbai,Car,Part-time,4.12,Y
581,DP00582,Priya C,Bengaluru,Scooter,Part-time,4.25,Y
582,DP00583,Nikhil E,Bengaluru,Scooter,Full-time,4.17,Y
583,DP00584,Vikas K,Ahmedabad,Bike,Full-time,4.12,Y
584,DP00585,Kiran I,Bengaluru,Bike,Full-time,4.54,Y
585,DP00586,Shreya K,Bengaluru,Cycle,Contract,4.41,Y
586,DP00587,Nikhil M,Kolkata,Bike,Full-time,4.23,N
587,DP00588,Kiran I,Mumbai,Scooter,Contract,4.05,Y
588,DP00589,Nikhil I,Bengaluru,Bike,Full-time,4.91,Y
589,DP00590,Sneha Q,Chennai,Scooter,Part-time,4.62,Y
590,DP00591,Nikhil F,Kolkata,Cycle,Full-time,3.55,N
591,DP00592,Nikhil M,Kolkata,Bike,Full-time,4.18,Y
592,DP00593,Meena B,Bengaluru,Scooter,Part-time,4.27,Y
593,DP00594,Ravi O,Bengaluru,Bike,Part-time,4.06,N
594,DP00595,Arjun O,Bengaluru,Bike,Full-time,4.57,Y
595,DP00596,Arjun I,Bengaluru,Bike,Full-time,4.36,Y
596,DP00597,Shreya B,Delhi,Bike,Full-time,4.68,Y
597,DP00598,Shreya B,Ahmedabad,Scooter,Full-time,3.42,Y
598,DP00599,Santosh G,Delhi,Scooter,Full-time,4.81,Y
599,DP00600,Santosh M,Delhi,Bike,Part-time,4.01,Y
600,DP00601,Ananya P,Ahmedabad,Bike,Full-time,3.86,Y
601,DP00602,Neha C,Mumbai,Scooter,Full-time,4.75,Y
602,DP00603,Santosh N,Delhi,Scooter,Contract,3.79,Y
603,DP00604,Amit I,Delhi,Cycle,Full-time,3.88,Y
604,DP00605,Divya P,Bengaluru,Car,Full-time,4.02,Y
605,DP00606,Neha P,Ahmedabad,Bike,Full-time,4.01,Y
606,DP00607,Meena Y,Kolkata,Bike,Part-time,4.41,Y
607,DP00608,Shreya E,Bengaluru,Bike,Part-time,3.98,Y
608,DP00609,Meena O,Delhi,Scooter,Full-time,3.72,Y
609,DP00610,Pooja S,Delhi,Scooter,Full-time,3.81,Y
610,DP00611,Rahul X,Pune,Bike,Contract,4.66,N
611,DP00612,Rakesh L,Hyderabad,Scooter,Full-time,4.32,Y
612,DP00613,Ravi U,Delhi,Cycle,Part-time,4.12,Y
613,DP00614,Manoj T,Delhi,Scooter,Part-time,4.42,Y
614,DP00615,Sneha R,Bengaluru,Bike,Full-time,4.31,Y
615,DP00616,Sneha G,Delhi,Scooter,Full-time,4.09,Y
616,DP00617,Ananya M,Pune,Cycle,Full-time,4.59,Y
617,DP00618,Ravi P,Bengaluru,Bike,Part-time,4.45,Y
618,DP00619,Amit N,Chennai,Bike,Full-time,4.23,Y
619,DP00620,Sneha Y,Pune,Scooter,Contract,4.78,Y
620,DP00621,Meena L,Bengaluru,Bike,Full-time,4.55,Y
621,DP00622,Divya X,Bengaluru,Bike,Part-time,4.55,Y
622,DP00623,Pooja W,Hyderabad,Cycle,Part-time,4.2,Y
623,DP00624,Nikhil C,Chennai,Cycle,Full-time,4.45,Y
624,DP00625,Ravi J,Chennai,Scooter,Full-time,3.75,Y
625,DP00626,Santosh R,Bengaluru,Scooter,Full-time,4.11,Y
626,DP00627,Divya T,Kolkata,Bike,Contract,3.87,Y
627,DP00628,Santosh N,Pune,Cycle,Part-time,3.84,Y
628,DP00629,Ravi W,Delhi,Bike,Full-time,4.11,Y
629,DP00630,Amit L,Delhi,Bike,Contract,4.12,Y
630,DP00631,Shreya L,Hyderabad,Scooter,Contract,3.58,Y
631,DP00632,Priya T,Ahmedabad,Bike,Full-time,4.16,Y
632,DP00633,Divya R,Ahmedabad,Bike,Full-time,3.72,Y
633,DP00634,Vikas T,Delhi,Scooter,Full-time,4.26,Y
634,DP00635,Divya M,Delhi,Bike,Contract,4.07,Y
635,DP00636,Pooja U,Delhi,Cycle,Part-time,4.29,Y
636,DP00637,Divya P,Chennai,Bike,Full-time,4.41,N
637,DP00638,Manoj T,Pune,Scooter,Full-time,3.81,Y
638,DP00639,Amit C,Pune,Bike,Contract,4.41,Y
639,DP00640,Pooja W,Mumbai,Scooter,Contract,3.96,Y
640,DP00641,Priya L,Delhi,Bike,Full-time,3.84,Y
641,DP00642,Kiran E,Ahmedabad,Cycle,Full-time,4.56,Y
642,DP00643,Ananya Y,Bengaluru,Bike,Full-time,4.03,Y
643,DP00644,Rahul K,Delhi,Scooter,Full-time,4.48,N
644,DP00645,Deepak H,Mumbai,Cycle,Contract,4.04,Y
645,DP00646,Manoj C,Ahmedabad,Bike,Full-time,4.5,Y
646,DP00647,Amit N,Mumbai,Car,Contract,4.03,Y
647,DP00648,Pooja T,Ahmedabad,Bike,Part-time,3.85,Y
648,DP00649,Rakesh A,Bengaluru,Cycle,Full-time,4.18,N
649,DP00650,Pooja D,Delhi,Scooter,Part-time,4.53,Y
650,DP00651,Vikas E,Chennai,Bike,Full-time,3.92,Y
651,DP00652,Shreya R,Delhi,Scooter,Part-time,4.26,N
652,DP00653,Priya R,Kolkata,Car,Part-time,4.71,Y
653,DP00654,Meena L,Hyderabad,Bike,Part-time,3.86,N
654,DP00655,Ananya Z,Mumbai,Scooter,Full-time,4.16,Y
655,DP00656,Deepak V,Pune,Scooter,Part-time,4.34,Y
656,DP00657,Neha X,Bengaluru,Car,Full-time,4.38,Y
657,DP00658,Priya I,Delhi,Scooter,Full-time,4.85,Y
658,DP00659,Kiran A,Hyderabad,Bike,Full-time,4.55,Y
659,DP00660,Neha X,Hyderabad,Bike,Full-time,3.69,Y
660,DP00661,Santosh C,Mumbai,Scooter,Contract,4.34,Y
661,DP00662,Amit U,Hyderabad,Bike,Full-time,4.14,Y
662,DP00663,Sneha I,Chennai,Scooter,Contract,3.89,Y
663,DP00664,Meena T,Bengaluru,Scooter,Contract,4.33,N
664,DP00665,Amit F,Bengaluru,Bike,Full-time,3.58,Y
665,DP00666,Priya N,Mumbai,Bike,Contract,4.81,Y
666,DP00667,Arjun I,Pune,Scooter,Full-time,4.12,Y
667,DP00668,Suresh Z,Ahmedabad,Bike,Full-time,4.36,Y
668,DP00669,Santosh Q,Pune,Scooter,Full-time,4.17,Y
669,DP00670,Divya G,Delhi,Scooter,Part-time,4.25,Y
670,DP00671,Ananya J,Delhi,Bike,Part-time,4.3,Y
671,DP00672,Amit L,Bengaluru,Bike,Full-time,3.74,Y
672,DP00673,Priya J,Pune,Cycle,Part-time,4.28,Y
673,DP00674,Priya Z,Mumbai,Bike,Contract,4.04,N
674,DP00675,Shreya S,Delhi,Bike,Part-time,4.65,Y
675,DP00676,Arjun N,Mumbai,Bike,Part-time,4.73,Y
676,DP00677,Rahul Z,Bengaluru,Bike,Contract,4.44,N
677,DP00678,Priya Y,Bengaluru,Cycle,Part-time,4.4,Y
678,DP00679,Neha D,Pune,Bike,Full-time,3.69,Y
679,DP00680,Vikas K,Hyderabad,Scooter,Contract,4.65,Y
680,DP00681,Shreya R,Mumbai,Scooter,Full-time,4.64,Y
681,DP00682,Santosh G,Bengaluru,Cycle,Part-time,4.55,Y
682,DP00683,Shreya I,Bengaluru,Bike,Full-time,3.9,N
683,DP00684,Manoj X,Bengaluru,Cycle,Full-time,4.03,N
684,DP00685,Santosh O,Mumbai,Bike,Contract,4.27,Y
685,DP00686,Kiran C,Kolkata,Scooter,Part-time,4.34,Y
686,DP00687,Divya T,Bengaluru,Scooter,Part-time,4.16,Y
687,DP00688,Deepak J,Bengaluru,Cycle,Part-time,4.07,Y
688,DP00689,Manoj S,Kolkata,Bike,Part-time,3.73,Y
689,DP00690,Santosh K,Bengaluru,Cycle,Full-time,4.19,Y
690,DP00691,Meena C,Mumbai,Cycle,Part-time,4.38,Y
691,DP00692,Shreya Y,Delhi,Bike,Full-time,3.72,Y
692,DP00693,Santosh F,Pune,Bike,Full-time,4.23,Y
693,DP00694,Rakesh T,Ahmedabad,Scooter,Contract,3.71,Y
694,DP00695,Vikas E,Delhi,Bike,Contract,4.63,Y
695,DP00696,Shreya Y,Chennai,Scooter,Part-time,4.63,Y
696,DP00697,Divya J,Chennai,Bike,Full-time,4.42,Y
697,DP00698,Pooja E,Kolkata,Bike,Full-time,4.24,Y
698,DP00699,Sneha C,Bengaluru,Bike,Part-time,3.83,Y
699,DP00700,Nikhil Z,Delhi,Scooter,Part-time,4.24,Y
700,DP00701,Nikhil Q,Delhi,Scooter,Part-time,3.71,Y
701,DP00702,Ananya Y,Bengaluru,Bike,Part-time,4.11,Y
702,DP00703,Suresh I,Delhi,Scooter,Full-time,3.64,Y
703,DP00704,Ravi B,Bengaluru,Bike,Part-time,4.09,Y
704,DP00705,Vikas A,Bengaluru,Bike,Part-time,4.34,N
705,DP00706,Shreya A,Chennai,Scooter,Contract,4.45,Y
706,DP00707,Vikas W,Hyderabad,Scooter,Full-time,4.18,Y
707,DP00708,Vikas B,Bengaluru,Scooter,Contract,3.45,N
708,DP00709,Neha J,Delhi,Scooter,Part-time,4.68,Y
709,DP00710,Sneha W,Mumbai,Bike,Part-time,3.65,Y
710,DP00711,Deepak K,Delhi,Scooter,Full-time,3.98,Y
711,DP00712,Pooja N,Ahmedabad,Cycle,Full-time,4.02,Y
712,DP00713,Vikas R,Bengaluru,Bike,Full-time,4.73,Y
713,DP00714,Nikhil C,Hyderabad,Scooter,Full-time,4.27,Y
714,DP00715,Arjun N,Bengaluru,Car,Part-time,4.63,Y
715,DP00716,Suresh S,Mumbai,Bike,Part-time,4.1,N
716,DP00717,Rakesh G,Hyderabad,Scooter,Part-time,3.98,Y
717,DP00718,Priya S,Mumbai,Cycle,Full-time,4.47,Y
718,DP00719,Sneha O,Delhi,Bike,Full-time,4.02,Y
719,DP00720,Rahul C,Ahmedabad,Bike,Part-time,4.7,Y
720,DP00721,Suresh X,Kolkata,Scooter,Full-time,3.79,Y
721,DP00722,Vikas Z,Mumbai,Scooter,Full-time,4.22,Y
722,DP00723,Suresh C,Mumbai,Scooter,Contract,4.38,Y
723,DP00724,Arjun X,Bengaluru,Cycle,Full-time,4.02,Y
724,DP00725,Amit V,Mumbai,Bike,Full-time,4.14,Y
725,DP00726,Kiran H,Bengaluru,Bike,Full-time,4.1,Y
726,DP00727,Rakesh F,Delhi,Scooter,Contract,3.89,Y
727,DP00728,Suresh J,Kolkata,Scooter,Part-time,4.47,Y
728,DP00729,Arjun A,Bengaluru,Cycle,Contract,4.37,Y
729,DP00730,Vikas U,Kolkata,Car,Full-time,4.0,Y
730,DP00731,Priya A,Mumbai,Bike,Contract,3.67,Y
731,DP00732,Arjun U,Mumbai,Cycle,Contract,4.24,Y
732,DP00733,Santosh I,Ahmedabad,Bike,Full-time,4.59,Y
733,DP00734,Vikas F,Hyderabad,Scooter,Full-time,4.48,N
734,DP00735,Santosh Q,Ahmedabad,Scooter,Contract,4.32,Y
735,DP00736,Ravi A,Kolkata,Scooter,Full-time,4.36,N
736,DP00737,Nikhil U,Bengaluru,Scooter,Full-time,4.06,N
737,DP00738,Ravi F,Mumbai,Scooter,Full-time,4.46,Y
738,DP00739,Santosh F,Delhi,Bike,Full-time,4.13,N
739,DP00740,Meena L,Delhi,Bike,Full-time,4.21,Y
740,DP00741,Rakesh F,Mumbai,Bike,Contract,4.42,Y
741,DP00742,Meena E,Bengaluru,Bike,Contract,3.99,Y
742,DP00743,Rahul Z,Bengaluru,Scooter,Full-time,4.01,Y
743,DP00744,Deepak V,Mumbai,Cycle,Part-time,4.23,Y
744,DP00745,Vikas K,Kolkata,Car,Full-time,4.47,N
745,DP00746,Meena N,Chennai,Scooter,Contract,3.8,Y
746,DP00747,Neha S,Delhi,Cycle,Full-time,3.86,Y
747,DP00748,Manoj F,Kolkata,Scooter,Full-time,4.39,Y
748,DP00749,Kiran V,Bengaluru,Scooter,Part-time,4.23,Y
749,DP00750,Rahul A,Chennai,Bike,Full-time,4.45,N
750,DP00751,Manoj H,Delhi,Scooter,Full-time,3.82,Y
751,DP00752,Shreya X,Bengaluru,Scooter,Full-time,4.23,Y
752,DP00753,Meena T,Delhi,Bike,Part-time,4.69,Y
753,DP00754,Meena Y,Ahmedabad,Scooter,Full-time,4.21,Y
754,DP00755,Kiran U,Bengaluru,Car,Full-time,4.56,N
755,DP00756,Shreya D,Bengaluru,Bike,Full-time,3.98,N
756,DP00757,Meena B,Delhi,Scooter,Full-time,4.27,N
757,DP00758,Vikas O,Kolkata,Scooter,Full-time,3.96,Y
758,DP00759,Sneha E,Bengaluru,Bike,Part-time,4.08,Y
759,DP00760,Pooja T,Bengaluru,Bike,Full-time,4.51,Y
760,DP00761,Ravi P,Bengaluru,Scooter,Full-time,4.14,Y
761,DP00762,Deepak C,Ahmedabad,Scooter,Full-time,4.25,Y
762,DP00763,Deepak H,Mumbai,Bike,Contract,4.63,Y
763,DP00764,Manoj B,Mumbai,Bike,Contract,4.17,N
764,DP00765,Suresh A,Chennai,Scooter,Part-time,4.02,Y
765,DP00766,Ananya D,Kolkata,Scooter,Full-time,4.3,Y
766,DP00767,Arjun B,Kolkata,Bike,Full-time,3.97,Y
767,DP00768,Divya R,Bengaluru,Cycle,Part-time,3.82,Y
768,DP00769,Meena J,Pune,Cycle,Full-time,4.29,Y
769,DP00770,Ananya K,Mumbai,Bike,Full-time,4.24,Y
770,DP00771,Sneha A,Pune,Scooter,Full-time,3.95,Y
771,DP00772,Kiran Z,Ahmedabad,Cycle,Part-time,4.13,Y
772,DP00773,Vikas E,Kolkata,Scooter,Full-time,4.03,Y
773,DP00774,Sneha W,Mumbai,Bike,Full-time,4.29,N
774,DP00775,Manoj G,Kolkata,Scooter,Full-time,4.11,Y
775,DP00776,Ravi T,Bengaluru,Scooter,Contract,4.04,Y
776,DP00777,Rahul Q,Kolkata,Bike,Part-time,3.94,Y
777,DP00778,Neha D,Ahmedabad,Bike,Full-time,4.17,Y
778,DP00779,Suresh L,Hyderabad,Scooter,Contract,4.27,Y
779,DP00780,Shreya L,Delhi,Bike,Full-time,4.23,Y
780,DP00781,Suresh X,Delhi,Scooter,Contract,4.35,Y
781,DP00782,Deepak I,Kolkata,Bike,Full-time,4.77,Y
782,DP00783,Santosh F,Mumbai,Bike,Part-time,4.46,Y
783,DP00784,Priya C,Bengaluru,Bike,Contract,3.67,Y
784,DP00785,Rahul B,Kolkata,Scooter,Contract,4.15,Y
785,DP00786,Vikas B,Delhi,Scooter,Full-time,3.72,N
786,DP00787,Kiran B,Kolkata,Bike,Part-time,4.62,Y
787,DP00788,Neha M,Bengaluru,Scooter,Full-time,3.87,Y
788,DP00789,Ravi T,Pune,Cycle,Part-time,4.39,N
789,DP00790,Arjun D,Bengaluru,Scooter,Part-time,4.14,Y
790,DP00791,Santosh U,Pune,Cycle,Full-time,4.48,Y
791,DP00792,Nikhil L,Chennai,Scooter,Full-time,4.46,Y
792,DP00793,Santosh D,Chennai,Scooter,Contract,4.06,Y
793,DP00794,Pooja L,Delhi,Bike,Part-time,4.16,Y
794,DP00795,Neha P,Delhi,Cycle,Part-time,3.97,Y
795,DP00796,Pooja U,Pune,Bike,Full-time,4.7,Y
796,DP00797,Sneha L,Bengaluru,Car,Full-time,4.27,Y
797,DP00798,Neha M,Mumbai,Car,Full-time,4.19,Y
798,DP00799,Pooja N,Ahmedabad,Scooter,Contract,3.98,Y
799,DP00800,Priya C,Chennai,Scooter,Contract,3.88,Y
800,DP00801,Ananya I,Delhi,Car,Part-time,4.52,Y
801,DP00802,Arjun Y,Ahmedabad,Car,Full-time,4.4,Y
802,DP00803,Deepak M,Ahmedabad,Bike,Full-time,4.1,Y
803,DP00804,Ravi I,Pune,Cycle,Contract,4.15,Y
804,DP00805,Priya N,Pune,Car,Full-time,3.83,N
805,DP00806,Ananya C,Mumbai,Scooter,Part-time,4.41,Y
806,DP00807,Arjun P,Bengaluru,Bike,Full-time,4.01,Y
807,DP00808,Nikhil X,Chennai,Bike,Full-time,4.08,Y
808,DP00809,Neha H,Kolkata,Scooter,Full-time,4.01,Y
809,DP00810,Rakesh P,Pune,Scooter,Part-time,4.02,Y
810,DP00811,Priya A,Delhi,Cycle,Full-time,4.21,Y
811,DP00812,Divya B,Delhi,Scooter,Part-time,4.48,N
812,DP00813,Vikas C,Bengaluru,Bike,Part-time,4.04,Y
813,DP00814,Deepak G,Bengaluru,Bike,Full-time,4.42,Y
814,DP00815,Rahul F,Mumbai,Bike,Part-time,4.24,Y
815,DP00816,Santosh P,Delhi,Bike,Full-time,4.17,Y
816,DP00817,Kiran N,Ahmedabad,Scooter,Part-time,4.22,Y
817,DP00818,Santosh Q,Mumbai,Scooter,Full-time,4.23,Y
818,DP00819,Vikas N,Chennai,Bike,Full-time,4.22,Y
819,DP00820,Sneha E,Delhi,Scooter,Part-time,4.11,Y
820,DP00821,Rahul F,Ahmedabad,Scooter,Full-time,4.28,Y
821,DP00822,Santosh B,Delhi,Bike,Full-time,4.32,Y
822,DP00823,Ananya K,Ahmedabad,Scooter,Part-time,4.5,Y
823,DP00824,Amit P,Bengaluru,Bike,Full-time,3.94,Y
824,DP00825,Neha H,Ahmedabad,Bike,Full-time,4.28,Y
825,DP00826,Priya F,Mumbai,Scooter,Full-time,3.88,N
826,DP00827,Rahul Q,Bengaluru,Bike,Full-time,3.94,Y
827,DP00828,Arjun F,Pune,Bike,Full-time,4.18,Y
828,DP00829,Vikas E,Chennai,Cycle,Full-time,4.45,Y
829,DP00830,Shreya A,Delhi,Scooter,Part-time,4.36,Y
830,DP00831,Ravi O,Chennai,Bike,Full-time,4.49,N
831,DP00832,Sneha F,Hyderabad,Bike,Full-time,4.82,Y
832,DP00833,Divya Q,Ahmedabad,Scooter,Full-time,4.06,Y
833,DP00834,Meena Z,Bengaluru,Cycle,Full-time,4.7,Y
834,DP00835,Arjun Z,Bengaluru,Scooter,Full-time,4.37,Y
835,DP00836,Ananya I,Pune,Bike,Contract,4.3,Y
836,DP00837,Amit A,Hyderabad,Scooter,Full-time,4.38,Y
837,DP00838,Ravi F,Bengaluru,Car,Part-time,3.97,N
838,DP00839,Nikhil J,Bengaluru,Scooter,Part-time,3.92,Y
839,DP00840,Pooja B,Pune,Scooter,Full-time,3.76,Y
840,DP00841,Manoj O,Bengaluru,Bike,Full-time,4.75,Y
841,DP00842,Shreya F,Delhi,Scooter,Full-time,3.96,Y
842,DP00843,Arjun Z,Delhi,Cycle,Part-time,3.82,Y
843,DP00844,Sneha M,Bengaluru,Scooter,Full-time,4.3,Y
844,DP00845,Ravi M,Kolkata,Scooter,Full-time,4.24,N
845,DP00846,Manoj O,Bengaluru,Bike,Contract,4.15,Y
846,DP00847,Rakesh K,Bengaluru,Scooter,Full-time,4.43,Y
847,DP00848,Deepak K,Ahmedabad,Scooter,Part-time,4.36,Y
848,DP00849,Amit E,Bengaluru,Cycle,Full-time,4.34,Y
849,DP00850,Suresh Z,Kolkata,Bike,Full-time,4.53,Y
850,DP00851,Amit I,Bengaluru,Bike,Contract,4.2,Y
851,DP00852,Divya P,Delhi,Bike,Contract,4.26,Y
852,DP00853,Deepak I,Pune,Bike,Contract,3.78,Y
853,DP00854,Amit K,Chennai,Scooter,Part-time,4.11,Y
854,DP00855,Suresh E,Ahmedabad,Scooter,Contract,4.34,Y
855,DP00856,Deepak M,Mumbai,Scooter,Full-time,4.44,Y
856,DP00857,Ananya D,Ahmedabad,Bike,Full-time,4.81,Y
857,DP00858,Ravi D,Kolkata,Bike,Part-time,4.11,Y
858,DP00859,Sneha A,Kolkata,Bike,Contract,4.27,Y
859,DP00860,Divya B,Mumbai,Cycle,Full-time,4.35,Y
860,DP00861,Pooja D,Mumbai,Bike,Part-time,4.26,Y
861,DP00862,Vikas C,Mumbai,Cycle,Full-time,4.89,Y
862,DP00863,Manoj L,Hyderabad,Scooter,Contract,4.12,Y
863,DP00864,Rakesh H,Bengaluru,Scooter,Part-time,4.04,Y
864,DP00865,Ananya T,Kolkata,Cycle,Full-time,3.87,Y
865,DP00866,Rakesh N,Bengaluru,Scooter,Part-time,4.41,Y
866,DP00867,Ravi J,Mumbai,Bike,Part-time,3.86,Y
867,DP00868,Pooja A,Mumbai,Bike,Part-time,4.33,Y
868,DP00869,Rahul B,Kolkata,Bike,Full-time,4.45,Y
869,DP00870,Arjun V,Hyderabad,Bike,Part-time,4.26,Y
870,DP00871,Pooja T,Delhi,Bike,Full-time,4.17,Y
871,DP00872,Sneha N,Ahmedabad,Scooter,Contract,4.19,Y
872,DP00873,Amit G,Bengaluru,Bike,Part-time,4.23,Y
873,DP00874,Sneha Y,Hyderabad,Bike,Part-time,4.21,Y
874,DP00875,Santosh W,Pune,Bike,Contract,4.32,N
875,DP00876,Meena B,Ahmedabad,Scooter,Part-time,4.3,Y
876,DP00877,Nikhil X,Bengaluru,Bike,Contract,4.16,Y
877,DP00878,Rahul H,Delhi,Bike,Part-time,4.48,Y
878,DP00879,Meena Z,Mumbai,Scooter,Full-time,4.07,Y
879,DP00880,Ravi W,Chennai,Cycle,Part-time,4.28,Y
880,DP00881,Meena N,Kolkata,Scooter,Full-time,4.26,Y
881,DP00882,Priya G,Ahmedabad,Scooter,Contract,4.14,Y
882,DP00883,Kiran B,Kolkata,Scooter,Full-time,3.87,Y
883,DP00884,Divya K,Bengaluru,Bike,Part-time,4.31,Y
884,DP00885,Kiran G,Chennai,Cycle,Full-time,3.85,N
885,DP00886,Arjun Y,Bengaluru,Scooter,Full-time,4.42,Y
886,DP00887,Sneha A,Bengaluru,Cycle,Contract,3.88,Y
887,DP00888,Pooja I,Chennai,Scooter,Full-time,4.44,Y
888,DP00889,Kiran J,Kolkata,Bike,Full-time,4.02,Y
889,DP00890,Meena O,Chennai,Scooter,Part-time,3.98,Y
890,DP00891,Sneha O,Chennai,Scooter,Contract,3.95,N
891,DP00892,Suresh H,Bengaluru,Scooter,Part-time,4.26,Y
892,DP00893,Neha P,Mumbai,Scooter,Full-time,4.53,Y
893,DP00894,Neha M,Chennai,Bike,Part-time,3.71,Y
894,DP00895,Priya X,Mumbai,Car,Full-time,4.53,Y
895,DP00896,Suresh N,Bengaluru,Cycle,Full-time,4.37,Y
896,DP00897,Priya U,Bengaluru,Bike,Full-time,3.98,Y
897,DP00898,Rahul X,Delhi,Bike,Part-time,4.72,Y
898,DP00899,Pooja I,Hyderabad,Scooter,Contract,4.54,Y
899,DP00900,Ananya Y,Delhi,Car,Part-time,3.94,Y
900,DP00901,Deepak P,Bengaluru,Scooter,Contract,4.01,Y
901,DP00902,Amit C,Bengaluru,Cycle,Part-time,4.09,Y
902,DP00903,Priya Q,Mumbai,Scooter,Full-time,3.99,Y
903,DP00904,Rakesh T,Ahmedabad,Scooter,Full-time,3.89,N
904,DP00905,Priya B,Kolkata,Scooter,Full-time,4.44,Y
905,DP00906,Shreya V,Kolkata,Car,Contract,4.41,Y
906,DP00907,Meena D,Delhi,Bike,Contract,3.9,Y
907,DP00908,Ravi U,Hyderabad,Car,Full-time,4.5,Y
908,DP00909,Pooja Q,Mumbai,Car,Full-time,4.29,Y
909,DP00910,Arjun Z,Bengaluru,Scooter,Full-time,3.67,Y
910,DP00911,Ananya I,Delhi,Bike,Part-time,4.12,Y
911,DP00912,Manoj R,Pune,Cycle,Full-time,4.44,Y
912,DP00913,Sneha F,Kolkata,Scooter,Full-time,3.92,Y
913,DP00914,Santosh S,Kolkata,Bike,Full-time,4.01,Y
914,DP00915,Amit L,Kolkata,Bike,Part-time,4.36,Y
915,DP00916,Neha A,Kolkata,Scooter,Contract,4.18,Y
916,DP00917,Vikas P,Kolkata,Bike,Full-time,4.37,Y
917,DP00918,Amit B,Ahmedabad,Scooter,Full-time,4.08,Y
918,DP00919,Suresh I,Bengaluru,Cycle,Full-time,3.64,Y
919,DP00920,Nikhil U,Bengaluru,Bike,Part-time,4.25,Y
920,DP00921,Deepak H,Delhi,Bike,Part-time,3.76,Y
921,DP00922,Kiran Z,Chennai,Scooter,Part-time,3.92,N
922,DP00923,Priya P,Chennai,Scooter,Part-time,4.05,Y
923,DP00924,Pooja O,Chennai,Scooter,Full-time,4.4,Y
924,DP00925,Manoj J,Ahmedabad,Bike,Part-time,3.72,Y
925,DP00926,Neha J,Kolkata,Cycle,Full-time,4.82,Y
926,DP00927,Arjun V,Chennai,Bike,Full-time,4.34,Y
927,DP00928,Rahul A,Bengaluru,Cycle,Full-time,4.29,Y
928,DP00929,Rahul I,Pune,Scooter,Part-time,3.88,Y
929,DP00930,Ananya H,Mumbai,Bike,Full-time,4.47,Y
930,DP00931,Kiran Y,Bengaluru,Scooter,Part-time,4.84,Y
931,DP00932,Neha Y,Delhi,Cycle,Full-time,3.75,Y
932,DP00933,Nikhil I,Bengaluru,Bike,Part-time,4.67,Y
933,DP00934,Rahul A,Mumbai,Scooter,Contract,3.9,Y
934,DP00935,Ananya E,Bengaluru,Bike,Contract,4.41,Y
935,DP00936,Divya D,Hyderabad,Scooter,Full-time,4.18,Y
936,DP00937,Pooja Q,Ahmedabad,Car,Full-time,4.46,Y
937,DP00938,Arjun H,Bengaluru,Bike,Part-time,3.64,Y
938,DP00939,Nikhil D,Chennai,Cycle,Full-time,4.38,Y
939,DP00940,Rakesh Y,Hyderabad,Scooter,Full-time,3.97,Y
940,DP00941,Nikhil F,Bengaluru,Scooter,Full-time,3.99,Y
941,DP00942,Rakesh D,Delhi,Bike,Full-time,3.83,Y
942,DP00943,Ravi H,Pune,Scooter,Full-time,3.87,Y
943,DP00944,Shreya V,Bengaluru,Scooter,Part-time,4.15,Y
944,DP00945,Suresh T,Delhi,Cycle,Part-time,3.86,Y
945,DP00946,Neha Y,Chennai,Bike,Full-time,4.46,Y
946,DP00947,Arjun F,Bengaluru,Bike,Contract,4.52,Y
947,DP00948,Neha E,Bengaluru,Bike,Full-time,4.54,Y
948,DP00949,Vikas A,Ahmedabad,Scooter,Contract,4.2,Y
949,DP00950,Pooja V,Kolkata,Bike,Full-time,4.29,Y
950,DP00951,Sneha J,Bengaluru,Cycle,Part-time,4.55,Y
951,DP00952,Kiran N,Mumbai,Bike,Part-time,4.22,N
952,DP00953,Arjun M,Kolkata,Bike,Part-time,4.2,Y
953,DP00954,Ananya U,Delhi,Bike,Part-time,3.75,Y
954,DP00955,Vikas Q,Bengaluru,Bike,Part-time,4.34,Y
955,DP00956,Deepak P,Bengaluru,Cycle,Part-time,4.89,Y
956,DP00957,Divya R,Chennai,Bike,Full-time,4.01,Y
957,DP00958,Priya E,Bengaluru,Bike,Full-time,3.81,N
958,DP00959,Pooja N,Pune,Scooter,Contract,4.34,Y
959,DP00960,Priya Q,Mumbai,Cycle,Full-time,3.93,Y
960,DP00961,Sneha S,Chennai,Scooter,Full-time,4.07,Y
961,DP00962,Priya J,Delhi,Scooter,Full-time,4.28,Y
962,DP00963,Divya D,Hyderabad,Scooter,Full-time,4.48,Y
963,DP00964,Manoj O,Delhi,Scooter,Contract,3.68,Y
964,DP00965,Neha R,Hyderabad,Cycle,Contract,3.67,Y
965,DP00966,Sneha L,Mumbai,Bike,Full-time,3.88,N
966,DP00967,Neha S,Ahmedabad,Bike,Part-time,3.98,Y
967,DP00968,Neha H,Pune,Bike,Contract,4.35,Y
968,DP00969,Amit U,Delhi,Scooter,Full-time,4.17,Y
969,DP00970,Manoj H,Chennai,Bike,Contract,4.25,Y
970,DP00971,Ananya U,Bengaluru,Scooter,Full-time,4.2,N
971,DP00972,Ravi O,Kolkata,Bike,Full-time,4.61,Y
972,DP00973,Ananya B,Pune,Bike,Part-time,4.14,Y
973,DP00974,Rahul P,Bengaluru,Cycle,Full-time,4.29,Y
974,DP00975,Deepak K,Delhi,Bike,Full-time,3.88,Y
975,DP00976,Ananya K,Pune,Scooter,Part-time,4.35,Y
976,DP00977,Suresh G,Kolkata,Bike,Full-time,3.86,Y
977,DP00978,Shreya I,Pune,Bike,Part-time,3.86,Y
978,DP00979,Meena H,Kolkata,Bike,Full-time,4.28,Y
979,DP00980,Pooja O,Bengaluru,Bike,Part-time,4.17,Y
980,DP00981,Shreya P,Pune,Bike,Part-time,4.05,Y
981,DP00982,Divya Y,Bengaluru,Scooter,Contract,4.6,Y
982,DP00983,Manoj K,Mumbai,Cycle,Part-time,3.92,Y
983,DP00984,Shreya E,Delhi,Cycle,Full-time,4.41,Y
984,DP00985,Santosh B,Bengaluru,Scooter,Full-time,3.8,Y
985,DP00986,Rahul E,Kolkata,Bike,Full-time,4.31,Y
986,DP00987,Arjun O,Bengaluru,Scooter,Contract,4.77,Y
987,DP00988,Neha C,Mumbai,Cycle,Full-time,4.42,Y
988,DP00989,Manoj G,Delhi,Scooter,Full-time,4.35,Y
989,DP00990,Rahul E,Hyderabad,Cycle,Part-time,4.66,Y
990,DP00991,Nikhil A,Mumbai,Scooter,Full-time,4.55,Y
991,DP00992,Meena Q,Delhi,Car,Contract,4.38,Y
992,DP00993,Deepak L,Delhi,Scooter,Full-time,4.09,Y
993,DP00994,Sneha A,Delhi,Scooter,Contract,4.29,Y
994,DP00995,Kiran L,Mumbai,Car,Full-time,4.38,Y
995,DP00996,Sneha J,Delhi,Bike,Full-time,3.97,Y
996,DP00997,Amit B,Hyderabad,Cycle,Contract,4.16,Y
997,DP00998,Vikas D,Mumbai,Bike,Full-time,4.53,Y
998,DP00999,Meena R,Chennai,Scooter,Full-time,3.72,N
999,DP01000,Santosh O,Bengaluru,Bike,Contract,4.54,Y
1000,DP01001,Rahul Z,Mumbai,Bike,Full-time,4.31,Y
1001,DP01002,Priya L,Bengaluru,Scooter,Full-time,4.42,Y
1002,DP01003,Ananya N,Chennai,Cycle,Full-time,4.36,Y
1003,DP01004,Neha M,Bengaluru,Scooter,Part-time,4.04,N
1004,DP01005,Vikas M,Mumbai,Scooter,Part-time,4.34,Y
1005,DP01006,Amit X,Bengaluru,Bike,Part-time,3.96,Y
1006,DP01007,Rakesh X,Pune,Cycle,Full-time,4.37,N
1007,DP01008,Shreya W,Bengaluru,Scooter,Part-time,4.1,Y
1008,DP01009,Deepak D,Pune,Cycle,Full-time,4.13,Y
1009,DP01010,Amit A,Kolkata,Bike,Contract,4.21,Y
1010,DP01011,Sneha S,Chennai,Bike,Full-time,4.29,Y
1011,DP01012,Shreya S,Kolkata,Bike,Full-time,3.93,Y
1012,DP01013,Deepak U,Chennai,Bike,Contract,3.64,Y
1013,DP01014,Rahul X,Kolkata,Scooter,Part-time,4.25,Y
1014,DP01015,Sneha O,Delhi,Bike,Full-time,3.89,N
1015,DP01016,Suresh O,Delhi,Scooter,Part-time,3.53,Y
1016,DP01017,Neha K,Hyderabad,Scooter,Part-time,3.88,Y
1017,DP01018,Ravi N,Mumbai,Bike,Part-time,4.05,Y
1018,DP01019,Rakesh E,Mumbai,Bike,Part-time,4.0,Y
1019,DP01020,Deepak G,Mumbai,Scooter,Full-time,4.26,Y
1020,DP01021,Divya H,Hyderabad,Cycle,Full-time,3.98,Y
1021,DP01022,Divya W,Mumbai,Scooter,Part-time,3.89,Y
1022,DP01023,Neha G,Delhi,Bike,Part-time,4.04,N
1023,DP01024,Amit Y,Pune,Scooter,Full-time,4.27,Y
1024,DP01025,Vikas S,Kolkata,Bike,Full-time,4.32,Y
1025,DP01026,Kiran F,Ahmedabad,Scooter,Part-time,4.28,Y
1026,DP01027,Sneha B,Hyderabad,Scooter,Full-time,4.38,Y
1027,DP01028,Deepak J,Bengaluru,Cycle,Part-time,4.51,Y
1028,DP01029,Arjun T,Mumbai,Bike,Contract,3.81,Y
1029,DP01030,Kiran Z,Hyderabad,Bike,Full-time,4.0,Y
1030,DP01031,Kiran S,Bengaluru,Bike,Full-time,4.03,Y
1031,DP01032,Priya E,Hyderabad,Scooter,Part-time,4.53,Y
1032,DP01033,Nikhil H,Bengaluru,Bike,Full-time,3.93,Y
1033,DP01034,Nikhil D,Bengaluru,Bike,Full-time,4.11,Y
1034,DP01035,Suresh I,Bengaluru,Bike,Full-time,3.96,Y
1035,DP01036,Meena U,Bengaluru,Scooter,Full-time,4.11,Y
1036,DP01037,Amit S,Mumbai,Scooter,Full-time,3.81,Y
1037,DP01038,Santosh H,Pune,Bike,Full-time,3.97,Y
1038,DP01039,Manoj Y,Bengaluru,Cycle,Part-time,4.29,Y
1039,DP01040,Sneha S,Ahmedabad,Scooter,Part-time,4.26,N
1040,DP01041,Nikhil A,Kolkata,Bike,Full-time,4.55,Y
1041,DP01042,Kiran H,Ahmedabad,Bike,Contract,4.2,Y
1042,DP01043,Shreya D,Mumbai,Bike,Contract,4.51,N
1043,DP01044,Rahul F,Bengaluru,Bike,Full-time,3.95,N
1044,DP01045,Priya A,Hyderabad,Bike,Full-time,3.89,Y
1045,DP01046,Rakesh L,Chennai,Scooter,Full-time,4.03,Y
1046,DP01047,Nikhil K,Bengaluru,Bike,Full-time,3.69,Y
1047,DP01048,Pooja T,Delhi,Scooter,Part-time,4.03,Y
1048,DP01049,Ananya Z,Hyderabad,Bike,Contract,4.14,Y
1049,DP01050,Rakesh L,Mumbai,Bike,Full-time,4.5,Y
1050,DP01051,Suresh H,Hyderabad,Bike,Full-time,4.55,N
1051,DP01052,Deepak O,Ahmedabad,Cycle,Full-time,3.87,Y
1052,DP01053,Rakesh Y,Bengaluru,Bike,Part-time,4.58,Y
1053,DP01054,Shreya J,Mumbai,Bike,Full-time,4.14,Y
1054,DP01055,Manoj Q,Pune,Bike,Part-time,4.19,Y
1055,DP01056,Meena I,Bengaluru,Bike,Full-time,4.21,Y
1056,DP01057,Vikas V,Hyderabad,Scooter,Part-time,3.92,Y
1057,DP01058,Kiran B,Delhi,Cycle,Part-time,3.99,Y
1058,DP01059,Nikhil Y,Bengaluru,Cycle,Full-time,4.1,Y
1059,DP01060,Vikas Q,Mumbai,Bike,Full-time,4.34,Y
1060,DP01061,Manoj B,Delhi,Scooter,Contract,4.02,N
1061,DP01062,Ravi V,Hyderabad,Scooter,Full-time,3.54,Y
1062,DP01063,Ananya P,Ahmedabad,Scooter,Part-time,4.17,Y
1063,DP01064,Nikhil W,Ahmedabad,Bike,Contract,4.39,Y
1064,DP01065,Neha K,Bengaluru,Cycle,Full-time,4.31,Y
1065,DP01066,Arjun F,Bengaluru,Scooter,Full-time,4.79,N
1066,DP01067,Nikhil U,Bengaluru,Scooter,Full-time,4.0,Y
1067,DP01068,Ananya V,Kolkata,Scooter,Contract,4.89,Y
1068,DP01069,Rahul S,Pune,Scooter,Part-time,4.42,Y
1069,DP01070,Rakesh S,Chennai,Scooter,Part-time,4.07,N
1070,DP01071,Priya I,Delhi,Bike,Full-time,4.15,N
1071,DP01072,Kiran W,Ahmedabad,Cycle,Full-time,4.4,Y
1072,DP01073,Deepak F,Bengaluru,Scooter,Part-time,4.12,Y
1073,DP01074,Deepak Q,Chennai,Cycle,Part-time,4.31,Y
1074,DP01075,Neha J,Bengaluru,Bike,Part-time,4.06,Y
1075,DP01076,Rakesh B,Pune,Cycle,Contract,4.07,Y
1076,DP01077,Manoj V,Bengaluru,Scooter,Full-time,4.08,Y
1077,DP01078,Shreya N,Delhi,Bike,Full-time,3.93,Y
1078,DP01079,Rahul B,Bengaluru,Bike,Part-time,3.97,Y
1079,DP01080,Nikhil P,Pune,Scooter,Full-time,3.63,Y
1080,DP01081,Pooja O,Hyderabad,Bike,Full-time,4.02,Y
1081,DP01082,Ravi J,Ahmedabad,Bike,Full-time,4.23,Y
1082,DP01083,Neha X,Kolkata,Scooter,Full-time,4.04,Y
1083,DP01084,Suresh D,Mumbai,Bike,Full-time,4.44,Y
1084,DP01085,Deepak D,Chennai,Car,Full-time,4.12,Y
1085,DP01086,Ravi N,Ahmedabad,Bike,Full-time,3.92,Y
1086,DP01087,Manoj K,Pune,Car,Part-time,4.05,Y
1087,DP01088,Nikhil S,Bengaluru,Bike,Full-time,3.91,Y
1088,DP01089,Manoj A,Bengaluru,Bike,Full-time,4.41,Y
1089,DP01090,Suresh F,Ahmedabad,Scooter,Full-time,4.15,Y
1090,DP01091,Divya K,Delhi,Scooter,Contract,4.28,Y
1091,DP01092,Arjun O,Bengaluru,Bike,Part-time,3.8,Y
1092,DP01093,Divya S,Mumbai,Scooter,Full-time,3.6,Y
1093,DP01094,Suresh R,Bengaluru,Scooter,Part-time,3.63,Y
1094,DP01095,Shreya F,Mumbai,Bike,Full-time,4.1,Y
1095,DP01096,Suresh Z,Hyderabad,Cycle,Full-time,4.25,Y
1096,DP01097,Ravi Y,Pune,Cycle,Full-time,4.46,Y
1097,DP01098,Rakesh B,Delhi,Car,Part-time,4.33,Y
1098,DP01099,Rahul C,Delhi,Scooter,Part-time,4.28,Y
1099,DP01100,Divya V,Kolkata,Bike,Full-time,4.61,Y
1100,DP01101,Neha Z,Pune,Scooter,Full-time,3.88,Y
1101,DP01102,Meena G,Hyderabad,Scooter,Part-time,4.21,Y
1102,DP01103,Vikas E,Bengaluru,Bike,Full-time,4.08,N
1103,DP01104,Meena S,Hyderabad,Scooter,Full-time,4.41,Y
1104,DP01105,Deepak I,Delhi,Bike,Part-time,3.82,Y
1105,DP01106,Neha E,Kolkata,Cycle,Full-time,3.98,N
1106,DP01107,Kiran S,Hyderabad,Scooter,Part-time,4.11,Y
1107,DP01108,Nikhil V,Mumbai,Scooter,Full-time,4.09,Y
1108,DP01109,Kiran C,Bengaluru,Scooter,Contract,3.91,N
1109,DP01110,Amit U,Chennai,Scooter,Full-time,4.3,Y
1110,DP01111,Amit A,Kolkata,Scooter,Full-time,4.28,Y
1111,DP01112,Arjun X,Mumbai,Scooter,Full-time,3.81,Y
1112,DP01113,Pooja S,Bengaluru,Bike,Full-time,4.9,Y
1113,DP01114,Amit W,Bengaluru,Bike,Full-time,4.04,Y
1114,DP01115,Suresh K,Mumbai,Scooter,Full-time,3.95,Y
1115,DP01116,Arjun Q,Hyderabad,Scooter,Contract,4.42,N
1116,DP01117,Pooja X,Hyderabad,Scooter,Full-time,4.15,Y
1117,DP01118,Pooja C,Mumbai,Bike,Part-time,4.25,Y
1118,DP01119,Pooja G,Delhi,Scooter,Contract,4.21,Y
1119,DP01120,Santosh S,Ahmedabad,Car,Full-time,4.03,Y
1120,DP01121,Rakesh X,Bengaluru,Cycle,Full-time,4.26,Y
1121,DP01122,Suresh U,Bengaluru,Scooter,Part-time,4.32,Y
1122,DP01123,Kiran J,Hyderabad,Scooter,Contract,4.41,Y
1123,DP01124,Divya G,Delhi,Bike,Part-time,3.87,Y
1124,DP01125,Ravi V,Chennai,Bike,Contract,4.37,Y
1125,DP01126,Amit N,Ahmedabad,Scooter,Part-time,4.29,Y
1126,DP01127,Nikhil T,Hyderabad,Bike,Full-time,4.32,Y
1127,DP01128,Priya S,Mumbai,Bike,Contract,4.34,Y
1128,DP01129,Neha J,Chennai,Bike,Part-time,4.59,N
1129,DP01130,Sneha J,Bengaluru,Scooter,Contract,4.19,Y
1130,DP01131,Shreya A,Bengaluru,Bike,Full-time,4.02,Y
1131,DP01132,Meena P,Bengaluru,Scooter,Full-time,4.36,Y
1132,DP01133,Rakesh F,Bengaluru,Scooter,Part-time,4.12,Y
1133,DP01134,Pooja F,Hyderabad,Scooter,Part-time,4.46,N
1134,DP01135,Santosh L,Delhi,Bike,Full-time,4.4,Y
1135,DP01136,Nikhil J,Delhi,Scooter,Full-time,3.82,Y
1136,DP01137,Kiran S,Mumbai,Scooter,Full-time,5.0,Y
1137,DP01138,Rakesh F,Hyderabad,Scooter,Full-time,3.69,Y
1138,DP01139,Divya Q,Hyderabad,Cycle,Part-time,3.98,Y
1139,DP01140,Ravi I,Bengaluru,Bike,Full-time,4.2,Y
1140,DP01141,Suresh R,Chennai,Scooter,Full-time,4.46,Y
1141,DP01142,Shreya U,Ahmedabad,Bike,Full-time,4.05,Y
1142,DP01143,Pooja K,Bengaluru,Bike,Full-time,3.68,Y
1143,DP01144,Deepak C,Bengaluru,Scooter,Full-time,4.72,Y
1144,DP01145,Ravi A,Delhi,Scooter,Part-time,4.4,Y
1145,DP01146,Rahul Y,Bengaluru,Bike,Full-time,3.88,Y
1146,DP01147,Ananya E,Chennai,Scooter,Full-time,4.56,Y
1147,DP01148,Suresh P,Bengaluru,Bike,Full-time,4.3,N
1148,DP01149,Sneha W,Hyderabad,Cycle,Part-time,4.53,Y
1149,DP01150,Suresh J,Bengaluru,Bike,Full-time,4.47,Y
1150,DP01151,Priya D,Bengaluru,Bike,Full-time,4.07,N
1151,DP01152,Vikas G,Bengaluru,Scooter,Contract,3.43,Y
1152,DP01153,Vikas N,Kolkata,Bike,Full-time,4.19,Y
1153,DP01154,Meena T,Pune,Cycle,Contract,4.14,N
1154,DP01155,Ravi M,Ahmedabad,Bike,Full-time,3.7,Y
1155,DP01156,Pooja V,Ahmedabad,Bike,Full-time,3.94,Y
1156,DP01157,Priya Q,Mumbai,Car,Part-time,3.79,Y
1157,DP01158,Vikas C,Chennai,Bike,Contract,3.98,Y
1158,DP01159,Suresh H,Chennai,Scooter,Full-time,3.49,N
1159,DP01160,Suresh W,Chennai,Bike,Full-time,4.16,Y
1160,DP01161,Divya R,Mumbai,Scooter,Full-time,4.19,Y
1161,DP01162,Neha S,Kolkata,Bike,Full-time,4.81,Y
1162,DP01163,Deepak H,Bengaluru,Bike,Full-time,3.76,Y
1163,DP01164,Amit M,Ahmedabad,Scooter,Full-time,4.34,Y
1164,DP01165,Deepak C,Mumbai,Bike,Full-time,3.68,N
1165,DP01166,Manoj B,Hyderabad,Car,Full-time,4.25,Y
1166,DP01167,Pooja Y,Bengaluru,Bike,Full-time,4.32,Y
1167,DP01168,Pooja X,Bengaluru,Car,Contract,3.89,N
1168,DP01169,Deepak X,Hyderabad,Scooter,Part-time,4.0,N
1169,DP01170,Neha L,Delhi,Scooter,Part-time,4.1,Y
1170,DP01171,Pooja E,Bengaluru,Bike,Full-time,4.14,Y
1171,DP01172,Neha C,Chennai,Cycle,Full-time,4.5,Y
1172,DP01173,Santosh B,Mumbai,Bike,Part-time,4.11,N
1173,DP01174,Rakesh L,Bengaluru,Bike,Part-time,4.24,N
1174,DP01175,Sneha L,Bengaluru,Scooter,Contract,4.22,Y
1175,DP01176,Shreya P,Hyderabad,Scooter,Part-time,3.8,N
1176,DP01177,Vikas C,Ahmedabad,Cycle,Part-time,4.09,Y
1177,DP01178,Santosh T,Mumbai,Bike,Full-time,4.04,Y
1178,DP01179,Priya Z,Mumbai,Bike,Full-time,4.27,Y
1179,DP01180,Manoj R,Chennai,Cycle,Full-time,4.01,Y
1180,DP01181,Nikhil S,Ahmedabad,Bike,Contract,4.94,Y
1181,DP01182,Ananya Z,Delhi,Cycle,Part-time,3.97,Y
1182,DP01183,Manoj D,Pune,Scooter,Contract,3.75,Y
1183,DP01184,Ananya F,Delhi,Car,Part-time,4.63,Y
1184,DP01185,Sneha F,Mumbai,Scooter,Part-time,4.39,Y
1185,DP01186,Priya F,Bengaluru,Scooter,Contract,3.94,Y
1186,DP01187,Divya X,Delhi,Bike,Part-time,4.15,Y
1187,DP01188,Vikas Z,Mumbai,Cycle,Full-time,4.33,N
1188,DP01189,Ananya W,Kolkata,Scooter,Part-time,4.48,Y
1189,DP01190,Santosh A,Bengaluru,Scooter,Full-time,4.41,Y
1190,DP01191,Pooja Y,Kolkata,Cycle,Part-time,4.26,Y
1191,DP01192,Pooja P,Hyderabad,Bike,Full-time,3.98,Y
1192,DP01193,Divya Z,Chennai,Cycle,Contract,4.85,Y
1193,DP01194,Arjun C,Chennai,Scooter,Part-time,4.24,Y
1194,DP01195,Meena M,Delhi,Scooter,Part-time,4.06,Y
1195,DP01196,Neha D,Hyderabad,Scooter,Part-time,4.57,Y
1196,DP01197,Rakesh R,Hyderabad,Scooter,Full-time,4.13,Y
1197,DP01198,Rahul V,Delhi,Scooter,Full-time,4.46,Y
1198,DP01199,Shreya J,Chennai,Bike,Full-time,4.14,Y
1199,DP01200,Sneha M,Delhi,Cycle,Full-time,4.51,Y
1200,DP01201,Neha V,Pune,Bike,Full-time,4.32,Y
1201,DP01202,Suresh B,Ahmedabad,Bike,Full-time,3.94,Y
1202,DP01203,Rahul V,Hyderabad,Scooter,Part-time,4.32,Y
1203,DP01204,Manoj J,Hyderabad,Scooter,Contract,4.25,Y
1204,DP01205,Shreya S,Kolkata,Scooter,Contract,4.37,Y
1205,DP01206,Ananya N,Delhi,Scooter,Contract,4.48,Y
1206,DP01207,Neha K,Delhi,Bike,Full-time,4.33,Y
1207,DP01208,Kiran J,Pune,Bike,Full-time,3.84,Y
1208,DP01209,Ananya K,Bengaluru,Scooter,Contract,4.52,Y
1209,DP01210,Nikhil R,Hyderabad,Scooter,Full-time,3.99,Y
1210,DP01211,Ravi X,Mumbai,Bike,Contract,3.83,Y
1211,DP01212,Vikas N,Mumbai,Cycle,Full-time,3.94,Y
1212,DP01213,Shreya P,Mumbai,Scooter,Full-time,4.35,Y
1213,DP01214,Nikhil E,Kolkata,Cycle,Full-time,3.81,Y
1214,DP01215,Sneha O,Kolkata,Bike,Part-time,4.52,Y
1215,DP01216,Kiran B,Pune,Cycle,Full-time,4.38,Y
1216,DP01217,Ravi N,Chennai,Bike,Full-time,4.53,Y
1217,DP01218,Rahul E,Bengaluru,Bike,Full-time,4.73,Y
1218,DP01219,Arjun A,Bengaluru,Scooter,Full-time,4.86,Y
1219,DP01220,Divya W,Bengaluru,Scooter,Full-time,4.02,Y
1220,DP01221,Rakesh U,Hyderabad,Scooter,Contract,4.14,Y
1221,DP01222,Ananya J,Bengaluru,Cycle,Full-time,3.61,Y
1222,DP01223,Amit Q,Delhi,Scooter,Part-time,4.35,Y
1223,DP01224,Ravi O,Ahmedabad,Bike,Full-time,3.87,N
1224,DP01225,Divya I,Bengaluru,Scooter,Full-time,3.85,Y
1225,DP01226,Priya J,Chennai,Scooter,Contract,4.29,Y
1226,DP01227,Pooja L,Ahmedabad,Bike,Part-time,3.46,Y
1227,DP01228,Rahul Y,Pune,Scooter,Contract,4.07,Y
1228,DP01229,Sneha V,Bengaluru,Scooter,Full-time,3.91,Y
1229,DP01230,Deepak O,Chennai,Cycle,Full-time,3.92,Y
1230,DP01231,Priya M,Delhi,Bike,Full-time,3.87,Y
1231,DP01232,Suresh L,Bengaluru,Scooter,Full-time,4.23,Y
1232,DP01233,Rahul Y,Chennai,Bike,Part-time,4.29,Y
1233,DP01234,Priya I,Kolkata,Cycle,Part-time,4.5,Y
1234,DP01235,Neha U,Delhi,Car,Full-time,4.2,Y
1235,DP01236,Divya D,Hyderabad,Bike,Full-time,4.3,N
1236,DP01237,Santosh V,Ahmedabad,Cycle,Part-time,4.11,Y
1237,DP01238,Sneha T,Pune,Scooter,Contract,4.46,Y
1238,DP01239,Rakesh Y,Chennai,Scooter,Part-time,4.07,Y
1239,DP01240,Ravi K,Kolkata,Scooter,Full-time,3.92,Y
1240,DP01241,Priya S,Hyderabad,Bike,Full-time,3.51,Y
1241,DP01242,Santosh E,Bengaluru,Scooter,Full-time,3.58,Y
1242,DP01243,Santosh X,Kolkata,Scooter,Contract,3.93,N
1243,DP01244,Ravi S,Pune,Scooter,Full-time,4.04,Y
1244,DP01245,Vikas B,Chennai,Scooter,Full-time,4.31,Y
1245,DP01246,Santosh J,Bengaluru,Scooter,Full-time,4.57,Y
1246,DP01247,Deepak N,Delhi,Bike,Full-time,4.1,Y
1247,DP01248,Divya B,Bengaluru,Scooter,Contract,4.27,N
1248,DP01249,Divya X,Hyderabad,Cycle,Part-time,4.63,Y
1249,DP01250,Ravi Y,Bengaluru,Bike,Full-time,3.8,Y
1250,DP01251,Arjun L,Chennai,Scooter,Part-time,4.13,Y
1251,DP01252,Amit V,Hyderabad,Scooter,Full-time,4.27,Y
1252,DP01253,Rakesh O,Bengaluru,Bike,Full-time,4.69,Y
1253,DP01254,Neha R,Chennai,Bike,Full-time,4.28,Y
1254,DP01255,Divya B,Pune,Bike,Part-time,4.19,Y
1255,DP01256,Pooja E,Hyderabad,Car,Part-time,4.14,Y
1256,DP01257,Neha G,Bengaluru,Car,Full-time,4.36,N
1257,DP01258,Meena W,Bengaluru,Scooter,Contract,4.24,Y
1258,DP01259,Kiran O,Mumbai,Scooter,Full-time,4.25,Y
1259,DP01260,Divya I,Hyderabad,Cycle,Part-time,4.0,Y
1260,DP01261,Vikas F,Ahmedabad,Scooter,Full-time,4.28,Y
1261,DP01262,Kiran Q,Bengaluru,Car,Full-time,4.63,Y
1262,DP01263,Suresh G,Bengaluru,Scooter,Full-time,4.62,Y
1263,DP01264,Nikhil K,Chennai,Bike,Contract,4.06,Y
1264,DP01265,Shreya H,Chennai,Scooter,Full-time,3.84,Y
1265,DP01266,Amit R,Pune,Bike,Part-time,3.9,Y
1266,DP01267,Deepak V,Bengaluru,Bike,Part-time,4.41,Y
1267,DP01268,Divya N,Ahmedabad,Cycle,Full-time,4.29,Y
1268,DP01269,Arjun B,Kolkata,Scooter,Full-time,4.05,Y
1269,DP01270,Neha E,Bengaluru,Cycle,Full-time,4.43,Y
1270,DP01271,Santosh I,Chennai,Cycle,Contract,4.11,Y
1271,DP01272,Vikas V,Chennai,Scooter,Full-time,4.14,Y
1272,DP01273,Sneha J,Bengaluru,Cycle,Part-time,3.9,N
1273,DP01274,Manoj H,Delhi,Scooter,Part-time,4.17,Y
1274,DP01275,Rahul I,Bengaluru,Bike,Full-time,4.4,Y
1275,DP01276,Suresh O,Delhi,Bike,Contract,4.34,Y
1276,DP01277,Meena A,Delhi,Bike,Full-time,3.76,N
1277,DP01278,Sneha J,Mumbai,Scooter,Part-time,4.32,Y
1278,DP01279,Ravi E,Bengaluru,Cycle,Part-time,4.32,Y
1279,DP01280,Rakesh G,Bengaluru,Bike,Full-time,4.09,N
1280,DP01281,Priya G,Bengaluru,Scooter,Part-time,4.15,Y
1281,DP01282,Meena X,Kolkata,Bike,Full-time,4.72,Y
1282,DP01283,Kiran P,Delhi,Bike,Full-time,4.42,Y
1283,DP01284,Vikas N,Bengaluru,Bike,Full-time,4.08,Y
1284,DP01285,Rahul X,Pune,Bike,Part-time,4.16,N
1285,DP01286,Neha G,Delhi,Scooter,Part-time,3.89,Y
1286,DP01287,Kiran S,Delhi,Scooter,Full-time,4.54,N
1287,DP01288,Neha Q,Bengaluru,Scooter,Full-time,3.8,Y
1288,DP01289,Amit A,Delhi,Scooter,Full-time,4.54,Y
1289,DP01290,Nikhil S,Ahmedabad,Scooter,Part-time,3.92,Y
1290,DP01291,Nikhil T,Mumbai,Bike,Part-time,4.31,Y
1291,DP01292,Arjun P,Mumbai,Bike,Full-time,4.16,Y
1292,DP01293,Amit V,Kolkata,Cycle,Full-time,4.56,Y
1293,DP01294,Meena Z,Delhi,Scooter,Contract,4.03,Y
1294,DP01295,Pooja I,Mumbai,Car,Part-time,4.58,Y
1295,DP01296,Divya U,Bengaluru,Scooter,Full-time,3.74,Y
1296,DP01297,Santosh M,Hyderabad,Scooter,Part-time,4.35,N
1297,DP01298,Sneha U,Bengaluru,Scooter,Part-time,3.76,Y
1298,DP01299,Sneha H,Mumbai,Bike,Full-time,4.02,Y
1299,DP01300,Pooja F,Bengaluru,Bike,Full-time,4.42,Y
1300,DP01301,Shreya N,Bengaluru,Scooter,Full-time,4.35,Y
1301,DP01302,Neha Y,Hyderabad,Bike,Part-time,4.05,Y
1302,DP01303,Arjun T,Chennai,Bike,Full-time,4.6,Y
1303,DP01304,Vikas I,Delhi,Scooter,Full-time,4.2,Y
1304,DP01305,Ravi E,Delhi,Bike,Full-time,4.27,Y
1305,DP01306,Divya O,Pune,Cycle,Contract,3.71,Y
1306,DP01307,Manoj M,Chennai,Scooter,Part-time,4.83,Y
1307,DP01308,Rahul Z,Kolkata,Bike,Part-time,4.57,Y
1308,DP01309,Priya H,Bengaluru,Scooter,Part-time,5.0,Y
1309,DP01310,Meena S,Bengaluru,Bike,Full-time,3.66,Y
1310,DP01311,Kiran C,Mumbai,Cycle,Part-time,4.42,Y
1311,DP01312,Rahul V,Chennai,Car,Part-time,4.8,Y
1312,DP01313,Ananya Z,Bengaluru,Scooter,Full-time,3.79,Y
1313,DP01314,Shreya A,Hyderabad,Bike,Contract,3.62,Y
1314,DP01315,Divya H,Kolkata,Bike,Full-time,4.46,Y
1315,DP01316,Pooja I,Kolkata,Bike,Contract,4.39,Y
1316,DP01317,Ananya H,Ahmedabad,Cycle,Part-time,4.75,Y
1317,DP01318,Deepak L,Chennai,Cycle,Full-time,4.3,Y
1318,DP01319,Meena P,Ahmedabad,Bike,Full-time,4.13,Y
1319,DP01320,Rakesh J,Mumbai,Scooter,Full-time,4.3,Y
1320,DP01321,Kiran U,Chennai,Cycle,Contract,4.37,Y
1321,DP01322,Shreya I,Bengaluru,Scooter,Part-time,4.17,Y
1322,DP01323,Rahul E,Delhi,Scooter,Contract,3.89,N
1323,DP01324,Kiran S,Mumbai,Bike,Full-time,4.51,Y
1324,DP01325,Rakesh H,Delhi,Scooter,Part-time,4.3,Y
1325,DP01326,Divya R,Bengaluru,Cycle,Part-time,3.72,Y
1326,DP01327,Priya F,Bengaluru,Scooter,Full-time,3.96,Y
1327,DP01328,Meena S,Bengaluru,Cycle,Contract,4.24,Y
1328,DP01329,Kiran Y,Delhi,Bike,Contract,3.96,Y
1329,DP01330,Divya B,Chennai,Bike,Full-time,3.76,N
1330,DP01331,Santosh Z,Ahmedabad,Scooter,Contract,4.24,Y
1331,DP01332,Deepak N,Bengaluru,Scooter,Contract,4.3,Y
1332,DP01333,Deepak X,Ahmedabad,Bike,Part-time,4.37,Y
1333,DP01334,Priya E,Ahmedabad,Bike,Contract,4.2,N
1334,DP01335,Rahul K,Chennai,Scooter,Contract,4.3,Y
1335,DP01336,Manoj G,Mumbai,Scooter,Full-time,4.04,Y
1336,DP01337,Ananya X,Delhi,Scooter,Contract,4.14,Y
1337,DP01338,Meena U,Delhi,Bike,Contract,4.18,Y
1338,DP01339,Meena I,Kolkata,Bike,Full-time,4.33,Y
1339,DP01340,Sneha K,Delhi,Bike,Full-time,4.13,Y
1340,DP01341,Ravi D,Mumbai,Scooter,Part-time,4.21,N
1341,DP01342,Ravi B,Chennai,Scooter,Full-time,4.3,Y
1342,DP01343,Kiran M,Delhi,Scooter,Full-time,3.94,Y
1343,DP01344,Ravi O,Kolkata,Bike,Contract,4.02,Y
1344,DP01345,Divya W,Bengaluru,Scooter,Full-time,4.32,Y
1345,DP01346,Divya R,Hyderabad,Bike,Contract,4.46,Y
1346,DP01347,Nikhil H,Mumbai,Bike,Full-time,4.23,Y
1347,DP01348,Sneha P,Pune,Scooter,Contract,3.7,Y
1348,DP01349,Rahul G,Bengaluru,Scooter,Full-time,4.42,Y
1349,DP01350,Kiran Z,Hyderabad,Cycle,Part-time,4.9,Y
1350,DP01351,Ravi G,Mumbai,Bike,Part-time,3.7,Y
1351,DP01352,Priya B,Ahmedabad,Scooter,Full-time,3.83,Y
1352,DP01353,Santosh J,Bengaluru,Scooter,Part-time,4.72,Y
1353,DP01354,Nikhil T,Mumbai,Bike,Contract,4.06,Y
1354,DP01355,Vikas E,Delhi,Scooter,Part-time,4.75,Y
1355,DP01356,Neha U,Delhi,Cycle,Full-time,4.21,N
1356,DP01357,Arjun K,Bengaluru,Cycle,Full-time,4.45,Y
1357,DP01358,Priya E,Hyderabad,Cycle,Full-time,4.29,Y
1358,DP01359,Shreya D,Ahmedabad,Scooter,Part-time,4.4,Y
1359,DP01360,Priya C,Bengaluru,Bike,Part-time,3.95,Y
1360,DP01361,Priya Q,Delhi,Scooter,Part-time,4.29,Y
1361,DP01362,Ananya B,Bengaluru,Scooter,Full-time,4.37,Y
1362,DP01363,Amit U,Bengaluru,Bike,Full-time,4.02,Y
1363,DP01364,Priya V,Kolkata,Bike,Full-time,4.38,Y
1364,DP01365,Arjun Q,Ahmedabad,Bike,Contract,4.16,Y
1365,DP01366,Deepak L,Kolkata,Scooter,Part-time,4.38,Y
1366,DP01367,Kiran P,Bengaluru,Bike,Full-time,3.73,Y
1367,DP01368,Shreya X,Mumbai,Scooter,Full-time,4.02,Y
1368,DP01369,Vikas G,Delhi,Scooter,Full-time,3.29,N
1369,DP01370,Kiran E,Ahmedabad,Cycle,Part-time,3.63,Y
1370,DP01371,Suresh V,Ahmedabad,Bike,Part-time,4.08,Y
1371,DP01372,Ravi N,Pune,Cycle,Contract,4.71,Y
1372,DP01373,Pooja G,Chennai,Cycle,Full-time,4.26,Y
1373,DP01374,Ravi F,Kolkata,Bike,Contract,3.93,Y
1374,DP01375,Deepak D,Bengaluru,Scooter,Part-time,4.38,Y
1375,DP01376,Pooja U,Pune,Bike,Full-time,4.46,Y
1376,DP01377,Sneha W,Ahmedabad,Bike,Part-time,4.63,Y
1377,DP01378,Amit D,Bengaluru,Bike,Full-time,4.35,Y
1378,DP01379,Pooja P,Chennai,Scooter,Full-time,4.52,Y
1379,DP01380,Shreya R,Pune,Scooter,Full-time,4.72,Y
1380,DP01381,Rahul D,Mumbai,Scooter,Part-time,3.99,N
1381,DP01382,Santosh I,Pune,Bike,Contract,3.75,Y
1382,DP01383,Deepak D,Pune,Bike,Full-time,4.38,Y
1383,DP01384,Amit C,Chennai,Bike,Full-time,4.74,Y
1384,DP01385,Shreya T,Bengaluru,Bike,Full-time,3.98,Y
1385,DP01386,Nikhil S,Mumbai,Car,Full-time,3.45,Y
1386,DP01387,Deepak U,Mumbai,Scooter,Full-time,3.98,Y
1387,DP01388,Shreya A,Delhi,Cycle,Full-time,3.87,N
1388,DP01389,Ananya A,Hyderabad,Scooter,Part-time,4.31,Y
1389,DP01390,Amit O,Pune,Bike,Contract,4.19,Y
1390,DP01391,Vikas R,Bengaluru,Cycle,Contract,4.18,Y
1391,DP01392,Meena I,Bengaluru,Scooter,Full-time,3.69,Y
1392,DP01393,Pooja U,Mumbai,Scooter,Part-time,4.21,Y
1393,DP01394,Santosh I,Pune,Bike,Full-time,4.1,Y
1394,DP01395,Suresh K,Delhi,Bike,Full-time,4.45,Y
1395,DP01396,Ravi P,Mumbai,Scooter,Contract,4.28,Y
1396,DP01397,Arjun E,Mumbai,Scooter,Full-time,4.19,N
1397,DP01398,Meena C,Bengaluru,Scooter,Part-time,4.77,Y
1398,DP01399,Divya Q,Pune,Scooter,Full-time,4.84,N
1399,DP01400,Rakesh N,Hyderabad,Bike,Full-time,4.28,Y
1400,DP01401,Manoj A,Kolkata,Bike,Full-time,4.35,Y
1401,DP01402,Divya B,Chennai,Bike,Full-time,3.99,Y
1402,DP01403,Manoj Z,Chennai,Scooter,Full-time,4.58,Y
1403,DP01404,Ravi M,Kolkata,Scooter,Part-time,3.93,N
1404,DP01405,Ravi V,Delhi,Bike,Contract,3.53,Y
1405,DP01406,Manoj U,Pune,Bike,Part-time,4.54,Y
1406,DP01407,Manoj D,Chennai,Bike,Full-time,4.21,Y
1407,DP01408,Amit K,Kolkata,Scooter,Full-time,4.5,Y
1408,DP01409,Divya Z,Mumbai,Scooter,Full-time,4.52,Y
1409,DP01410,Divya Z,Bengaluru,Scooter,Contract,4.36,Y
1410,DP01411,Nikhil I,Mumbai,Bike,Full-time,4.22,Y
1411,DP01412,Rahul I,Delhi,Bike,Full-time,3.93,Y
1412,DP01413,Priya D,Delhi,Bike,Contract,4.21,Y
1413,DP01414,Vikas C,Ahmedabad,Bike,Full-time,3.62,Y
1414,DP01415,Deepak J,Mumbai,Bike,Full-time,4.26,Y
1415,DP01416,Suresh P,Chennai,Scooter,Full-time,3.57,Y
1416,DP01417,Divya T,Mumbai,Cycle,Contract,3.9,Y
1417,DP01418,Suresh R,Mumbai,Bike,Part-time,4.11,Y
1418,DP01419,Arjun Q,Ahmedabad,Bike,Contract,4.66,Y
1419,DP01420,Deepak T,Bengaluru,Car,Full-time,4.06,Y
1420,DP01421,Amit M,Bengaluru,Bike,Part-time,4.14,Y
1421,DP01422,Santosh K,Bengaluru,Bike,Part-time,4.32,Y
1422,DP01423,Nikhil Y,Bengaluru,Scooter,Full-time,4.3,Y
1423,DP01424,Meena Y,Delhi,Cycle,Contract,4.78,Y
1424,DP01425,Deepak Q,Bengaluru,Cycle,Full-time,3.9,Y
1425,DP01426,Kiran Q,Bengaluru,Bike,Full-time,3.96,Y
1426,DP01427,Ravi T,Bengaluru,Cycle,Part-time,4.0,Y
1427,DP01428,Shreya O,Ahmedabad,Cycle,Full-time,3.83,Y
1428,DP01429,Sneha R,Bengaluru,Car,Part-time,4.29,Y
1429,DP01430,Arjun R,Ahmedabad,Bike,Full-time,4.44,Y
1430,DP01431,Vikas C,Pune,Bike,Full-time,4.12,Y
1431,DP01432,Santosh Z,Bengaluru,Scooter,Part-time,3.65,Y
1432,DP01433,Amit Q,Chennai,Cycle,Full-time,4.13,Y
1433,DP01434,Kiran E,Mumbai,Scooter,Contract,4.12,Y
1434,DP01435,Pooja L,Bengaluru,Scooter,Full-time,4.11,Y
1435,DP01436,Ravi U,Mumbai,Cycle,Full-time,3.8,Y
1436,DP01437,Rakesh M,Ahmedabad,Cycle,Contract,4.66,Y
1437,DP01438,Kiran F,Bengaluru,Bike,Part-time,4.18,Y
1438,DP01439,Manoj U,Ahmedabad,Bike,Full-time,3.69,Y
1439,DP01440,Shreya Z,Bengaluru,Cycle,Contract,3.91,Y
1440,DP01441,Priya I,Delhi,Scooter,Full-time,4.09,Y
1441,DP01442,Santosh Z,Hyderabad,Bike,Full-time,4.07,Y
1442,DP01443,Arjun I,Kolkata,Bike,Full-time,4.2,Y
1443,DP01444,Rahul W,Delhi,Cycle,Full-time,4.16,Y
1444,DP01445,Ravi K,Pune,Bike,Part-time,4.15,Y
1445,DP01446,Amit N,Bengaluru,Scooter,Contract,3.82,Y
1446,DP01447,Sneha V,Bengaluru,Car,Part-time,4.16,Y
1447,DP01448,Shreya K,Pune,Bike,Contract,3.96,Y
1448,DP01449,Suresh J,Delhi,Bike,Full-time,4.26,Y
1449,DP01450,Priya Q,Bengaluru,Scooter,Part-time,4.58,Y
1450,DP01451,Meena G,Kolkata,Scooter,Full-time,4.38,Y
1451,DP01452,Rakesh Y,Delhi,Bike,Part-time,4.16,Y
1452,DP01453,Amit G,Hyderabad,Scooter,Part-time,4.13,Y
1453,DP01454,Santosh G,Bengaluru,Bike,Full-time,4.37,Y
1454,DP01455,Divya I,Delhi,Bike,Full-time,4.46,Y
1455,DP01456,Neha O,Mumbai,Scooter,Contract,3.85,Y
1456,DP01457,Neha D,Mumbai,Bike,Part-time,4.37,Y
1457,DP01458,Sneha F,Bengaluru,Scooter,Full-time,3.72,Y
1458,DP01459,Priya U,Bengaluru,Scooter,Part-time,4.54,Y
1459,DP01460,Pooja Y,Hyderabad,Scooter,Full-time,3.99,Y
1460,DP01461,Santosh B,Delhi,Scooter,Part-time,4.21,Y
1461,DP01462,Vikas T,Bengaluru,Bike,Full-time,4.14,Y
1462,DP01463,Rahul Y,Delhi,Cycle,Full-time,3.74,Y
1463,DP01464,Suresh N,Delhi,Bike,Contract,4.13,Y
1464,DP01465,Rahul S,Mumbai,Scooter,Part-time,3.72,Y
1465,DP01466,Pooja U,Delhi,Car,Full-time,4.19,Y
1466,DP01467,Vikas A,Bengaluru,Bike,Full-time,3.84,Y
1467,DP01468,Neha I,Chennai,Bike,Full-time,3.72,Y
1468,DP01469,Divya F,Ahmedabad,Bike,Full-time,4.42,Y
1469,DP01470,Ravi K,Delhi,Bike,Full-time,3.72,Y
1470,DP01471,Suresh N,Pune,Car,Full-time,4.68,Y
1471,DP01472,Vikas X,Bengaluru,Scooter,Part-time,4.89,Y
1472,DP01473,Ananya R,Hyderabad,Scooter,Part-time,3.84,Y
1473,DP01474,Rakesh K,Chennai,Scooter,Full-time,4.85,Y
1474,DP01475,Arjun A,Hyderabad,Scooter,Full-time,3.93,Y
1475,DP01476,Priya R,Bengaluru,Scooter,Contract,3.87,Y
1476,DP01477,Kiran N,Mumbai,Bike,Full-time,4.19,Y
1477,DP01478,Kiran C,Chennai,Bike,Full-time,4.21,Y
1478,DP01479,Neha R,Mumbai,Car,Full-time,3.8,Y
1479,DP01480,Kiran R,Chennai,Scooter,Contract,3.86,Y
1480,DP01481,Suresh P,Delhi,Bike,Full-time,3.72,Y
1481,DP01482,Divya P,Bengaluru,Scooter,Full-time,3.62,Y
1482,DP01483,Ravi S,Bengaluru,Bike,Full-time,4.06,Y
1483,DP01484,Amit N,Ahmedabad,Bike,Part-time,4.64,N
1484,DP01485,Sneha W,Pune,Scooter,Contract,4.22,Y
1485,DP01486,Amit D,Pune,Scooter,Part-time,4.48,Y
1486,DP01487,Pooja M,Hyderabad,Scooter,Part-time,4.41,Y
1487,DP01488,Ravi R,Delhi,Scooter,Part-time,3.85,Y
1488,DP01489,Kiran H,Bengaluru,Car,Full-time,4.1,Y
1489,DP01490,Neha E,Mumbai,Bike,Part-time,4.41,Y
1490,DP01491,Rakesh U,Pune,Bike,Full-time,4.36,Y
1491,DP01492,Arjun K,Delhi,Cycle,Part-time,4.01,N
1492,DP01493,Ananya R,Kolkata,Bike,Full-time,4.15,Y
1493,DP01494,Kiran C,Bengaluru,Scooter,Part-time,4.48,Y
1494,DP01495,Divya H,Mumbai,Scooter,Full-time,4.23,Y
1495,DP01496,Pooja W,Mumbai,Scooter,Full-time,3.86,Y
1496,DP01497,Vikas N,Delhi,Bike,Full-time,3.96,Y
1497,DP01498,Divya G,Ahmedabad,Cycle,Part-time,3.83,Y
1498,DP01499,Vikas X,Hyderabad,Bike,Part-time,3.75,Y
1499,DP01500,Kiran Z,Bengaluru,Cycle,Full-time,4.27,Y
1500,DP01501,Kiran Q,Delhi,Bike,Full-time,4.48,N
1501,DP01502,Rahul G,Bengaluru,Bike,Full-time,4.16,Y
1502,DP01503,Nikhil T,Bengaluru,Bike,Full-time,4.72,Y
1503,DP01504,Meena S,Pune,Bike,Part-time,4.25,Y
1504,DP01505,Deepak D,Chennai,Bike,Part-time,4.36,Y
1505,DP01506,Ananya T,Bengaluru,Scooter,Part-time,4.07,N
1506,DP01507,Ravi H,Mumbai,Bike,Contract,4.4,Y
1507,DP01508,Pooja D,Chennai,Bike,Part-time,3.87,Y
1508,DP01509,Vikas F,Kolkata,Bike,Contract,4.06,Y
1509,DP01510,Suresh E,Bengaluru,Bike,Contract,4.49,Y
1510,DP01511,Deepak J,Kolkata,Scooter,Full-time,4.64,Y
1511,DP01512,Rakesh B,Kolkata,Scooter,Full-time,4.09,Y
1512,DP01513,Shreya T,Hyderabad,Scooter,Part-time,4.31,Y
1513,DP01514,Deepak F,Kolkata,Bike,Full-time,4.0,N
1514,DP01515,Amit N,Pune,Bike,Part-time,3.97,Y
1515,DP01516,Manoj A,Bengaluru,Cycle,Full-time,4.56,Y
1516,DP01517,Vikas B,Hyderabad,Scooter,Full-time,4.29,Y
1517,DP01518,Neha O,Ahmedabad,Bike,Full-time,3.91,Y
1518,DP01519,Nikhil U,Ahmedabad,Bike,Full-time,3.95,Y
1519,DP01520,Ananya B,Mumbai,Car,Full-time,4.42,Y
1520,DP01521,Kiran A,Pune,Scooter,Contract,4.48,Y
1521,DP01522,Santosh U,Bengaluru,Cycle,Part-time,4.44,N
1522,DP01523,Pooja S,Bengaluru,Cycle,Full-time,3.94,Y
1523,DP01524,Pooja K,Bengaluru,Bike,Full-time,3.83,Y
1524,DP01525,Kiran E,Chennai,Bike,Part-time,3.87,Y
1525,DP01526,Sneha Y,Pune,Scooter,Contract,4.57,Y
1526,DP01527,Neha J,Delhi,Scooter,Contract,4.13,Y
1527,DP01528,Rahul Y,Mumbai,Bike,Part-time,3.78,Y
1528,DP01529,Nikhil Q,Bengaluru,Car,Full-time,3.94,N
1529,DP01530,Rakesh E,Bengaluru,Scooter,Part-time,4.36,Y
1530,DP01531,Neha N,Bengaluru,Scooter,Part-time,3.37,Y
1531,DP01532,Suresh K,Hyderabad,Bike,Full-time,4.62,Y
1532,DP01533,Pooja F,Bengaluru,Scooter,Contract,3.9,Y
1533,DP01534,Divya V,Pune,Scooter,Part-time,4.69,Y
1534,DP01535,Rakesh C,Delhi,Bike,Part-time,4.13,Y
1535,DP01536,Amit G,Delhi,Cycle,Contract,4.4,Y
1536,DP01537,Manoj R,Ahmedabad,Scooter,Full-time,3.62,Y
1537,DP01538,Ananya G,Hyderabad,Bike,Full-time,4.38,N
1538,DP01539,Neha W,Ahmedabad,Bike,Full-time,3.97,Y
1539,DP01540,Deepak M,Kolkata,Scooter,Full-time,4.31,Y
1540,DP01541,Deepak K,Delhi,Scooter,Contract,3.94,Y
1541,DP01542,Shreya F,Bengaluru,Scooter,Part-time,3.9,Y
1542,DP01543,Sneha Z,Ahmedabad,Scooter,Full-time,4.13,Y
1543,DP01544,Meena V,Pune,Scooter,Part-time,4.44,Y
1544,DP01545,Pooja P,Bengaluru,Cycle,Full-time,4.39,Y
1545,DP01546,Divya J,Mumbai,Bike,Full-time,4.62,Y
1546,DP01547,Priya K,Bengaluru,Scooter,Full-time,3.87,Y
1547,DP01548,Manoj L,Mumbai,Cycle,Full-time,4.09,Y
1548,DP01549,Priya E,Pune,Scooter,Full-time,4.12,Y
1549,DP01550,Santosh L,Hyderabad,Scooter,Full-time,4.33,Y
1550,DP01551,Arjun M,Bengaluru,Cycle,Full-time,4.73,Y
1551,DP01552,Santosh M,Chennai,Bike,Contract,3.75,Y
1552,DP01553,Neha H,Bengaluru,Bike,Part-time,4.29,Y
1553,DP01554,Arjun D,Delhi,Bike,Part-time,4.08,Y
1554,DP01555,Shreya F,Mumbai,Scooter,Full-time,4.34,Y
1555,DP01556,Nikhil E,Mumbai,Bike,Full-time,4.08,Y
1556,DP01557,Deepak F,Pune,Scooter,Full-time,4.27,Y
1557,DP01558,Rakesh F,Bengaluru,Cycle,Full-time,4.03,Y
1558,DP01559,Santosh A,Hyderabad,Bike,Full-time,4.03,Y
1559,DP01560,Ananya K,Delhi,Bike,Full-time,4.43,Y
1560,DP01561,Priya M,Mumbai,Car,Full-time,4.25,Y
1561,DP01562,Sneha J,Delhi,Scooter,Full-time,4.18,Y
1562,DP01563,Vikas R,Ahmedabad,Cycle,Part-time,3.81,N
1563,DP01564,Shreya R,Bengaluru,Scooter,Full-time,3.91,Y
1564,DP01565,Suresh K,Mumbai,Bike,Full-time,3.89,Y
1565,DP01566,Manoj M,Kolkata,Bike,Contract,4.05,Y
1566,DP01567,Arjun C,Delhi,Cycle,Contract,4.03,Y
1567,DP01568,Rahul C,Bengaluru,Cycle,Part-time,4.33,Y
1568,DP01569,Deepak D,Delhi,Scooter,Part-time,4.53,Y
1569,DP01570,Priya R,Chennai,Scooter,Contract,4.36,Y
1570,DP01571,Suresh A,Hyderabad,Scooter,Full-time,3.93,Y
1571,DP01572,Arjun W,Chennai,Scooter,Full-time,3.55,Y
1572,DP01573,Meena S,Mumbai,Scooter,Full-time,4.76,Y
1573,DP01574,Ravi Q,Ahmedabad,Bike,Contract,4.34,Y
1574,DP01575,Rahul Y,Bengaluru,Bike,Part-time,4.42,Y
1575,DP01576,Arjun Y,Chennai,Scooter,Full-time,4.16,Y
1576,DP01577,Rakesh Q,Kolkata,Scooter,Part-time,4.21,Y
1577,DP01578,Deepak F,Bengaluru,Bike,Part-time,4.17,Y
1578,DP01579,Deepak P,Ahmedabad,Bike,Full-time,3.73,N
1579,DP01580,Arjun O,Delhi,Bike,Full-time,3.58,N
1580,DP01581,Santosh H,Bengaluru,Bike,Part-time,4.26,Y
1581,DP01582,Kiran D,Pune,Bike,Contract,4.59,N
1582,DP01583,Pooja K,Mumbai,Bike,Full-time,4.56,Y
1583,DP01584,Neha B,Delhi,Bike,Contract,3.53,Y
1584,DP01585,Amit G,Bengaluru,Cycle,Part-time,3.73,Y
1585,DP01586,Pooja M,Bengaluru,Bike,Contract,3.86,N
1586,DP01587,Pooja F,Mumbai,Cycle,Full-time,4.31,Y
1587,DP01588,Rakesh Y,Chennai,Bike,Full-time,4.48,Y
1588,DP01589,Rakesh O,Delhi,Bike,Full-time,3.81,Y
1589,DP01590,Kiran K,Kolkata,Car,Full-time,4.62,Y
1590,DP01591,Manoj U,Chennai,Bike,Part-time,4.36,Y
1591,DP01592,Deepak H,Ahmedabad,Bike,Part-time,3.71,Y
1592,DP01593,Amit F,Mumbai,Scooter,Part-time,4.46,Y
1593,DP01594,Priya H,Mumbai,Bike,Full-time,4.44,Y
1594,DP01595,Priya N,Bengaluru,Scooter,Full-time,4.32,Y
1595,DP01596,Deepak R,Bengaluru,Bike,Full-time,3.94,N
1596,DP01597,Priya R,Pune,Bike,Full-time,4.46,Y
1597,DP01598,Sneha G,Hyderabad,Bike,Contract,4.21,Y
1598,DP01599,Meena L,Chennai,Car,Part-time,4.17,Y
1599,DP01600,Santosh A,Ahmedabad,Car,Full-time,4.09,N
1600,DP01601,Priya F,Ahmedabad,Scooter,Full-time,3.64,Y
1601,DP01602,Amit O,Bengaluru,Scooter,Part-time,4.2,Y
1602,DP01603,Ravi H,Hyderabad,Scooter,Part-time,4.07,Y
1603,DP01604,Vikas F,Ahmedabad,Car,Full-time,4.15,Y
1604,DP01605,Divya H,Mumbai,Bike,Part-time,4.66,N
1605,DP01606,Nikhil A,Kolkata,Bike,Full-time,4.4,Y
1606,DP01607,Amit H,Bengaluru,Bike,Full-time,4.0,Y
1607,DP01608,Amit G,Ahmedabad,Bike,Contract,3.88,N
1608,DP01609,Ravi X,Bengaluru,Bike,Part-time,4.63,Y
1609,DP01610,Suresh D,Pune,Scooter,Contract,4.06,Y
1610,DP01611,Deepak E,Kolkata,Scooter,Part-time,4.53,Y
1611,DP01612,Ravi B,Bengaluru,Scooter,Full-time,3.82,Y
1612,DP01613,Meena L,Bengaluru,Bike,Full-time,4.9,Y
1613,DP01614,Shreya N,Mumbai,Scooter,Part-time,4.89,Y
1614,DP01615,Shreya E,Delhi,Scooter,Contract,4.03,Y
1615,DP01616,Santosh S,Chennai,Bike,Full-time,4.07,Y
1616,DP01617,Nikhil B,Hyderabad,Bike,Contract,4.75,Y
1617,DP01618,Neha J,Delhi,Scooter,Full-time,4.36,Y
1618,DP01619,Vikas S,Bengaluru,Scooter,Full-time,4.66,Y
1619,DP01620,Kiran C,Ahmedabad,Bike,Full-time,3.9,Y
1620,DP01621,Rakesh U,Mumbai,Bike,Full-time,4.22,Y
1621,DP01622,Suresh Q,Chennai,Bike,Full-time,4.13,Y
1622,DP01623,Rahul Y,Kolkata,Scooter,Part-time,4.25,Y
1623,DP01624,Divya B,Bengaluru,Bike,Full-time,3.91,Y
1624,DP01625,Santosh P,Mumbai,Scooter,Contract,4.63,Y
1625,DP01626,Kiran A,Bengaluru,Bike,Part-time,4.52,Y
1626,DP01627,Kiran O,Delhi,Scooter,Part-time,4.24,Y
1627,DP01628,Pooja V,Mumbai,Bike,Part-time,4.33,Y
1628,DP01629,Nikhil R,Bengaluru,Cycle,Contract,4.22,Y
1629,DP01630,Shreya M,Chennai,Bike,Full-time,3.62,Y
1630,DP01631,Meena N,Hyderabad,Scooter,Full-time,4.2,Y
1631,DP01632,Amit J,Delhi,Bike,Full-time,3.95,Y
1632,DP01633,Deepak H,Mumbai,Cycle,Full-time,4.62,Y
1633,DP01634,Suresh R,Bengaluru,Bike,Full-time,4.19,Y
1634,DP01635,Kiran K,Delhi,Scooter,Contract,4.51,N
1635,DP01636,Shreya P,Bengaluru,Cycle,Full-time,3.95,Y
1636,DP01637,Arjun I,Chennai,Cycle,Full-time,4.55,Y
1637,DP01638,Arjun M,Delhi,Scooter,Full-time,4.83,Y
1638,DP01639,Pooja C,Pune,Cycle,Part-time,4.52,Y
1639,DP01640,Ananya G,Hyderabad,Scooter,Full-time,4.57,Y
1640,DP01641,Pooja B,Delhi,Bike,Full-time,4.37,Y
1641,DP01642,Santosh Q,Mumbai,Scooter,Full-time,4.4,Y
1642,DP01643,Santosh L,Delhi,Scooter,Full-time,3.77,Y
1643,DP01644,Kiran B,Hyderabad,Cycle,Part-time,4.08,N
1644,DP01645,Rakesh K,Bengaluru,Bike,Contract,4.44,N
1645,DP01646,Vikas J,Delhi,Bike,Contract,3.81,Y
1646,DP01647,Rakesh V,Delhi,Scooter,Full-time,3.96,Y
1647,DP01648,Priya X,Delhi,Cycle,Part-time,4.5,Y
1648,DP01649,Meena R,Kolkata,Scooter,Full-time,4.24,Y
1649,DP01650,Priya H,Bengaluru,Scooter,Part-time,4.14,Y
1650,DP01651,Sneha G,Kolkata,Scooter,Part-time,4.11,Y
1651,DP01652,Ravi P,Hyderabad,Scooter,Contract,3.98,N
1652,DP01653,Priya E,Chennai,Scooter,Full-time,4.21,Y
1653,DP01654,Meena L,Hyderabad,Bike,Part-time,4.2,Y
1654,DP01655,Pooja U,Bengaluru,Bike,Full-time,3.95,Y
1655,DP01656,Divya S,Hyderabad,Bike,Full-time,4.05,Y
1656,DP01657,Vikas H,Bengaluru,Car,Contract,3.99,Y
1657,DP01658,Vikas Q,Mumbai,Scooter,Contract,4.31,Y
1658,DP01659,Vikas V,Ahmedabad,Bike,Part-time,3.96,Y
1659,DP01660,Vikas M,Kolkata,Bike,Contract,4.33,Y
1660,DP01661,Rakesh R,Bengaluru,Bike,Part-time,3.7,N
1661,DP01662,Divya F,Bengaluru,Scooter,Full-time,4.35,Y
1662,DP01663,Sneha Q,Bengaluru,Scooter,Full-time,4.42,Y
1663,DP01664,Sneha Z,Ahmedabad,Bike,Full-time,3.93,Y
1664,DP01665,Meena P,Bengaluru,Bike,Full-time,3.71,Y
1665,DP01666,Nikhil Y,Pune,Scooter,Part-time,3.4,Y
1666,DP01667,Neha E,Delhi,Scooter,Full-time,3.89,Y
1667,DP01668,Divya Y,Hyderabad,Cycle,Full-time,4.71,Y
1668,DP01669,Santosh F,Delhi,Scooter,Full-time,4.41,Y
1669,DP01670,Deepak S,Kolkata,Car,Full-time,4.54,Y
1670,DP01671,Amit G,Bengaluru,Bike,Full-time,4.33,Y
1671,DP01672,Rakesh E,Pune,Cycle,Full-time,4.38,Y
1672,DP01673,Arjun A,Kolkata,Car,Full-time,4.2,Y
1673,DP01674,Priya D,Bengaluru,Cycle,Full-time,3.47,Y
1674,DP01675,Vikas C,Bengaluru,Scooter,Full-time,4.03,Y
1675,DP01676,Vikas S,Ahmedabad,Bike,Part-time,4.39,Y
1676,DP01677,Suresh T,Hyderabad,Bike,Contract,3.67,Y
1677,DP01678,Amit O,Delhi,Bike,Part-time,3.6,Y
1678,DP01679,Amit Z,Mumbai,Bike,Full-time,4.56,Y
1679,DP01680,Manoj C,Hyderabad,Scooter,Part-time,3.63,Y
1680,DP01681,Santosh O,Bengaluru,Scooter,Part-time,4.69,Y
1681,DP01682,Amit J,Bengaluru,Car,Contract,3.92,Y
1682,DP01683,Rahul M,Bengaluru,Bike,Full-time,4.16,Y
1683,DP01684,Rahul H,Ahmedabad,Scooter,Full-time,3.98,Y
1684,DP01685,Sneha B,Bengaluru,Bike,Part-time,4.07,Y
1685,DP01686,Priya F,Chennai,Cycle,Full-time,4.08,Y
1686,DP01687,Suresh G,Bengaluru,Scooter,Full-time,3.94,Y
1687,DP01688,Ananya M,Kolkata,Scooter,Full-time,4.35,Y
1688,DP01689,Nikhil A,Chennai,Cycle,Part-time,3.91,Y
1689,DP01690,Priya W,Ahmedabad,Bike,Full-time,4.02,Y
1690,DP01691,Kiran B,Ahmedabad,Bike,Contract,4.35,Y
1691,DP01692,Neha G,Bengaluru,Cycle,Full-time,3.71,Y
1692,DP01693,Meena F,Delhi,Scooter,Full-time,4.12,Y
1693,DP01694,Manoj H,Bengaluru,Scooter,Full-time,3.81,Y
1694,DP01695,Kiran E,Delhi,Scooter,Full-time,4.75,Y
1695,DP01696,Manoj S,Mumbai,Cycle,Full-time,3.8,Y
1696,DP01697,Rakesh H,Bengaluru,Cycle,Contract,4.61,Y
1697,DP01698,Ravi R,Delhi,Bike,Contract,4.34,Y
1698,DP01699,Priya Y,Chennai,Car,Part-time,4.12,Y
1699,DP01700,Pooja T,Chennai,Scooter,Contract,4.45,Y
1700,DP01701,Manoj O,Pune,Scooter,Full-time,5.0,N
1701,DP01702,Arjun P,Chennai,Cycle,Full-time,4.28,Y
1702,DP01703,Kiran U,Bengaluru,Scooter,Contract,4.2,Y
1703,DP01704,Neha K,Delhi,Car,Part-time,4.23,Y
1704,DP01705,Amit C,Bengaluru,Scooter,Part-time,4.16,Y
1705,DP01706,Vikas R,Chennai,Scooter,Part-time,4.11,Y
1706,DP01707,Vikas D,Bengaluru,Scooter,Contract,4.09,Y
1707,DP01708,Nikhil C,Bengaluru,Bike,Contract,3.87,Y
1708,DP01709,Ravi L,Chennai,Cycle,Full-time,4.4,Y
1709,DP01710,Sneha J,Bengaluru,Bike,Contract,4.34,Y
1710,DP01711,Rahul J,Pune,Scooter,Part-time,3.81,Y
1711,DP01712,Ananya S,Hyderabad,Scooter,Full-time,4.29,Y
1712,DP01713,Shreya U,Ahmedabad,Car,Part-time,3.92,Y
1713,DP01714,Vikas P,Bengaluru,Bike,Contract,4.61,Y
1714,DP01715,Suresh F,Chennai,Bike,Full-time,3.72,N
1715,DP01716,Arjun Z,Chennai,Bike,Part-time,3.95,Y
1716,DP01717,Ravi Z,Mumbai,Cycle,Full-time,4.59,Y
1717,DP01718,Manoj X,Delhi,Bike,Full-time,4.25,Y
1718,DP01719,Suresh A,Bengaluru,Scooter,Full-time,4.06,Y
1719,DP01720,Priya H,Pune,Bike,Full-time,4.03,Y
1720,DP01721,Rahul O,Mumbai,Scooter,Part-time,4.66,Y
1721,DP01722,Sneha I,Pune,Scooter,Contract,3.83,Y
1722,DP01723,Priya P,Delhi,Scooter,Full-time,3.86,Y
1723,DP01724,Ravi J,Bengaluru,Bike,Part-time,4.47,Y
1724,DP01725,Priya K,Pune,Scooter,Full-time,3.5,Y
1725,DP01726,Meena K,Delhi,Scooter,Full-time,3.82,Y
1726,DP01727,Meena I,Delhi,Cycle,Full-time,3.75,Y
1727,DP01728,Sneha F,Kolkata,Car,Full-time,3.8,Y
1728,DP01729,Rakesh A,Kolkata,Cycle,Full-time,4.17,Y
1729,DP01730,Arjun A,Chennai,Bike,Part-time,4.14,Y
1730,DP01731,Vikas M,Ahmedabad,Cycle,Part-time,4.19,Y
1731,DP01732,Rakesh M,Kolkata,Scooter,Part-time,3.79,Y
1732,DP01733,Kiran Q,Ahmedabad,Scooter,Contract,4.43,Y
1733,DP01734,Deepak B,Delhi,Bike,Contract,3.93,Y
1734,DP01735,Divya I,Mumbai,Cycle,Contract,4.64,Y
1735,DP01736,Nikhil F,Delhi,Bike,Full-time,4.33,Y
1736,DP01737,Meena O,Mumbai,Bike,Part-time,3.73,Y
1737,DP01738,Santosh Z,Bengaluru,Scooter,Full-time,4.5,Y
1738,DP01739,Santosh K,Chennai,Scooter,Part-time,4.8,Y
1739,DP01740,Deepak H,Chennai,Cycle,Part-time,3.31,Y
1740,DP01741,Amit Z,Bengaluru,Scooter,Full-time,3.84,Y
1741,DP01742,Santosh T,Bengaluru,Bike,Contract,4.32,Y
1742,DP01743,Rakesh U,Hyderabad,Scooter,Full-time,3.96,Y
1743,DP01744,Shreya Y,Pune,Bike,Full-time,4.32,Y
1744,DP01745,Ravi B,Delhi,Scooter,Full-time,4.09,N
1745,DP01746,Manoj U,Chennai,Scooter,Contract,4.06,Y
1746,DP01747,Amit W,Ahmedabad,Cycle,Contract,4.0,Y
1747,DP01748,Rahul Y,Hyderabad,Scooter,Full-time,4.36,N
1748,DP01749,Divya C,Kolkata,Bike,Full-time,4.22,Y
1749,DP01750,Ravi K,Kolkata,Scooter,Full-time,4.22,Y
1750,DP01751,Amit J,Mumbai,Bike,Part-time,4.23,Y
1751,DP01752,Neha W,Pune,Scooter,Contract,3.55,Y
1752,DP01753,Meena C,Pune,Bike,Contract,3.96,N
1753,DP01754,Shreya H,Bengaluru,Bike,Part-time,3.7,Y
1754,DP01755,Sneha V,Kolkata,Scooter,Contract,4.2,Y
1755,DP01756,Manoj J,Chennai,Bike,Contract,4.26,Y
1756,DP01757,Meena Z,Chennai,Bike,Contract,4.25,Y
1757,DP01758,Amit J,Pune,Bike,Full-time,4.11,Y
1758,DP01759,Deepak Z,Chennai,Scooter,Part-time,4.92,Y
1759,DP01760,Amit I,Pune,Bike,Part-time,4.5,Y
1760,DP01761,Pooja P,Hyderabad,Cycle,Part-time,3.92,Y
1761,DP01762,Divya W,Bengaluru,Scooter,Full-time,4.24,Y
1762,DP01763,Deepak Y,Chennai,Bike,Contract,4.48,Y
1763,DP01764,Vikas K,Pune,Car,Part-time,4.16,Y
1764,DP01765,Ananya G,Bengaluru,Car,Part-time,3.99,Y
1765,DP01766,Pooja K,Bengaluru,Bike,Contract,4.64,Y
1766,DP01767,Rahul A,Mumbai,Bike,Full-time,4.2,Y
1767,DP01768,Vikas D,Pune,Cycle,Part-time,3.97,Y
1768,DP01769,Arjun I,Chennai,Scooter,Full-time,4.34,Y
1769,DP01770,Meena P,Ahmedabad,Scooter,Part-time,3.94,Y
1770,DP01771,Arjun X,Ahmedabad,Scooter,Contract,4.44,N
1771,DP01772,Ravi L,Chennai,Bike,Full-time,4.04,Y
1772,DP01773,Nikhil E,Chennai,Scooter,Part-time,4.07,N
1773,DP01774,Rahul I,Chennai,Scooter,Part-time,3.91,Y
1774,DP01775,Amit F,Hyderabad,Bike,Full-time,4.36,Y
1775,DP01776,Rahul K,Chennai,Scooter,Full-time,4.15,Y
1776,DP01777,Suresh Q,Ahmedabad,Cycle,Part-time,3.69,Y
1777,DP01778,Manoj V,Kolkata,Bike,Full-time,4.46,Y
1778,DP01779,Rahul M,Pune,Bike,Full-time,4.21,N
1779,DP01780,Ravi X,Mumbai,Bike,Part-time,4.19,Y
1780,DP01781,Pooja M,Hyderabad,Scooter,Part-time,3.78,Y
1781,DP01782,Amit Q,Pune,Bike,Part-time,4.62,Y
1782,DP01783,Vikas E,Kolkata,Bike,Contract,3.74,N
1783,DP01784,Divya Z,Pune,Scooter,Full-time,4.05,Y
1784,DP01785,Vikas C,Ahmedabad,Bike,Part-time,4.23,Y
1785,DP01786,Divya O,Ahmedabad,Bike,Part-time,4.28,Y
1786,DP01787,Meena F,Kolkata,Scooter,Full-time,4.24,Y
1787,DP01788,Meena V,Hyderabad,Scooter,Part-time,4.22,Y
1788,DP01789,Neha H,Delhi,Bike,Full-time,4.41,Y
1789,DP01790,Rahul D,Ahmedabad,Scooter,Part-time,4.12,N
1790,DP01791,Rahul E,Chennai,Car,Part-time,4.45,Y
1791,DP01792,Deepak C,Mumbai,Scooter,Contract,3.89,Y
1792,DP01793,Deepak Q,Bengaluru,Bike,Full-time,3.94,Y
1793,DP01794,Neha F,Bengaluru,Scooter,Full-time,4.53,Y
1794,DP01795,Manoj P,Hyderabad,Scooter,Contract,4.45,N
1795,DP01796,Nikhil G,Pune,Scooter,Contract,3.53,Y
1796,DP01797,Rakesh W,Chennai,Bike,Full-time,4.74,N
1797,DP01798,Kiran X,Bengaluru,Scooter,Full-time,4.29,Y
1798,DP01799,Vikas Z,Kolkata,Cycle,Part-time,3.97,N
1799,DP01800,Sneha I,Delhi,Bike,Contract,3.77,Y
1800,DP01801,Kiran O,Mumbai,Bike,Part-time,4.57,Y
1801,DP01802,Arjun S,Bengaluru,Cycle,Full-time,4.13,Y
1802,DP01803,Pooja G,Bengaluru,Cycle,Part-time,4.61,Y
1803,DP01804,Shreya G,Delhi,Cycle,Contract,3.92,Y
1804,DP01805,Divya V,Delhi,Bike,Full-time,4.94,Y
1805,DP01806,Neha G,Kolkata,Bike,Part-time,3.91,N
1806,DP01807,Ananya T,Hyderabad,Scooter,Full-time,4.8,Y
1807,DP01808,Neha A,Kolkata,Bike,Contract,4.42,Y
1808,DP01809,Deepak H,Ahmedabad,Scooter,Full-time,4.47,Y
1809,DP01810,Vikas B,Bengaluru,Bike,Full-time,3.95,Y
1810,DP01811,Deepak T,Delhi,Bike,Contract,4.22,Y
1811,DP01812,Rahul P,Pune,Bike,Part-time,4.09,Y
1812,DP01813,Divya A,Mumbai,Bike,Full-time,3.88,Y
1813,DP01814,Vikas N,Kolkata,Scooter,Full-time,4.03,Y
1814,DP01815,Nikhil B,Bengaluru,Cycle,Full-time,4.19,Y
1815,DP01816,Divya E,Hyderabad,Car,Full-time,4.12,Y
1816,DP01817,Manoj W,Kolkata,Bike,Full-time,4.14,Y
1817,DP01818,Ravi E,Chennai,Scooter,Contract,3.6,Y
1818,DP01819,Sneha L,Ahmedabad,Bike,Full-time,3.72,Y
1819,DP01820,Arjun X,Mumbai,Scooter,Part-time,4.24,Y
1820,DP01821,Ravi N,Ahmedabad,Bike,Full-time,3.98,Y
1821,DP01822,Ananya S,Mumbai,Bike,Part-time,4.55,Y
1822,DP01823,Ravi J,Delhi,Scooter,Full-time,3.98,Y
1823,DP01824,Vikas M,Kolkata,Bike,Full-time,4.76,Y
1824,DP01825,Divya C,Kolkata,Scooter,Full-time,3.84,Y
1825,DP01826,Deepak N,Mumbai,Bike,Full-time,4.11,Y
1826,DP01827,Divya J,Delhi,Cycle,Full-time,4.17,N
1827,DP01828,Ravi O,Bengaluru,Cycle,Full-time,3.98,Y
1828,DP01829,Divya N,Kolkata,Bike,Part-time,4.0,Y
1829,DP01830,Vikas L,Bengaluru,Bike,Full-time,4.09,Y
1830,DP01831,Neha D,Chennai,Bike,Part-time,4.45,Y
1831,DP01832,Santosh J,Bengaluru,Bike,Part-time,3.86,Y
1832,DP01833,Amit E,Bengaluru,Car,Contract,4.01,Y
1833,DP01834,Suresh F,Hyderabad,Cycle,Full-time,4.66,Y
1834,DP01835,Sneha S,Bengaluru,Cycle,Part-time,4.29,Y
1835,DP01836,Neha G,Bengaluru,Bike,Contract,4.09,Y
1836,DP01837,Deepak C,Mumbai,Scooter,Full-time,4.37,Y
1837,DP01838,Kiran B,Hyderabad,Scooter,Contract,4.54,Y
1838,DP01839,Rakesh H,Chennai,Scooter,Part-time,4.25,Y
1839,DP01840,Deepak A,Mumbai,Car,Full-time,4.35,Y
1840,DP01841,Nikhil P,Delhi,Scooter,Full-time,4.4,Y
1841,DP01842,Pooja H,Delhi,Bike,Full-time,4.22,N
1842,DP01843,Ananya J,Hyderabad,Bike,Part-time,4.03,Y
1843,DP01844,Kiran X,Bengaluru,Bike,Full-time,4.69,Y
1844,DP01845,Meena L,Chennai,Scooter,Part-time,3.97,Y
1845,DP01846,Santosh U,Bengaluru,Car,Contract,3.76,Y
1846,DP01847,Divya B,Chennai,Scooter,Contract,4.34,Y
1847,DP01848,Neha C,Kolkata,Scooter,Part-time,4.45,Y
1848,DP01849,Rakesh H,Pune,Cycle,Contract,4.1,Y
1849,DP01850,Pooja P,Delhi,Scooter,Full-time,4.43,Y
1850,DP01851,Nikhil E,Kolkata,Car,Part-time,4.16,Y
1851,DP01852,Santosh T,Bengaluru,Scooter,Part-time,3.94,Y
1852,DP01853,Divya A,Bengaluru,Cycle,Full-time,4.1,N
1853,DP01854,Priya K,Bengaluru,Scooter,Full-time,3.94,Y
1854,DP01855,Kiran T,Chennai,Cycle,Full-time,4.22,Y
1855,DP01856,Ravi R,Bengaluru,Scooter,Contract,3.99,Y
1856,DP01857,Arjun N,Delhi,Scooter,Part-time,4.37,N
1857,DP01858,Santosh E,Delhi,Bike,Full-time,3.89,N
1858,DP01859,Pooja Q,Pune,Bike,Part-time,3.8,Y
1859,DP01860,Santosh V,Ahmedabad,Bike,Part-time,4.68,Y
1860,DP01861,Ravi N,Kolkata,Cycle,Full-time,4.14,Y
1861,DP01862,Suresh Z,Mumbai,Cycle,Part-time,4.59,N
1862,DP01863,Ravi B,Bengaluru,Bike,Full-time,4.12,Y
1863,DP01864,Deepak I,Hyderabad,Cycle,Contract,3.67,Y
1864,DP01865,Amit K,Hyderabad,Bike,Part-time,4.26,Y
1865,DP01866,Shreya W,Delhi,Cycle,Part-time,4.38,Y
1866,DP01867,Vikas Z,Bengaluru,Scooter,Part-time,4.11,Y
1867,DP01868,Amit G,Mumbai,Scooter,Full-time,4.46,Y
1868,DP01869,Kiran H,Delhi,Bike,Part-time,4.09,Y
1869,DP01870,Shreya P,Hyderabad,Scooter,Full-time,4.28,Y
1870,DP01871,Neha Y,Kolkata,Scooter,Full-time,4.18,Y
1871,DP01872,Ravi M,Hyderabad,Bike,Contract,4.15,Y
1872,DP01873,Ravi O,Ahmedabad,Bike,Full-time,4.37,Y
1873,DP01874,Vikas Z,Bengaluru,Scooter,Full-time,4.06,Y
1874,DP01875,Amit H,Mumbai,Scooter,Full-time,4.54,Y
1875,DP01876,Arjun F,Kolkata,Cycle,Full-time,3.97,Y
1876,DP01877,Arjun C,Bengaluru,Cycle,Part-time,4.1,Y
1877,DP01878,Neha S,Chennai,Car,Full-time,3.93,Y
1878,DP01879,Ravi B,Bengaluru,Bike,Full-time,4.33,Y
1879,DP01880,Vikas F,Hyderabad,Bike,Full-time,4.04,Y
1880,DP01881,Vikas X,Mumbai,Cycle,Part-time,4.15,Y
1881,DP01882,Rakesh E,Mumbai,Bike,Contract,4.17,Y
1882,DP01883,Sneha G,Delhi,Bike,Full-time,4.28,Y
1883,DP01884,Rakesh I,Mumbai,Scooter,Full-time,4.05,Y
1884,DP01885,Suresh N,Chennai,Scooter,Contract,4.28,N
1885,DP01886,Pooja Z,Bengaluru,Bike,Contract,4.28,Y
1886,DP01887,Arjun E,Bengaluru,Bike,Full-time,4.59,Y
1887,DP01888,Ananya N,Pune,Scooter,Full-time,4.48,N
1888,DP01889,Manoj R,Ahmedabad,Bike,Full-time,4.1,Y
1889,DP01890,Suresh U,Ahmedabad,Bike,Part-time,3.98,Y
1890,DP01891,Sneha V,Delhi,Scooter,Full-time,4.49,Y
1891,DP01892,Rakesh A,Mumbai,Scooter,Full-time,4.52,Y
1892,DP01893,Nikhil T,Ahmedabad,Cycle,Contract,4.6,Y
1893,DP01894,Ravi L,Kolkata,Scooter,Full-time,4.29,Y
1894,DP01895,Ravi G,Bengaluru,Bike,Part-time,4.13,Y
1895,DP01896,Neha F,Bengaluru,Bike,Full-time,4.16,Y
1896,DP01897,Divya J,Pune,Bike,Contract,3.47,Y
1897,DP01898,Vikas G,Mumbai,Cycle,Contract,4.42,Y
1898,DP01899,Meena M,Hyderabad,Bike,Contract,4.04,Y
1899,DP01900,Neha S,Bengaluru,Scooter,Part-time,4.16,Y
1900,DP01901,Ananya D,Ahmedabad,Scooter,Full-time,4.53,Y
1901,DP01902,Sneha J,Bengaluru,Scooter,Full-time,4.43,Y
1902,DP01903,Suresh X,Mumbai,Bike,Full-time,4.11,Y
1903,DP01904,Pooja Q,Kolkata,Bike,Part-time,4.0,Y
1904,DP01905,Ananya O,Delhi,Scooter,Full-time,3.71,Y
1905,DP01906,Ananya C,Ahmedabad,Scooter,Full-time,3.31,Y
1906,DP01907,Manoj N,Pune,Scooter,Contract,4.04,Y
1907,DP01908,Sneha D,Mumbai,Scooter,Full-time,4.26,N
1908,DP01909,Santosh B,Chennai,Bike,Part-time,4.47,Y
1909,DP01910,Priya R,Delhi,Bike,Full-time,4.1,N
1910,DP01911,Sneha P,Kolkata,Scooter,Full-time,3.82,Y
1911,DP01912,Pooja W,Mumbai,Cycle,Full-time,4.44,Y
1912,DP01913,Nikhil C,Delhi,Scooter,Contract,4.12,Y
1913,DP01914,Meena X,Pune,Bike,Full-time,3.73,Y
1914,DP01915,Priya K,Kolkata,Scooter,Full-time,4.1,Y
1915,DP01916,Amit T,Bengaluru,Cycle,Contract,3.83,Y
1916,DP01917,Arjun H,Pune,Scooter,Full-time,4.23,Y
1917,DP01918,Vikas I,Kolkata,Bike,Full-time,4.15,Y
1918,DP01919,Sneha X,Kolkata,Bike,Contract,4.19,Y
1919,DP01920,Pooja S,Delhi,Scooter,Full-time,4.12,Y
1920,DP01921,Deepak Z,Bengaluru,Bike,Part-time,4.0,Y
1921,DP01922,Rakesh R,Delhi,Car,Full-time,4.17,Y
1922,DP01923,Amit P,Mumbai,Car,Full-time,4.3,N
1923,DP01924,Meena O,Pune,Cycle,Full-time,3.92,Y
1924,DP01925,Meena W,Bengaluru,Bike,Part-time,4.66,Y
1925,DP01926,Ananya M,Mumbai,Bike,Full-time,4.09,Y
1926,DP01927,Meena Y,Mumbai,Bike,Full-time,4.42,Y
1927,DP01928,Ananya I,Delhi,Bike,Full-time,4.38,Y
1928,DP01929,Rakesh P,Pune,Scooter,Full-time,4.67,Y
1929,DP01930,Rahul E,Bengaluru,Car,Full-time,4.27,Y
1930,DP01931,Divya H,Delhi,Scooter,Contract,4.33,Y
1931,DP01932,Nikhil H,Delhi,Cycle,Part-time,3.89,Y
1932,DP01933,Neha P,Bengaluru,Scooter,Full-time,4.27,Y
1933,DP01934,Deepak G,Mumbai,Car,Contract,4.75,Y
1934,DP01935,Priya T,Chennai,Bike,Full-time,4.3,Y
1935,DP01936,Santosh A,Kolkata,Cycle,Part-time,4.02,Y
1936,DP01937,Vikas S,Delhi,Scooter,Full-time,4.55,Y
1937,DP01938,Santosh A,Bengaluru,Scooter,Full-time,4.24,Y
1938,DP01939,Meena T,Mumbai,Scooter,Full-time,4.44,Y
1939,DP01940,Meena K,Chennai,Car,Full-time,3.87,Y
1940,DP01941,Priya O,Kolkata,Car,Part-time,4.42,Y
1941,DP01942,Neha V,Chennai,Cycle,Part-time,4.4,Y
1942,DP01943,Meena Z,Ahmedabad,Bike,Contract,4.31,Y
1943,DP01944,Kiran E,Mumbai,Scooter,Part-time,3.97,Y
1944,DP01945,Amit X,Delhi,Scooter,Contract,4.4,Y
1945,DP01946,Nikhil A,Kolkata,Scooter,Contract,4.09,N
1946,DP01947,Priya Z,Delhi,Scooter,Full-time,3.89,Y
1947,DP01948,Suresh U,Hyderabad,Bike,Full-time,4.33,Y
1948,DP01949,Vikas W,Bengaluru,Bike,Full-time,4.24,Y
1949,DP01950,Deepak F,Mumbai,Scooter,Contract,4.37,Y
1950,DP01951,Manoj T,Chennai,Scooter,Full-time,4.32,Y
1951,DP01952,Ravi K,Pune,Scooter,Full-time,4.77,N
1952,DP01953,Meena P,Mumbai,Scooter,Full-time,4.58,Y
1953,DP01954,Santosh N,Delhi,Bike,Part-time,4.6,Y
1954,DP01955,Arjun P,Kolkata,Cycle,Contract,3.94,Y
1955,DP01956,Sneha D,Delhi,Bike,Contract,4.81,Y
1956,DP01957,Amit Q,Bengaluru,Bike,Part-time,4.67,Y
1957,DP01958,Shreya U,Pune,Scooter,Full-time,4.18,Y
1958,DP01959,Rahul W,Pune,Cycle,Full-time,3.88,Y
1959,DP01960,Amit V,Bengaluru,Bike,Full-time,4.13,Y
1960,DP01961,Vikas X,Hyderabad,Cycle,Full-time,4.38,Y
1961,DP01962,Sneha K,Kolkata,Scooter,Full-time,3.74,Y
1962,DP01963,Pooja V,Mumbai,Bike,Contract,3.8,Y
1963,DP01964,Kiran G,Hyderabad,Bike,Full-time,4.55,Y
1964,DP01965,Sneha Q,Kolkata,Scooter,Full-time,4.43,N
1965,DP01966,Divya S,Kolkata,Scooter,Part-time,4.27,Y
1966,DP01967,Vikas A,Ahmedabad,Scooter,Full-time,3.97,Y
1967,DP01968,Kiran W,Mumbai,Bike,Full-time,4.04,N
1968,DP01969,Suresh D,Bengaluru,Scooter,Contract,3.78,Y
1969,DP01970,Pooja V,Hyderabad,Scooter,Full-time,3.69,Y
1970,DP01971,Ananya N,Bengaluru,Scooter,Contract,4.05,Y
1971,DP01972,Suresh G,Delhi,Scooter,Part-time,3.83,Y
1972,DP01973,Suresh Y,Chennai,Scooter,Full-time,4.25,Y
1973,DP01974,Nikhil O,Kolkata,Bike,Full-time,4.19,Y
1974,DP01975,Nikhil B,Hyderabad,Bike,Part-time,3.89,Y
1975,DP01976,Shreya L,Kolkata,Bike,Part-time,4.41,Y
1976,DP01977,Deepak D,Ahmedabad,Cycle,Part-time,4.06,Y
1977,DP01978,Suresh E,Chennai,Bike,Part-time,4.27,Y
1978,DP01979,Ananya O,Delhi,Cycle,Full-time,4.47,Y
1979,DP01980,Amit U,Delhi,Scooter,Part-time,4.45,Y
1980,DP01981,Sneha T,Mumbai,Cycle,Part-time,4.32,Y
1981,DP01982,Divya A,Bengaluru,Bike,Full-time,4.43,Y
1982,DP01983,Neha R,Bengaluru,Scooter,Part-time,4.01,Y
1983,DP01984,Rahul X,Bengaluru,Cycle,Full-time,4.5,Y
1984,DP01985,Sneha U,Mumbai,Scooter,Full-time,4.47,Y
1985,DP01986,Nikhil V,Delhi,Bike,Part-time,4.69,Y
1986,DP01987,Neha P,Bengaluru,Cycle,Full-time,4.47,Y
1987,DP01988,Amit L,Delhi,Bike,Contract,4.02,Y
1988,DP01989,Vikas W,Kolkata,Scooter,Contract,4.05,Y
1989,DP01990,Nikhil H,Chennai,Bike,Part-time,4.16,Y
1990,DP01991,Arjun O,Chennai,Bike,Contract,4.42,Y
1991,DP01992,Kiran W,Chennai,Bike,Full-time,4.31,Y
1992,DP01993,Vikas V,Ahmedabad,Scooter,Full-time,4.44,Y
1993,DP01994,Ananya E,Hyderabad,Bike,Part-time,4.41,Y
1994,DP01995,Rahul F,Ahmedabad,Scooter,Full-time,4.21,Y
1995,DP01996,Suresh D,Bengaluru,Bike,Full-time,3.9,Y
1996,DP01997,Shreya V,Delhi,Bike,Part-time,4.43,Y
1997,DP01998,Arjun X,Chennai,Scooter,Part-time,4.19,N
1998,DP01999,Deepak L,Mumbai,Scooter,Contract,4.52,Y
1999,DP02000,Ananya R,Pune,Cycle,Part-time,4.72,N
2000,DP02001,Rakesh T,Kolkata,Bike,Full-time,4.61,Y
2001,DP02002,Neha H,Chennai,Scooter,Full-time,3.83,Y
2002,DP02003,Sneha Z,Delhi,Car,Contract,4.21,N
2003,DP02004,Rahul T,Kolkata,Scooter,Full-time,4.12,Y
2004,DP02005,Vikas Z,Mumbai,Cycle,Part-time,4.3,Y
2005,DP02006,Santosh Y,Pune,Bike,Full-time,4.25,Y
2006,DP02007,Neha H,Hyderabad,Scooter,Part-time,3.28,N
2007,DP02008,Vikas D,Kolkata,Bike,Full-time,3.82,Y
2008,DP02009,Suresh W,Mumbai,Car,Full-time,3.73,Y
2009,DP02010,Kiran Q,Bengaluru,Scooter,Full-time,4.23,Y
2010,DP02011,Priya D,Delhi,Scooter,Full-time,4.64,N
2011,DP02012,Manoj X,Pune,Scooter,Part-time,4.53,Y
2012,DP02013,Meena D,Bengaluru,Scooter,Part-time,4.69,Y
2013,DP02014,Neha L,Ahmedabad,Scooter,Part-time,4.48,N
2014,DP02015,Deepak S,Chennai,Bike,Full-time,4.37,Y
2015,DP02016,Shreya H,Bengaluru,Scooter,Full-time,4.3,Y
2016,DP02017,Rahul M,Chennai,Bike,Full-time,4.24,Y
2017,DP02018,Ravi S,Hyderabad,Bike,Part-time,4.04,Y
2018,DP02019,Santosh Y,Bengaluru,Bike,Full-time,4.21,Y
2019,DP02020,Pooja B,Bengaluru,Cycle,Full-time,4.11,Y
2020,DP02021,Neha V,Bengaluru,Bike,Full-time,3.9,Y
2021,DP02022,Neha B,Hyderabad,Scooter,Full-time,4.27,N
2022,DP02023,Pooja F,Bengaluru,Cycle,Full-time,4.56,Y
2023,DP02024,Ravi S,Delhi,Scooter,Part-time,4.72,N
2024,DP02025,Priya H,Chennai,Cycle,Contract,4.2,Y
2025,DP02026,Rahul M,Hyderabad,Scooter,Contract,4.48,N
2026,DP02027,Shreya X,Mumbai,Scooter,Full-time,4.52,Y
2027,DP02028,Neha V,Kolkata,Bike,Contract,4.21,Y
2028,DP02029,Deepak D,Delhi,Scooter,Contract,4.2,Y
2029,DP02030,Vikas D,Pune,Scooter,Full-time,4.19,Y
2030,DP02031,Rakesh B,Pune,Cycle,Full-time,4.37,Y
2031,DP02032,Meena U,Delhi,Scooter,Full-time,4.68,Y
2032,DP02033,Deepak G,Hyderabad,Bike,Part-time,3.97,Y
2033,DP02034,Meena Z,Delhi,Scooter,Contract,4.17,Y
2034,DP02035,Vikas G,Ahmedabad,Cycle,Full-time,4.19,Y
2035,DP02036,Suresh N,Bengaluru,Cycle,Part-time,4.18,Y
2036,DP02037,Amit E,Bengaluru,Scooter,Full-time,3.45,Y
2037,DP02038,Sneha U,Mumbai,Scooter,Full-time,4.25,Y
2038,DP02039,Arjun P,Hyderabad,Scooter,Contract,4.0,Y
2039,DP02040,Amit Y,Mumbai,Bike,Contract,4.33,Y
2040,DP02041,Arjun X,Chennai,Scooter,Full-time,3.9,Y
2041,DP02042,Vikas Z,Chennai,Bike,Full-time,4.0,Y
2042,DP02043,Amit S,Delhi,Bike,Part-time,4.23,Y
2043,DP02044,Santosh W,Bengaluru,Scooter,Contract,3.94,Y
2044,DP02045,Meena X,Hyderabad,Bike,Contract,3.7,Y
2045,DP02046,Nikhil R,Bengaluru,Cycle,Contract,4.11,Y
2046,DP02047,Amit S,Mumbai,Scooter,Full-time,3.99,Y
2047,DP02048,Nikhil W,Ahmedabad,Scooter,Part-time,3.92,Y
2048,DP02049,Priya P,Bengaluru,Scooter,Part-time,4.53,Y
2049,DP02050,Divya F,Delhi,Cycle,Contract,4.58,Y
2050,DP02051,Priya X,Delhi,Bike,Part-time,4.23,Y
2051,DP02052,Nikhil A,Pune,Bike,Full-time,4.07,Y
2052,DP02053,Vikas K,Bengaluru,Scooter,Full-time,3.84,Y
2053,DP02054,Ananya M,Ahmedabad,Bike,Part-time,4.6,Y
2054,DP02055,Kiran U,Kolkata,Scooter,Part-time,4.27,Y
2055,DP02056,Amit O,Chennai,Cycle,Contract,3.55,N
2056,DP02057,Ravi A,Mumbai,Cycle,Full-time,4.32,Y
2057,DP02058,Amit H,Hyderabad,Scooter,Full-time,3.85,Y
2058,DP02059,Manoj X,Delhi,Scooter,Full-time,3.96,N
2059,DP02060,Divya A,Ahmedabad,Bike,Contract,4.05,Y
2060,DP02061,Arjun T,Hyderabad,Cycle,Full-time,4.18,Y
2061,DP02062,Manoj Q,Bengaluru,Scooter,Full-time,4.74,Y
2062,DP02063,Priya U,Hyderabad,Scooter,Part-time,3.84,Y
2063,DP02064,Suresh E,Mumbai,Cycle,Full-time,4.12,Y
2064,DP02065,Shreya C,Pune,Bike,Full-time,4.58,Y
2065,DP02066,Ravi X,Hyderabad,Cycle,Part-time,4.36,Y
2066,DP02067,Nikhil K,Delhi,Cycle,Full-time,3.9,Y
2067,DP02068,Rakesh V,Hyderabad,Bike,Part-time,4.21,Y
2068,DP02069,Pooja H,Bengaluru,Cycle,Full-time,4.19,Y
2069,DP02070,Ananya E,Hyderabad,Bike,Part-time,4.1,Y
2070,DP02071,Pooja J,Delhi,Bike,Full-time,3.98,Y
2071,DP02072,Shreya E,Chennai,Scooter,Full-time,3.8,Y
2072,DP02073,Sneha D,Kolkata,Scooter,Full-time,3.5,Y
2073,DP02074,Ananya P,Delhi,Bike,Full-time,4.39,Y
2074,DP02075,Amit L,Delhi,Bike,Full-time,4.56,Y
2075,DP02076,Kiran X,Bengaluru,Cycle,Contract,4.24,Y
2076,DP02077,Shreya H,Mumbai,Scooter,Full-time,4.23,Y
2077,DP02078,Rahul Z,Kolkata,Bike,Full-time,3.65,Y
2078,DP02079,Meena N,Chennai,Scooter,Part-time,4.57,Y
2079,DP02080,Neha C,Bengaluru,Scooter,Contract,4.53,Y
2080,DP02081,Rahul M,Mumbai,Bike,Contract,4.26,Y
2081,DP02082,Deepak M,Kolkata,Bike,Full-time,4.68,Y
2082,DP02083,Vikas C,Bengaluru,Scooter,Full-time,4.38,Y
2083,DP02084,Kiran M,Delhi,Bike,Full-time,4.24,Y
2084,DP02085,Divya K,Hyderabad,Bike,Part-time,3.98,Y
2085,DP02086,Vikas S,Pune,Bike,Part-time,4.14,Y
2086,DP02087,Sneha F,Ahmedabad,Scooter,Part-time,3.48,Y
2087,DP02088,Kiran C,Mumbai,Bike,Part-time,4.41,Y
2088,DP02089,Kiran K,Ahmedabad,Cycle,Contract,3.91,Y
2089,DP02090,Neha R,Pune,Scooter,Full-time,4.84,Y
2090,DP02091,Meena M,Bengaluru,Bike,Part-time,4.55,Y
2091,DP02092,Rahul H,Bengaluru,Bike,Part-time,4.22,Y
2092,DP02093,Santosh R,Ahmedabad,Car,Full-time,4.54,Y
2093,DP02094,Pooja N,Chennai,Bike,Full-time,4.36,Y
2094,DP02095,Santosh Q,Bengaluru,Bike,Full-time,4.24,Y
2095,DP02096,Rakesh T,Bengaluru,Cycle,Full-time,3.87,N
2096,DP02097,Amit T,Delhi,Bike,Part-time,4.26,Y
2097,DP02098,Neha A,Pune,Scooter,Part-time,4.43,Y
2098,DP02099,Meena V,Bengaluru,Bike,Contract,4.37,Y
2099,DP02100,Rahul B,Hyderabad,Scooter,Full-time,4.62,Y
2100,DP02101,Santosh J,Chennai,Bike,Part-time,4.22,Y
2101,DP02102,Neha Q,Bengaluru,Scooter,Part-time,4.35,Y
2102,DP02103,Suresh D,Kolkata,Car,Full-time,4.25,Y
2103,DP02104,Sneha O,Pune,Scooter,Part-time,4.27,Y
2104,DP02105,Kiran Z,Mumbai,Cycle,Part-time,3.94,Y
2105,DP02106,Meena E,Mumbai,Scooter,Full-time,4.32,Y
2106,DP02107,Ananya S,Chennai,Bike,Full-time,4.39,Y
2107,DP02108,Nikhil Q,Bengaluru,Scooter,Part-time,4.49,Y
2108,DP02109,Rahul O,Delhi,Scooter,Full-time,3.5,Y
2109,DP02110,Arjun P,Mumbai,Scooter,Full-time,3.93,N
2110,DP02111,Priya Z,Bengaluru,Bike,Part-time,3.86,Y
2111,DP02112,Meena Z,Hyderabad,Scooter,Full-time,3.86,Y
2112,DP02113,Meena G,Delhi,Scooter,Full-time,4.25,Y
2113,DP02114,Rahul O,Mumbai,Bike,Full-time,3.94,Y
2114,DP02115,Sneha R,Kolkata,Bike,Full-time,4.11,Y
2115,DP02116,Neha R,Hyderabad,Cycle,Part-time,4.3,N
2116,DP02117,Santosh V,Ahmedabad,Bike,Full-time,4.59,Y
2117,DP02118,Pooja V,Bengaluru,Bike,Contract,4.54,Y
2118,DP02119,Deepak F,Bengaluru,Cycle,Full-time,4.16,Y
2119,DP02120,Divya H,Bengaluru,Bike,Part-time,3.77,Y
2120,DP02121,Suresh Q,Ahmedabad,Scooter,Full-time,4.0,Y
2121,DP02122,Ananya L,Kolkata,Car,Part-time,4.81,Y
2122,DP02123,Rakesh T,Bengaluru,Bike,Full-time,4.2,Y
2123,DP02124,Sneha H,Bengaluru,Cycle,Contract,4.14,Y
2124,DP02125,Shreya H,Pune,Scooter,Full-time,3.93,N
2125,DP02126,Ananya J,Bengaluru,Cycle,Contract,4.36,Y
2126,DP02127,Nikhil W,Hyderabad,Scooter,Full-time,4.29,Y
2127,DP02128,Neha P,Mumbai,Bike,Contract,3.74,Y
2128,DP02129,Shreya H,Chennai,Cycle,Full-time,4.66,N
2129,DP02130,Shreya F,Ahmedabad,Car,Full-time,4.04,Y
2130,DP02131,Shreya O,Hyderabad,Scooter,Full-time,4.47,Y
2131,DP02132,Rakesh T,Kolkata,Bike,Full-time,4.11,Y
2132,DP02133,Neha Z,Kolkata,Bike,Contract,4.58,Y
2133,DP02134,Shreya W,Hyderabad,Bike,Contract,4.27,Y
2134,DP02135,Rakesh F,Mumbai,Scooter,Full-time,4.42,Y
2135,DP02136,Divya T,Mumbai,Scooter,Contract,3.93,Y
2136,DP02137,Pooja M,Hyderabad,Scooter,Full-time,4.35,Y
2137,DP02138,Divya X,Bengaluru,Bike,Part-time,4.06,Y
2138,DP02139,Rahul B,Bengaluru,Car,Full-time,4.3,Y
2139,DP02140,Vikas J,Pune,Bike,Contract,5.0,Y
2140,DP02141,Divya M,Bengaluru,Scooter,Part-time,4.31,Y
2141,DP02142,Ananya N,Bengaluru,Scooter,Full-time,3.93,Y
2142,DP02143,Shreya P,Chennai,Bike,Full-time,4.81,Y
2143,DP02144,Manoj Y,Pune,Cycle,Full-time,3.94,Y
2144,DP02145,Priya Y,Kolkata,Bike,Contract,4.1,Y
2145,DP02146,Suresh B,Mumbai,Bike,Contract,4.64,Y
2146,DP02147,Meena X,Mumbai,Car,Part-time,4.69,Y
2147,DP02148,Manoj F,Delhi,Bike,Part-time,4.16,Y
2148,DP02149,Shreya E,Bengaluru,Cycle,Part-time,4.27,Y
2149,DP02150,Rakesh U,Hyderabad,Scooter,Part-time,4.14,Y
2150,DP02151,Santosh Y,Hyderabad,Car,Part-time,3.54,Y
2151,DP02152,Amit I,Kolkata,Bike,Full-time,4.04,Y
2152,DP02153,Suresh E,Mumbai,Bike,Part-time,4.36,N
2153,DP02154,Manoj E,Chennai,Scooter,Full-time,3.79,Y
2154,DP02155,Vikas M,Bengaluru,Cycle,Full-time,4.08,Y
2155,DP02156,Priya J,Bengaluru,Bike,Part-time,4.12,Y
2156,DP02157,Rahul G,Ahmedabad,Scooter,Full-time,4.16,Y
2157,DP02158,Ananya Y,Kolkata,Bike,Full-time,4.04,Y
2158,DP02159,Priya G,Delhi,Bike,Contract,3.88,Y
2159,DP02160,Divya U,Mumbai,Car,Part-time,4.81,Y
2160,DP02161,Amit T,Chennai,Bike,Full-time,3.74,Y
2161,DP02162,Sneha I,Kolkata,Scooter,Part-time,3.8,Y
2162,DP02163,Rakesh B,Hyderabad,Scooter,Part-time,3.85,Y
2163,DP02164,Amit K,Ahmedabad,Scooter,Contract,4.31,Y
2164,DP02165,Meena P,Hyderabad,Scooter,Full-time,4.04,Y
2165,DP02166,Shreya Y,Mumbai,Scooter,Part-time,3.66,Y
2166,DP02167,Priya B,Delhi,Bike,Full-time,4.2,Y
2167,DP02168,Priya G,Kolkata,Bike,Full-time,4.17,Y
2168,DP02169,Manoj G,Hyderabad,Bike,Full-time,4.3,Y
2169,DP02170,Amit M,Mumbai,Bike,Full-time,3.95,Y
2170,DP02171,Ravi W,Bengaluru,Bike,Full-time,3.74,Y
2171,DP02172,Suresh W,Hyderabad,Bike,Full-time,3.85,Y
2172,DP02173,Deepak R,Hyderabad,Scooter,Part-time,4.01,Y
2173,DP02174,Manoj U,Bengaluru,Bike,Full-time,4.14,Y
2174,DP02175,Arjun K,Delhi,Bike,Part-time,4.3,N
2175,DP02176,Deepak L,Delhi,Scooter,Full-time,4.04,N
2176,DP02177,Pooja G,Chennai,Scooter,Full-time,4.25,Y
2177,DP02178,Arjun T,Delhi,Scooter,Contract,4.32,Y
2178,DP02179,Amit Q,Bengaluru,Scooter,Full-time,4.42,Y
2179,DP02180,Rakesh Q,Delhi,Bike,Contract,4.42,Y
2180,DP02181,Neha K,Chennai,Bike,Full-time,3.76,Y
2181,DP02182,Ravi C,Kolkata,Cycle,Full-time,4.43,Y
2182,DP02183,Arjun U,Delhi,Car,Part-time,4.9,Y
2183,DP02184,Suresh I,Hyderabad,Cycle,Part-time,4.35,Y
2184,DP02185,Santosh D,Kolkata,Cycle,Part-time,4.18,Y
2185,DP02186,Neha X,Hyderabad,Bike,Full-time,4.15,Y
2186,DP02187,Meena W,Bengaluru,Scooter,Part-time,4.44,Y
2187,DP02188,Vikas K,Delhi,Scooter,Full-time,4.44,Y
2188,DP02189,Ravi W,Chennai,Scooter,Contract,4.17,N
2189,DP02190,Rakesh G,Kolkata,Scooter,Contract,4.32,Y
2190,DP02191,Rakesh O,Bengaluru,Bike,Full-time,4.07,N
2191,DP02192,Neha V,Ahmedabad,Scooter,Full-time,4.85,Y
2192,DP02193,Divya X,Bengaluru,Cycle,Full-time,4.02,Y
2193,DP02194,Priya L,Mumbai,Bike,Part-time,4.01,N
2194,DP02195,Kiran I,Mumbai,Bike,Full-time,4.02,Y
2195,DP02196,Neha T,Delhi,Scooter,Contract,4.03,Y
2196,DP02197,Meena N,Kolkata,Scooter,Full-time,4.76,Y
2197,DP02198,Shreya C,Mumbai,Scooter,Full-time,4.04,Y
2198,DP02199,Manoj G,Mumbai,Bike,Part-time,4.0,Y
2199,DP02200,Priya Q,Delhi,Bike,Part-time,4.43,Y
2200,DP02201,Kiran G,Delhi,Scooter,Contract,3.98,Y
2201,DP02202,Nikhil R,Delhi,Bike,Full-time,4.32,Y
2202,DP02203,Priya F,Pune,Scooter,Full-time,4.62,Y
2203,DP02204,Arjun P,Hyderabad,Bike,Part-time,4.28,Y
2204,DP02205,Arjun F,Chennai,Scooter,Full-time,4.36,Y
2205,DP02206,Rakesh Y,Pune,Scooter,Contract,4.37,N
2206,DP02207,Kiran H,Bengaluru,Scooter,Contract,4.45,N
2207,DP02208,Priya K,Chennai,Scooter,Full-time,4.23,N
2208,DP02209,Divya P,Bengaluru,Scooter,Contract,4.15,Y
2209,DP02210,Ananya R,Hyderabad,Cycle,Part-time,4.09,Y
2210,DP02211,Kiran B,Ahmedabad,Cycle,Part-time,3.85,Y
2211,DP02212,Rahul W,Mumbai,Scooter,Full-time,3.82,Y
2212,DP02213,Neha W,Bengaluru,Scooter,Part-time,3.58,N
2213,DP02214,Divya W,Hyderabad,Scooter,Full-time,3.9,Y
2214,DP02215,Arjun Z,Bengaluru,Scooter,Part-time,4.56,Y
2215,DP02216,Kiran Q,Delhi,Bike,Full-time,4.12,Y
2216,DP02217,Kiran A,Ahmedabad,Scooter,Contract,4.1,Y
2217,DP02218,Divya E,Mumbai,Bike,Contract,4.25,N
2218,DP02219,Neha X,Delhi,Bike,Full-time,4.43,Y
2219,DP02220,Amit N,Pune,Bike,Full-time,3.53,Y
2220,DP02221,Ananya U,Mumbai,Bike,Part-time,4.06,Y
2221,DP02222,Amit X,Hyderabad,Car,Part-time,3.97,Y
2222,DP02223,Pooja G,Kolkata,Scooter,Full-time,4.11,Y
2223,DP02224,Santosh T,Bengaluru,Bike,Full-time,3.91,Y
2224,DP02225,Ananya Y,Chennai,Cycle,Part-time,4.33,Y
2225,DP02226,Rakesh X,Chennai,Bike,Full-time,4.17,Y
2226,DP02227,Santosh M,Bengaluru,Scooter,Contract,4.33,Y
2227,DP02228,Arjun P,Mumbai,Car,Full-time,4.12,Y
2228,DP02229,Neha W,Mumbai,Bike,Full-time,4.02,Y
2229,DP02230,Shreya K,Mumbai,Cycle,Full-time,4.57,Y
2230,DP02231,Deepak F,Delhi,Bike,Full-time,4.15,Y
2231,DP02232,Kiran Y,Hyderabad,Car,Full-time,4.73,Y
2232,DP02233,Rahul Y,Hyderabad,Car,Full-time,3.88,Y
2233,DP02234,Priya N,Bengaluru,Bike,Part-time,3.77,Y
2234,DP02235,Divya N,Pune,Scooter,Part-time,3.91,Y
2235,DP02236,Manoj Q,Bengaluru,Scooter,Full-time,3.76,Y
2236,DP02237,Nikhil D,Bengaluru,Scooter,Contract,4.56,Y
2237,DP02238,Manoj C,Chennai,Bike,Full-time,4.22,Y
2238,DP02239,Santosh S,Delhi,Bike,Part-time,4.42,Y
2239,DP02240,Rakesh X,Kolkata,Scooter,Contract,4.38,Y
2240,DP02241,Arjun E,Hyderabad,Bike,Full-time,3.99,Y
2241,DP02242,Priya W,Ahmedabad,Bike,Full-time,4.0,Y
2242,DP02243,Vikas I,Hyderabad,Bike,Part-time,4.47,Y
2243,DP02244,Rahul N,Kolkata,Bike,Full-time,4.25,Y
2244,DP02245,Pooja W,Bengaluru,Scooter,Full-time,4.09,N
2245,DP02246,Sneha L,Pune,Scooter,Contract,4.08,Y
2246,DP02247,Santosh L,Chennai,Bike,Full-time,4.88,Y
2247,DP02248,Pooja B,Delhi,Bike,Full-time,4.11,N
2248,DP02249,Amit H,Hyderabad,Bike,Part-time,4.15,Y
2249,DP02250,Kiran G,Hyderabad,Bike,Part-time,4.4,Y
2250,DP02251,Ananya K,Hyderabad,Bike,Contract,4.01,Y
2251,DP02252,Santosh F,Bengaluru,Cycle,Full-time,4.65,Y
2252,DP02253,Arjun W,Bengaluru,Car,Full-time,4.65,Y
2253,DP02254,Rahul U,Hyderabad,Bike,Contract,4.1,Y
2254,DP02255,Priya C,Bengaluru,Cycle,Part-time,4.11,Y
2255,DP02256,Vikas C,Kolkata,Scooter,Full-time,4.12,Y
2256,DP02257,Rahul B,Chennai,Bike,Contract,4.86,Y
2257,DP02258,Priya O,Ahmedabad,Scooter,Part-time,4.71,Y
2258,DP02259,Pooja M,Bengaluru,Cycle,Full-time,4.39,Y
2259,DP02260,Meena J,Bengaluru,Bike,Full-time,4.5,Y
2260,DP02261,Amit J,Hyderabad,Bike,Full-time,3.88,N
2261,DP02262,Amit O,Bengaluru,Scooter,Part-time,4.0,Y
2262,DP02263,Divya Z,Bengaluru,Bike,Full-time,4.27,Y
2263,DP02264,Ravi J,Hyderabad,Cycle,Full-time,4.37,Y
2264,DP02265,Santosh O,Ahmedabad,Cycle,Part-time,3.91,Y
2265,DP02266,Priya V,Pune,Car,Part-time,4.17,Y
2266,DP02267,Manoj G,Chennai,Cycle,Contract,4.45,Y
2267,DP02268,Pooja E,Hyderabad,Bike,Contract,4.03,Y
2268,DP02269,Divya Y,Hyderabad,Car,Full-time,4.26,Y
2269,DP02270,Divya V,Bengaluru,Scooter,Part-time,4.03,Y
2270,DP02271,Rahul A,Hyderabad,Bike,Contract,4.97,Y
2271,DP02272,Pooja B,Bengaluru,Bike,Part-time,4.2,Y
2272,DP02273,Shreya O,Bengaluru,Scooter,Full-time,4.27,Y
2273,DP02274,Pooja G,Mumbai,Cycle,Part-time,4.43,Y
2274,DP02275,Nikhil Y,Bengaluru,Bike,Contract,4.31,Y
2275,DP02276,Manoj W,Chennai,Scooter,Full-time,3.43,Y
2276,DP02277,Neha J,Pune,Scooter,Part-time,3.64,Y
2277,DP02278,Suresh I,Delhi,Bike,Part-time,4.9,Y
2278,DP02279,Neha O,Ahmedabad,Scooter,Full-time,4.1,N
2279,DP02280,Nikhil I,Bengaluru,Bike,Part-time,4.06,Y
2280,DP02281,Manoj M,Mumbai,Scooter,Full-time,4.74,Y
2281,DP02282,Sneha U,Bengaluru,Scooter,Full-time,4.1,N
2282,DP02283,Ananya O,Hyderabad,Cycle,Part-time,3.82,Y
2283,DP02284,Pooja I,Chennai,Bike,Full-time,4.18,Y
2284,DP02285,Kiran Q,Kolkata,Bike,Full-time,4.25,Y
2285,DP02286,Rahul L,Kolkata,Car,Part-time,4.19,Y
2286,DP02287,Arjun J,Bengaluru,Bike,Full-time,4.24,Y
2287,DP02288,Suresh Y,Bengaluru,Bike,Full-time,3.9,Y
2288,DP02289,Rahul K,Delhi,Bike,Full-time,4.02,Y
2289,DP02290,Suresh N,Bengaluru,Scooter,Contract,4.0,Y
2290,DP02291,Deepak O,Ahmedabad,Bike,Full-time,3.57,Y
2291,DP02292,Ananya J,Kolkata,Scooter,Full-time,4.27,Y
2292,DP02293,Amit L,Mumbai,Scooter,Contract,4.97,Y
2293,DP02294,Deepak J,Pune,Cycle,Contract,3.94,Y
2294,DP02295,Neha H,Hyderabad,Bike,Part-time,3.68,Y
2295,DP02296,Manoj Y,Delhi,Bike,Full-time,3.94,Y
2296,DP02297,Kiran K,Delhi,Scooter,Full-time,4.3,Y
2297,DP02298,Arjun C,Bengaluru,Bike,Contract,4.45,Y
2298,DP02299,Ananya U,Mumbai,Bike,Full-time,4.15,Y
2299,DP02300,Sneha E,Bengaluru,Car,Full-time,3.97,Y
2300,DP02301,Ananya E,Bengaluru,Bike,Full-time,3.85,Y
2301,DP02302,Kiran Z,Chennai,Scooter,Contract,4.05,Y
2302,DP02303,Amit O,Ahmedabad,Scooter,Full-time,3.76,Y
2303,DP02304,Arjun F,Bengaluru,Car,Full-time,3.97,Y
2304,DP02305,Meena N,Chennai,Bike,Part-time,4.4,Y
2305,DP02306,Meena Z,Hyderabad,Scooter,Part-time,3.87,Y
2306,DP02307,Priya H,Bengaluru,Bike,Full-time,4.1,N
2307,DP02308,Rakesh W,Chennai,Bike,Full-time,3.98,Y
2308,DP02309,Rakesh A,Delhi,Bike,Full-time,3.77,Y
2309,DP02310,Deepak Z,Ahmedabad,Bike,Full-time,4.49,Y
2310,DP02311,Ananya C,Kolkata,Bike,Full-time,4.26,Y
2311,DP02312,Priya U,Delhi,Scooter,Full-time,4.1,Y
2312,DP02313,Deepak H,Bengaluru,Scooter,Full-time,4.35,N
2313,DP02314,Suresh X,Delhi,Scooter,Part-time,4.15,Y
2314,DP02315,Deepak X,Kolkata,Scooter,Contract,4.74,Y
2315,DP02316,Vikas Y,Ahmedabad,Scooter,Full-time,4.91,Y
2316,DP02317,Nikhil C,Hyderabad,Bike,Full-time,3.56,Y
2317,DP02318,Priya S,Mumbai,Bike,Full-time,4.32,Y
2318,DP02319,Rakesh P,Chennai,Car,Full-time,4.27,Y
2319,DP02320,Priya Z,Mumbai,Cycle,Contract,3.86,Y
2320,DP02321,Deepak K,Chennai,Scooter,Full-time,4.3,Y
2321,DP02322,Vikas D,Bengaluru,Scooter,Full-time,3.75,Y
2322,DP02323,Santosh B,Hyderabad,Scooter,Full-time,4.07,Y
2323,DP02324,Divya C,Bengaluru,Cycle,Full-time,4.53,Y
2324,DP02325,Priya S,Pune,Scooter,Full-time,4.54,Y
2325,DP02326,Divya Q,Chennai,Bike,Full-time,3.98,Y
2326,DP02327,Rahul P,Bengaluru,Scooter,Part-time,4.35,Y
2327,DP02328,Divya X,Hyderabad,Bike,Full-time,3.96,Y
2328,DP02329,Arjun T,Chennai,Cycle,Full-time,4.4,Y
2329,DP02330,Arjun C,Bengaluru,Bike,Part-time,4.24,Y
2330,DP02331,Vikas U,Delhi,Scooter,Full-time,4.2,Y
2331,DP02332,Ravi Y,Delhi,Scooter,Full-time,4.13,Y
2332,DP02333,Ananya B,Bengaluru,Scooter,Part-time,4.69,Y
2333,DP02334,Ravi P,Mumbai,Scooter,Full-time,4.31,Y
2334,DP02335,Rakesh C,Mumbai,Bike,Part-time,4.02,Y
2335,DP02336,Neha B,Mumbai,Scooter,Full-time,4.05,Y
2336,DP02337,Priya L,Hyderabad,Bike,Full-time,3.65,N
2337,DP02338,Rahul Q,Mumbai,Cycle,Full-time,3.96,Y
2338,DP02339,Amit F,Chennai,Bike,Full-time,4.23,Y
2339,DP02340,Priya T,Mumbai,Scooter,Full-time,4.57,Y
2340,DP02341,Rahul K,Mumbai,Bike,Full-time,4.32,Y
2341,DP02342,Priya J,Chennai,Bike,Full-time,3.64,Y
2342,DP02343,Ravi S,Chennai,Cycle,Part-time,4.27,Y
2343,DP02344,Vikas Y,Chennai,Bike,Full-time,3.7,Y
2344,DP02345,Ananya D,Mumbai,Bike,Contract,4.03,Y
2345,DP02346,Deepak Z,Bengaluru,Bike,Full-time,4.37,Y
2346,DP02347,Vikas N,Chennai,Bike,Full-time,4.54,Y
2347,DP02348,Rakesh W,Bengaluru,Scooter,Part-time,4.14,Y
2348,DP02349,Arjun C,Kolkata,Scooter,Full-time,4.18,Y
2349,DP02350,Neha W,Pune,Bike,Full-time,4.07,Y
2350,DP02351,Deepak B,Bengaluru,Car,Full-time,4.19,Y
2351,DP02352,Divya G,Kolkata,Scooter,Full-time,4.03,Y
2352,DP02353,Deepak V,Bengaluru,Bike,Full-time,3.58,N
2353,DP02354,Vikas U,Chennai,Scooter,Full-time,4.33,Y
2354,DP02355,Manoj E,Bengaluru,Scooter,Part-time,4.24,N
2355,DP02356,Ananya A,Ahmedabad,Scooter,Contract,4.13,Y
2356,DP02357,Neha K,Bengaluru,Scooter,Part-time,3.76,Y
2357,DP02358,Sneha G,Mumbai,Scooter,Full-time,3.83,Y
2358,DP02359,Santosh F,Kolkata,Bike,Full-time,4.11,Y
2359,DP02360,Nikhil L,Bengaluru,Bike,Part-time,4.17,Y
2360,DP02361,Meena Q,Bengaluru,Bike,Part-time,4.02,Y
2361,DP02362,Kiran F,Delhi,Bike,Full-time,4.41,N
2362,DP02363,Divya S,Bengaluru,Scooter,Contract,4.45,Y
2363,DP02364,Santosh G,Hyderabad,Cycle,Contract,3.87,Y
2364,DP02365,Priya L,Ahmedabad,Scooter,Contract,3.97,Y
2365,DP02366,Suresh M,Kolkata,Bike,Full-time,3.61,Y
2366,DP02367,Priya B,Mumbai,Scooter,Part-time,4.2,Y
2367,DP02368,Neha L,Delhi,Scooter,Full-time,4.12,Y
2368,DP02369,Santosh D,Mumbai,Cycle,Part-time,4.15,N
2369,DP02370,Kiran E,Bengaluru,Bike,Part-time,4.48,Y
2370,DP02371,Priya O,Pune,Cycle,Part-time,3.62,Y
2371,DP02372,Priya I,Hyderabad,Scooter,Contract,4.11,Y
2372,DP02373,Priya P,Delhi,Scooter,Contract,4.25,Y
2373,DP02374,Amit E,Bengaluru,Bike,Full-time,4.34,Y
2374,DP02375,Ravi L,Kolkata,Bike,Contract,4.55,Y
2375,DP02376,Vikas G,Ahmedabad,Bike,Part-time,4.23,Y
2376,DP02377,Santosh L,Mumbai,Scooter,Full-time,4.46,Y
2377,DP02378,Amit Q,Bengaluru,Scooter,Contract,3.96,Y
2378,DP02379,Arjun D,Hyderabad,Scooter,Full-time,4.13,Y
2379,DP02380,Rahul M,Bengaluru,Bike,Part-time,4.11,Y
2380,DP02381,Meena C,Chennai,Scooter,Full-time,4.49,Y
2381,DP02382,Suresh J,Bengaluru,Bike,Contract,4.05,Y
2382,DP02383,Kiran O,Mumbai,Scooter,Full-time,4.4,Y
2383,DP02384,Kiran T,Mumbai,Scooter,Part-time,4.23,Y
2384,DP02385,Santosh R,Mumbai,Bike,Full-time,4.02,Y
2385,DP02386,Divya V,Bengaluru,Bike,Part-time,4.21,Y
2386,DP02387,Pooja L,Bengaluru,Cycle,Part-time,4.38,Y
2387,DP02388,Amit V,Delhi,Scooter,Full-time,4.25,Y
2388,DP02389,Priya M,Bengaluru,Bike,Full-time,4.23,Y
2389,DP02390,Kiran R,Chennai,Bike,Full-time,3.82,Y
2390,DP02391,Ravi Y,Delhi,Bike,Full-time,4.32,Y
2391,DP02392,Ravi S,Bengaluru,Scooter,Contract,4.38,Y
2392,DP02393,Pooja X,Ahmedabad,Scooter,Full-time,3.77,Y
2393,DP02394,Nikhil F,Pune,Scooter,Full-time,3.75,Y
2394,DP02395,Shreya H,Pune,Cycle,Full-time,3.95,Y
2395,DP02396,Sneha H,Chennai,Scooter,Full-time,4.0,Y
2396,DP02397,Rahul L,Mumbai,Bike,Part-time,4.64,Y
2397,DP02398,Ananya V,Pune,Scooter,Contract,4.41,Y
2398,DP02399,Sneha P,Mumbai,Bike,Full-time,4.09,Y
2399,DP02400,Kiran X,Delhi,Bike,Full-time,4.25,Y
2400,DP02401,Ananya H,Bengaluru,Scooter,Part-time,4.46,Y
2401,DP02402,Arjun F,Pune,Bike,Full-time,4.12,N
2402,DP02403,Ananya Z,Delhi,Scooter,Contract,4.06,Y
2403,DP02404,Nikhil Q,Pune,Bike,Contract,4.16,Y
2404,DP02405,Kiran Z,Chennai,Scooter,Full-time,3.79,Y
2405,DP02406,Vikas R,Mumbai,Bike,Part-time,3.66,Y
2406,DP02407,Rahul E,Pune,Bike,Part-time,4.12,Y
2407,DP02408,Meena Y,Bengaluru,Bike,Full-time,3.88,Y
2408,DP02409,Arjun O,Hyderabad,Bike,Full-time,4.68,Y
2409,DP02410,Suresh M,Mumbai,Scooter,Part-time,3.89,Y
2410,DP02411,Meena U,Hyderabad,Bike,Part-time,4.2,Y
2411,DP02412,Nikhil Q,Bengaluru,Bike,Contract,3.91,Y
2412,DP02413,Nikhil F,Kolkata,Bike,Part-time,3.79,Y
2413,DP02414,Vikas Y,Bengaluru,Cycle,Full-time,4.49,Y
2414,DP02415,Rakesh H,Bengaluru,Scooter,Full-time,3.98,Y
2415,DP02416,Ravi X,Kolkata,Scooter,Full-time,3.97,Y
2416,DP02417,Nikhil R,Hyderabad,Bike,Part-time,4.19,Y
2417,DP02418,Neha N,Kolkata,Bike,Full-time,3.87,Y
2418,DP02419,Ananya P,Bengaluru,Scooter,Part-time,3.75,Y
2419,DP02420,Arjun G,Bengaluru,Bike,Full-time,4.11,Y
2420,DP02421,Ravi W,Chennai,Cycle,Part-time,4.56,Y
2421,DP02422,Suresh M,Bengaluru,Scooter,Part-time,4.61,N
2422,DP02423,Manoj X,Mumbai,Cycle,Full-time,4.02,Y
2423,DP02424,Divya P,Bengaluru,Scooter,Full-time,4.37,Y
2424,DP02425,Ravi Y,Chennai,Car,Full-time,4.54,Y
2425,DP02426,Ananya X,Chennai,Bike,Full-time,3.58,Y
2426,DP02427,Amit M,Pune,Bike,Full-time,4.14,Y
2427,DP02428,Ananya O,Mumbai,Cycle,Part-time,4.28,Y
2428,DP02429,Ananya M,Mumbai,Scooter,Part-time,4.34,N
2429,DP02430,Rahul X,Bengaluru,Cycle,Contract,4.07,Y
2430,DP02431,Amit J,Chennai,Car,Full-time,4.17,N
2431,DP02432,Nikhil H,Delhi,Scooter,Full-time,4.15,Y
2432,DP02433,Arjun Y,Delhi,Scooter,Part-time,4.18,Y
2433,DP02434,Priya Y,Bengaluru,Scooter,Part-time,4.57,Y
2434,DP02435,Shreya B,Bengaluru,Car,Full-time,4.04,Y
2435,DP02436,Kiran Q,Bengaluru,Scooter,Part-time,4.49,Y
2436,DP02437,Arjun M,Bengaluru,Scooter,Full-time,4.12,Y
2437,DP02438,Arjun O,Pune,Bike,Contract,3.87,Y
2438,DP02439,Amit A,Pune,Bike,Part-time,3.92,Y
2439,DP02440,Pooja E,Pune,Bike,Full-time,4.26,Y
2440,DP02441,Shreya N,Delhi,Bike,Full-time,4.3,Y
2441,DP02442,Sneha E,Chennai,Bike,Full-time,4.35,Y
2442,DP02443,Shreya G,Delhi,Scooter,Full-time,4.51,N
2443,DP02444,Arjun E,Ahmedabad,Cycle,Part-time,4.49,Y
2444,DP02445,Divya P,Delhi,Bike,Part-time,4.17,Y
2445,DP02446,Suresh B,Bengaluru,Bike,Full-time,4.07,Y
2446,DP02447,Kiran H,Bengaluru,Scooter,Full-time,3.8,Y
2447,DP02448,Priya C,Delhi,Cycle,Full-time,3.94,Y
2448,DP02449,Santosh Y,Bengaluru,Car,Full-time,4.1,Y
2449,DP02450,Santosh B,Chennai,Scooter,Contract,4.36,Y
2450,DP02451,Sneha K,Bengaluru,Bike,Full-time,3.5,Y
2451,DP02452,Divya G,Chennai,Bike,Full-time,5.0,Y
2452,DP02453,Deepak T,Bengaluru,Car,Full-time,3.97,Y
2453,DP02454,Neha I,Chennai,Scooter,Contract,4.41,N
2454,DP02455,Arjun T,Ahmedabad,Scooter,Contract,4.06,Y
2455,DP02456,Suresh Z,Bengaluru,Car,Part-time,3.7,Y
2456,DP02457,Suresh L,Kolkata,Scooter,Full-time,4.58,Y
2457,DP02458,Divya N,Mumbai,Bike,Contract,4.5,Y
2458,DP02459,Pooja N,Mumbai,Cycle,Full-time,4.8,Y
2459,DP02460,Manoj U,Hyderabad,Scooter,Part-time,4.38,Y
2460,DP02461,Suresh Q,Hyderabad,Scooter,Full-time,3.94,Y
2461,DP02462,Ananya I,Hyderabad,Bike,Full-time,4.96,Y
2462,DP02463,Manoj C,Bengaluru,Bike,Part-time,4.3,Y
2463,DP02464,Deepak W,Bengaluru,Bike,Contract,4.21,N
2464,DP02465,Meena M,Pune,Scooter,Full-time,4.52,N
2465,DP02466,Nikhil J,Hyderabad,Scooter,Part-time,4.62,Y
2466,DP02467,Priya U,Mumbai,Car,Part-time,4.16,Y
2467,DP02468,Sneha T,Hyderabad,Bike,Full-time,3.8,Y
2468,DP02469,Ravi O,Hyderabad,Cycle,Full-time,4.58,N
2469,DP02470,Ravi M,Chennai,Bike,Contract,4.78,Y
2470,DP02471,Shreya D,Mumbai,Scooter,Contract,4.29,Y
2471,DP02472,Ravi N,Mumbai,Bike,Full-time,4.78,Y
2472,DP02473,Santosh T,Ahmedabad,Scooter,Part-time,4.35,Y
2473,DP02474,Sneha P,Ahmedabad,Bike,Part-time,4.77,Y
2474,DP02475,Rakesh M,Bengaluru,Scooter,Part-time,4.21,Y
2475,DP02476,Pooja T,Delhi,Bike,Full-time,3.94,Y
2476,DP02477,Suresh P,Pune,Bike,Part-time,3.72,N
2477,DP02478,Kiran C,Delhi,Bike,Full-time,3.96,Y
2478,DP02479,Amit V,Delhi,Car,Part-time,4.26,Y
2479,DP02480,Sneha S,Chennai,Scooter,Full-time,3.89,Y
2480,DP02481,Pooja J,Chennai,Bike,Contract,3.91,Y
2481,DP02482,Rakesh G,Hyderabad,Cycle,Full-time,3.74,N
2482,DP02483,Amit D,Kolkata,Cycle,Part-time,3.97,Y
2483,DP02484,Priya Q,Ahmedabad,Bike,Contract,4.84,Y
2484,DP02485,Divya T,Delhi,Scooter,Full-time,4.34,Y
2485,DP02486,Divya R,Delhi,Cycle,Part-time,4.03,Y
2486,DP02487,Vikas D,Chennai,Bike,Part-time,4.49,Y
2487,DP02488,Amit F,Mumbai,Bike,Full-time,3.92,Y
2488,DP02489,Meena X,Mumbai,Cycle,Full-time,3.94,Y
2489,DP02490,Manoj Z,Kolkata,Bike,Contract,4.32,Y
2490,DP02491,Sneha H,Mumbai,Car,Full-time,4.46,Y
2491,DP02492,Suresh Q,Ahmedabad,Cycle,Part-time,4.07,Y
2492,DP02493,Priya S,Hyderabad,Scooter,Full-time,4.27,Y
2493,DP02494,Deepak O,Mumbai,Scooter,Full-time,4.08,Y
2494,DP02495,Suresh P,Chennai,Bike,Full-time,4.12,Y
2495,DP02496,Santosh A,Kolkata,Scooter,Contract,4.4,Y
2496,DP02497,Rakesh Y,Kolkata,Bike,Full-time,3.7,Y
2497,DP02498,Manoj H,Pune,Bike,Full-time,4.27,Y
2498,DP02499,Ananya C,Chennai,Bike,Full-time,4.36,Y
2499,DP02500,Kiran M,Delhi,Bike,Part-time,3.79,Y
2500,DP02501,Santosh T,Bengaluru,Bike,Full-time,4.52,Y
2501,DP02502,Pooja W,Chennai,Bike,Contract,3.85,Y
2502,DP02503,Suresh Z,Delhi,Car,Full-time,3.91,Y
2503,DP02504,Suresh X,Hyderabad,Bike,Full-time,4.22,N
2504,DP02505,Meena E,Bengaluru,Car,Part-time,3.56,Y
2505,DP02506,Nikhil A,Kolkata,Scooter,Full-time,3.87,Y
2506,DP02507,Manoj S,Pune,Scooter,Full-time,4.5,Y
2507,DP02508,Manoj V,Bengaluru,Car,Full-time,3.72,Y
2508,DP02509,Meena U,Bengaluru,Scooter,Full-time,4.22,N
2509,DP02510,Divya O,Ahmedabad,Bike,Full-time,3.98,Y
2510,DP02511,Pooja D,Bengaluru,Scooter,Contract,4.05,Y
2511,DP02512,Ravi F,Mumbai,Cycle,Full-time,4.01,N
2512,DP02513,Manoj Q,Bengaluru,Scooter,Contract,4.05,Y
2513,DP02514,Kiran P,Pune,Cycle,Contract,3.87,Y
2514,DP02515,Divya A,Bengaluru,Car,Part-time,4.35,Y
2515,DP02516,Shreya R,Bengaluru,Bike,Part-time,4.16,Y
2516,DP02517,Amit V,Delhi,Bike,Full-time,4.06,Y
2517,DP02518,Meena D,Bengaluru,Bike,Part-time,4.21,Y
2518,DP02519,Suresh I,Delhi,Scooter,Part-time,4.36,Y
2519,DP02520,Shreya C,Kolkata,Scooter,Full-time,4.52,Y
2520,DP02521,Kiran P,Pune,Bike,Full-time,4.27,Y
2521,DP02522,Priya Y,Ahmedabad,Car,Full-time,3.82,N
2522,DP02523,Deepak X,Delhi,Bike,Full-time,4.41,Y
2523,DP02524,Suresh V,Pune,Scooter,Full-time,4.48,Y
2524,DP02525,Arjun L,Delhi,Scooter,Full-time,4.34,Y
2525,DP02526,Nikhil F,Hyderabad,Bike,Part-time,3.95,Y
2526,DP02527,Manoj V,Kolkata,Scooter,Full-time,4.38,Y
2527,DP02528,Suresh R,Bengaluru,Bike,Contract,3.86,Y
2528,DP02529,Divya D,Hyderabad,Bike,Part-time,4.43,Y
2529,DP02530,Meena N,Bengaluru,Scooter,Full-time,4.74,Y
2530,DP02531,Amit S,Chennai,Scooter,Full-time,4.19,Y
2531,DP02532,Nikhil G,Ahmedabad,Bike,Contract,4.56,Y
2532,DP02533,Priya T,Ahmedabad,Scooter,Part-time,4.32,N
2533,DP02534,Sneha N,Pune,Scooter,Full-time,3.79,Y
2534,DP02535,Arjun U,Hyderabad,Car,Full-time,4.53,Y
2535,DP02536,Rahul R,Chennai,Scooter,Full-time,3.67,Y
2536,DP02537,Ravi N,Pune,Scooter,Part-time,4.07,Y
2537,DP02538,Deepak X,Pune,Scooter,Contract,4.02,Y
2538,DP02539,Priya C,Bengaluru,Bike,Full-time,4.49,Y
2539,DP02540,Neha K,Bengaluru,Car,Full-time,4.12,Y
2540,DP02541,Meena L,Hyderabad,Scooter,Contract,4.14,Y
2541,DP02542,Meena X,Pune,Scooter,Full-time,3.75,Y
2542,DP02543,Pooja G,Mumbai,Bike,Part-time,4.08,N
2543,DP02544,Ananya U,Hyderabad,Scooter,Full-time,4.15,N
2544,DP02545,Nikhil U,Chennai,Bike,Full-time,4.54,Y
2545,DP02546,Rakesh T,Bengaluru,Cycle,Contract,4.47,Y
2546,DP02547,Ananya B,Bengaluru,Scooter,Full-time,4.45,Y
2547,DP02548,Suresh V,Pune,Bike,Part-time,4.43,Y
2548,DP02549,Santosh C,Delhi,Bike,Full-time,3.88,Y
2549,DP02550,Neha L,Bengaluru,Bike,Contract,3.55,Y
2550,DP02551,Deepak J,Delhi,Bike,Full-time,4.27,Y
2551,DP02552,Arjun M,Mumbai,Bike,Contract,4.93,Y
2552,DP02553,Neha S,Mumbai,Bike,Full-time,4.48,Y
2553,DP02554,Neha E,Hyderabad,Scooter,Full-time,4.71,Y
2554,DP02555,Priya Y,Bengaluru,Bike,Full-time,4.5,Y
2555,DP02556,Vikas S,Bengaluru,Scooter,Full-time,3.72,N
2556,DP02557,Rahul G,Chennai,Scooter,Part-time,4.4,N
2557,DP02558,Nikhil I,Kolkata,Scooter,Part-time,3.99,Y
2558,DP02559,Divya I,Bengaluru,Scooter,Part-time,3.8,Y
2559,DP02560,Santosh W,Kolkata,Bike,Contract,4.45,Y
2560,DP02561,Arjun N,Ahmedabad,Scooter,Part-time,4.45,N
2561,DP02562,Vikas K,Ahmedabad,Scooter,Part-time,4.24,Y
2562,DP02563,Vikas X,Bengaluru,Bike,Part-time,4.5,Y
2563,DP02564,Ananya X,Chennai,Bike,Full-time,4.63,Y
2564,DP02565,Santosh L,Ahmedabad,Bike,Part-time,3.74,Y
2565,DP02566,Vikas U,Bengaluru,Bike,Full-time,4.43,Y
2566,DP02567,Priya K,Pune,Bike,Full-time,3.47,Y
2567,DP02568,Sneha I,Mumbai,Car,Full-time,4.05,Y
2568,DP02569,Ravi R,Delhi,Scooter,Full-time,4.03,Y
2569,DP02570,Suresh P,Ahmedabad,Scooter,Part-time,3.8,Y
2570,DP02571,Santosh A,Bengaluru,Scooter,Full-time,4.4,Y
2571,DP02572,Arjun J,Kolkata,Cycle,Full-time,4.26,Y
2572,DP02573,Deepak M,Mumbai,Scooter,Part-time,3.97,Y
2573,DP02574,Suresh K,Delhi,Bike,Part-time,3.8,Y
2574,DP02575,Vikas M,Delhi,Scooter,Contract,4.35,Y
2575,DP02576,Neha U,Mumbai,Bike,Part-time,4.06,N
2576,DP02577,Shreya S,Delhi,Cycle,Part-time,4.28,N
2577,DP02578,Ananya Z,Pune,Bike,Full-time,3.76,Y
2578,DP02579,Pooja P,Bengaluru,Scooter,Contract,3.93,Y
2579,DP02580,Amit H,Pune,Bike,Part-time,4.52,Y
2580,DP02581,Vikas K,Bengaluru,Cycle,Contract,4.05,N
2581,DP02582,Shreya H,Hyderabad,Scooter,Full-time,4.46,Y
2582,DP02583,Kiran U,Hyderabad,Scooter,Full-time,4.37,Y
2583,DP02584,Pooja C,Bengaluru,Cycle,Contract,4.0,Y
2584,DP02585,Amit L,Bengaluru,Scooter,Full-time,3.97,Y
2585,DP02586,Santosh W,Mumbai,Bike,Full-time,4.29,Y
2586,DP02587,Vikas V,Pune,Cycle,Part-time,3.63,N
2587,DP02588,Divya E,Delhi,Scooter,Part-time,4.17,Y
2588,DP02589,Ravi T,Pune,Cycle,Part-time,4.48,N
2589,DP02590,Shreya P,Delhi,Scooter,Full-time,4.04,Y
2590,DP02591,Manoj O,Kolkata,Scooter,Part-time,3.92,Y
2591,DP02592,Manoj E,Hyderabad,Scooter,Contract,4.31,Y
2592,DP02593,Ravi M,Delhi,Scooter,Part-time,5.0,N
2593,DP02594,Meena T,Delhi,Cycle,Part-time,4.3,Y
2594,DP02595,Arjun O,Bengaluru,Bike,Part-time,4.38,N
2595,DP02596,Arjun V,Delhi,Scooter,Contract,4.46,Y
2596,DP02597,Amit F,Pune,Bike,Part-time,4.68,Y
2597,DP02598,Santosh P,Mumbai,Bike,Contract,4.17,Y
2598,DP02599,Amit G,Ahmedabad,Cycle,Contract,3.94,Y
2599,DP02600,Suresh A,Bengaluru,Bike,Full-time,4.47,N
2600,DP02601,Vikas W,Delhi,Scooter,Full-time,4.12,Y
2601,DP02602,Rakesh A,Delhi,Cycle,Part-time,3.99,Y
2602,DP02603,Kiran Z,Chennai,Bike,Part-time,4.45,Y
2603,DP02604,Nikhil Y,Delhi,Scooter,Part-time,4.01,Y
2604,DP02605,Sneha V,Delhi,Bike,Full-time,4.36,Y
2605,DP02606,Priya R,Ahmedabad,Bike,Full-time,4.33,Y
2606,DP02607,Rahul S,Kolkata,Cycle,Full-time,4.07,N
2607,DP02608,Amit L,Ahmedabad,Scooter,Part-time,4.14,Y
2608,DP02609,Kiran F,Bengaluru,Car,Part-time,4.14,Y
2609,DP02610,Neha R,Delhi,Scooter,Part-time,4.27,Y
2610,DP02611,Ravi X,Bengaluru,Scooter,Contract,3.62,N
2611,DP02612,Sneha K,Delhi,Bike,Full-time,4.2,Y
2612,DP02613,Amit A,Bengaluru,Bike,Contract,4.26,Y
2613,DP02614,Sneha F,Bengaluru,Cycle,Contract,4.25,Y
2614,DP02615,Divya D,Chennai,Bike,Full-time,4.34,Y
2615,DP02616,Rahul F,Bengaluru,Cycle,Contract,3.92,Y
2616,DP02617,Suresh F,Ahmedabad,Cycle,Part-time,4.21,Y
2617,DP02618,Neha M,Hyderabad,Car,Full-time,4.31,Y
2618,DP02619,Meena L,Delhi,Bike,Full-time,4.12,N
2619,DP02620,Santosh L,Delhi,Scooter,Part-time,4.28,Y
2620,DP02621,Arjun I,Bengaluru,Cycle,Part-time,4.64,Y
2621,DP02622,Amit H,Pune,Scooter,Full-time,4.01,Y
2622,DP02623,Arjun K,Mumbai,Cycle,Full-time,3.85,Y
2623,DP02624,Amit O,Bengaluru,Scooter,Part-time,4.27,Y
2624,DP02625,Pooja A,Hyderabad,Scooter,Full-time,3.87,Y
2625,DP02626,Meena R,Kolkata,Scooter,Full-time,4.46,Y
2626,DP02627,Ravi I,Bengaluru,Bike,Full-time,4.36,Y
2627,DP02628,Ravi D,Bengaluru,Bike,Part-time,3.95,N
2628,DP02629,Vikas I,Ahmedabad,Bike,Full-time,4.4,Y
2629,DP02630,Priya O,Chennai,Bike,Part-time,4.62,N
2630,DP02631,Manoj M,Delhi,Bike,Contract,4.06,Y
2631,DP02632,Vikas S,Delhi,Scooter,Part-time,3.67,Y
2632,DP02633,Kiran O,Bengaluru,Cycle,Full-time,4.09,Y
2633,DP02634,Rahul K,Pune,Bike,Contract,3.8,Y
2634,DP02635,Ravi G,Delhi,Scooter,Contract,3.84,Y
2635,DP02636,Nikhil N,Mumbai,Cycle,Full-time,4.0,Y
2636,DP02637,Rakesh W,Hyderabad,Bike,Full-time,4.7,Y
2637,DP02638,Kiran K,Mumbai,Scooter,Part-time,3.74,Y
2638,DP02639,Nikhil W,Kolkata,Cycle,Full-time,3.99,Y
2639,DP02640,Nikhil O,Delhi,Bike,Contract,4.4,Y
2640,DP02641,Nikhil B,Mumbai,Bike,Full-time,4.33,Y
2641,DP02642,Amit D,Hyderabad,Scooter,Full-time,4.53,Y
2642,DP02643,Ananya N,Hyderabad,Bike,Full-time,4.35,Y
2643,DP02644,Rahul P,Hyderabad,Bike,Part-time,3.77,Y
2644,DP02645,Meena P,Pune,Scooter,Contract,4.28,Y
2645,DP02646,Manoj Q,Chennai,Scooter,Full-time,4.3,Y
2646,DP02647,Rakesh N,Chennai,Cycle,Part-time,4.28,Y
2647,DP02648,Vikas J,Kolkata,Bike,Contract,4.35,Y
2648,DP02649,Vikas L,Chennai,Scooter,Part-time,4.29,Y
2649,DP02650,Amit I,Hyderabad,Bike,Full-time,4.32,Y
2650,DP02651,Deepak Y,Pune,Bike,Full-time,4.13,Y
2651,DP02652,Priya K,Hyderabad,Scooter,Contract,4.26,Y
2652,DP02653,Pooja Y,Kolkata,Bike,Full-time,4.56,Y
2653,DP02654,Meena E,Bengaluru,Car,Full-time,4.24,Y
2654,DP02655,Vikas T,Bengaluru,Scooter,Full-time,3.91,N
2655,DP02656,Sneha X,Delhi,Cycle,Contract,4.44,Y
2656,DP02657,Rahul C,Chennai,Cycle,Full-time,4.16,Y
2657,DP02658,Suresh Y,Bengaluru,Scooter,Part-time,4.62,Y
2658,DP02659,Meena O,Mumbai,Bike,Full-time,4.39,N
2659,DP02660,Priya I,Bengaluru,Bike,Full-time,4.61,Y
2660,DP02661,Nikhil X,Bengaluru,Scooter,Full-time,4.37,Y
2661,DP02662,Priya R,Chennai,Scooter,Contract,3.83,N
2662,DP02663,Divya J,Mumbai,Cycle,Part-time,4.08,Y
2663,DP02664,Shreya U,Pune,Cycle,Full-time,3.71,Y
2664,DP02665,Kiran U,Kolkata,Bike,Contract,4.43,Y
2665,DP02666,Divya S,Ahmedabad,Scooter,Part-time,4.36,Y
2666,DP02667,Neha B,Delhi,Scooter,Full-time,3.85,Y
2667,DP02668,Priya D,Pune,Cycle,Full-time,3.94,Y
2668,DP02669,Divya E,Ahmedabad,Scooter,Part-time,4.35,Y
2669,DP02670,Kiran D,Bengaluru,Bike,Part-time,4.23,Y
2670,DP02671,Deepak S,Delhi,Scooter,Full-time,3.84,Y
2671,DP02672,Meena C,Ahmedabad,Bike,Full-time,4.05,Y
2672,DP02673,Priya Y,Delhi,Scooter,Full-time,3.97,Y
2673,DP02674,Sneha Q,Delhi,Bike,Full-time,3.9,Y
2674,DP02675,Manoj Y,Delhi,Cycle,Contract,4.99,Y
2675,DP02676,Amit G,Hyderabad,Bike,Part-time,4.57,Y
2676,DP02677,Kiran Q,Pune,Bike,Contract,4.51,Y
2677,DP02678,Sneha G,Kolkata,Scooter,Full-time,3.95,Y
2678,DP02679,Sneha T,Chennai,Scooter,Full-time,3.86,Y
2679,DP02680,Amit A,Kolkata,Bike,Part-time,3.89,Y
2680,DP02681,Ravi C,Hyderabad,Bike,Full-time,4.03,Y
2681,DP02682,Santosh S,Ahmedabad,Scooter,Full-time,4.14,Y
2682,DP02683,Manoj T,Bengaluru,Bike,Contract,4.11,Y
2683,DP02684,Sneha C,Delhi,Scooter,Full-time,4.01,Y
2684,DP02685,Santosh T,Delhi,Bike,Part-time,4.59,Y
2685,DP02686,Santosh M,Bengaluru,Scooter,Contract,4.31,Y
2686,DP02687,Nikhil T,Pune,Bike,Part-time,4.27,Y
2687,DP02688,Manoj L,Pune,Scooter,Part-time,4.41,Y
2688,DP02689,Santosh Q,Hyderabad,Cycle,Full-time,3.69,Y
2689,DP02690,Neha B,Bengaluru,Scooter,Part-time,4.21,Y
2690,DP02691,Priya N,Delhi,Bike,Part-time,4.42,Y
2691,DP02692,Manoj P,Delhi,Bike,Contract,4.11,Y
2692,DP02693,Kiran K,Pune,Scooter,Contract,3.95,Y
2693,DP02694,Sneha K,Delhi,Bike,Full-time,4.37,Y
2694,DP02695,Pooja Z,Bengaluru,Scooter,Full-time,3.76,Y
2695,DP02696,Meena W,Bengaluru,Cycle,Contract,4.42,Y
2696,DP02697,Rakesh X,Hyderabad,Scooter,Full-time,3.78,Y
2697,DP02698,Neha N,Mumbai,Scooter,Part-time,3.99,Y
2698,DP02699,Nikhil S,Ahmedabad,Bike,Part-time,3.95,Y
2699,DP02700,Santosh D,Mumbai,Bike,Part-time,4.57,Y
2700,DP02701,Sneha I,Hyderabad,Scooter,Part-time,4.11,Y
2701,DP02702,Nikhil D,Bengaluru,Cycle,Part-time,4.26,Y
2702,DP02703,Manoj F,Chennai,Scooter,Full-time,4.43,Y
2703,DP02704,Deepak B,Chennai,Scooter,Full-time,4.54,Y
2704,DP02705,Ananya D,Chennai,Car,Full-time,4.23,Y
2705,DP02706,Shreya E,Mumbai,Cycle,Contract,4.41,Y
2706,DP02707,Manoj H,Bengaluru,Scooter,Full-time,3.58,Y
2707,DP02708,Nikhil D,Delhi,Scooter,Part-time,4.61,N
2708,DP02709,Pooja T,Bengaluru,Bike,Full-time,4.8,Y
2709,DP02710,Amit M,Bengaluru,Car,Part-time,4.38,Y
2710,DP02711,Shreya I,Chennai,Bike,Full-time,4.52,Y
2711,DP02712,Sneha C,Delhi,Cycle,Contract,4.38,Y
2712,DP02713,Deepak C,Mumbai,Scooter,Part-time,4.27,Y
2713,DP02714,Rakesh N,Chennai,Cycle,Full-time,4.27,Y
2714,DP02715,Meena U,Mumbai,Scooter,Part-time,4.14,Y
2715,DP02716,Neha R,Kolkata,Cycle,Full-time,4.58,Y
2716,DP02717,Santosh Q,Ahmedabad,Bike,Part-time,4.29,Y
2717,DP02718,Rakesh W,Delhi,Bike,Contract,4.32,Y
2718,DP02719,Kiran V,Delhi,Bike,Full-time,4.23,Y
2719,DP02720,Arjun S,Bengaluru,Scooter,Full-time,4.13,Y
2720,DP02721,Deepak O,Bengaluru,Bike,Part-time,4.1,Y
2721,DP02722,Deepak V,Bengaluru,Cycle,Full-time,4.03,Y
2722,DP02723,Vikas T,Hyderabad,Scooter,Full-time,4.43,Y
2723,DP02724,Manoj O,Ahmedabad,Scooter,Full-time,4.87,N
2724,DP02725,Priya O,Delhi,Bike,Full-time,4.35,N
2725,DP02726,Vikas R,Mumbai,Scooter,Full-time,3.97,Y
2726,DP02727,Rakesh Y,Bengaluru,Scooter,Full-time,4.31,Y
2727,DP02728,Sneha N,Mumbai,Bike,Full-time,3.6,N
2728,DP02729,Divya L,Delhi,Scooter,Full-time,4.13,Y
2729,DP02730,Ravi E,Bengaluru,Bike,Part-time,3.71,Y
2730,DP02731,Kiran Q,Pune,Scooter,Full-time,4.69,Y
2731,DP02732,Sneha T,Bengaluru,Bike,Full-time,4.5,Y
2732,DP02733,Divya F,Bengaluru,Scooter,Contract,3.84,Y
2733,DP02734,Pooja B,Delhi,Bike,Full-time,4.05,Y
2734,DP02735,Rakesh B,Bengaluru,Bike,Part-time,4.41,Y
2735,DP02736,Nikhil P,Mumbai,Bike,Contract,4.07,Y
2736,DP02737,Ravi I,Bengaluru,Scooter,Full-time,4.35,Y
2737,DP02738,Meena U,Bengaluru,Scooter,Full-time,4.11,Y
2738,DP02739,Deepak E,Delhi,Scooter,Part-time,4.24,Y
2739,DP02740,Vikas X,Bengaluru,Bike,Full-time,4.5,Y
2740,DP02741,Suresh N,Ahmedabad,Scooter,Contract,4.15,Y
2741,DP02742,Nikhil U,Ahmedabad,Bike,Part-time,4.38,Y
2742,DP02743,Kiran P,Mumbai,Scooter,Full-time,4.09,Y
2743,DP02744,Arjun M,Bengaluru,Car,Full-time,4.33,Y
2744,DP02745,Meena Y,Bengaluru,Scooter,Full-time,3.82,Y
2745,DP02746,Sneha P,Bengaluru,Scooter,Full-time,3.82,Y
2746,DP02747,Pooja Y,Ahmedabad,Bike,Full-time,4.43,Y
2747,DP02748,Sneha L,Bengaluru,Bike,Full-time,4.2,Y
2748,DP02749,Sneha N,Ahmedabad,Cycle,Part-time,3.65,Y
2749,DP02750,Ananya M,Pune,Scooter,Full-time,3.94,Y
2750,DP02751,Ananya V,Mumbai,Car,Full-time,4.09,Y
2751,DP02752,Ananya M,Mumbai,Scooter,Part-time,3.8,Y
2752,DP02753,Manoj D,Ahmedabad,Scooter,Full-time,4.4,N
2753,DP02754,Deepak M,Kolkata,Cycle,Part-time,4.44,Y
2754,DP02755,Santosh U,Kolkata,Bike,Full-time,3.93,Y
2755,DP02756,Neha X,Hyderabad,Scooter,Full-time,4.08,Y
2756,DP02757,Ravi H,Hyderabad,Scooter,Contract,4.23,Y
2757,DP02758,Arjun A,Delhi,Scooter,Full-time,3.73,Y
2758,DP02759,Deepak E,Chennai,Bike,Part-time,3.62,Y
2759,DP02760,Pooja V,Mumbai,Bike,Contract,3.79,Y
2760,DP02761,Nikhil T,Bengaluru,Cycle,Full-time,4.53,Y
2761,DP02762,Meena U,Pune,Bike,Part-time,4.62,Y
2762,DP02763,Manoj N,Delhi,Car,Full-time,4.46,Y
2763,DP02764,Arjun C,Kolkata,Scooter,Part-time,3.76,N
2764,DP02765,Deepak M,Ahmedabad,Bike,Contract,4.21,Y
2765,DP02766,Divya Z,Chennai,Scooter,Contract,4.29,Y
2766,DP02767,Sneha R,Mumbai,Bike,Full-time,4.13,N
2767,DP02768,Rahul E,Ahmedabad,Bike,Full-time,4.26,Y
2768,DP02769,Vikas Y,Delhi,Bike,Part-time,4.05,Y
2769,DP02770,Manoj U,Bengaluru,Bike,Full-time,3.69,Y
2770,DP02771,Arjun V,Hyderabad,Scooter,Contract,4.28,Y
2771,DP02772,Sneha S,Kolkata,Scooter,Full-time,4.34,Y
2772,DP02773,Ananya M,Ahmedabad,Scooter,Part-time,4.83,Y
2773,DP02774,Manoj Z,Hyderabad,Car,Part-time,4.31,Y
2774,DP02775,Priya Y,Chennai,Bike,Part-time,4.23,Y
2775,DP02776,Arjun Y,Kolkata,Scooter,Full-time,4.37,Y
2776,DP02777,Kiran P,Hyderabad,Bike,Part-time,3.49,Y
2777,DP02778,Pooja P,Bengaluru,Bike,Full-time,3.91,Y
2778,DP02779,Nikhil D,Bengaluru,Scooter,Contract,4.61,Y
2779,DP02780,Vikas Y,Mumbai,Bike,Part-time,3.59,Y
2780,DP02781,Sneha L,Chennai,Bike,Part-time,3.89,Y
2781,DP02782,Pooja W,Delhi,Scooter,Full-time,4.0,Y
2782,DP02783,Meena F,Bengaluru,Bike,Full-time,4.43,Y
2783,DP02784,Nikhil T,Kolkata,Bike,Full-time,4.31,N
2784,DP02785,Ravi B,Chennai,Bike,Full-time,3.86,Y
2785,DP02786,Amit H,Delhi,Bike,Part-time,3.77,Y
2786,DP02787,Santosh R,Bengaluru,Scooter,Contract,3.72,Y
2787,DP02788,Ravi T,Bengaluru,Scooter,Contract,4.2,Y
2788,DP02789,Rahul T,Pune,Bike,Part-time,4.06,Y
2789,DP02790,Priya P,Bengaluru,Cycle,Part-time,4.68,Y
2790,DP02791,Kiran I,Chennai,Bike,Full-time,4.37,Y
2791,DP02792,Priya J,Mumbai,Bike,Full-time,4.27,Y
2792,DP02793,Arjun Y,Mumbai,Bike,Part-time,3.95,Y
2793,DP02794,Pooja M,Mumbai,Bike,Part-time,4.41,Y
2794,DP02795,Arjun W,Chennai,Scooter,Full-time,4.07,Y
2795,DP02796,Priya L,Bengaluru,Scooter,Full-time,4.52,Y
2796,DP02797,Suresh N,Ahmedabad,Bike,Full-time,4.89,Y
2797,DP02798,Rakesh X,Delhi,Bike,Part-time,4.03,Y
2798,DP02799,Suresh Z,Bengaluru,Cycle,Contract,4.57,Y
2799,DP02800,Rakesh W,Mumbai,Scooter,Contract,4.24,Y
2800,DP02801,Ananya Z,Delhi,Scooter,Part-time,3.68,Y
2801,DP02802,Ananya M,Bengaluru,Scooter,Part-time,4.81,Y
2802,DP02803,Rahul H,Mumbai,Cycle,Full-time,3.62,Y
2803,DP02804,Arjun J,Bengaluru,Scooter,Full-time,4.65,Y
2804,DP02805,Amit H,Bengaluru,Scooter,Part-time,4.12,Y
2805,DP02806,Arjun D,Delhi,Scooter,Full-time,4.1,N
2806,DP02807,Neha M,Mumbai,Scooter,Full-time,4.85,Y
2807,DP02808,Manoj E,Hyderabad,Bike,Full-time,3.54,N
2808,DP02809,Neha E,Mumbai,Scooter,Contract,4.3,Y
2809,DP02810,Meena U,Mumbai,Bike,Full-time,4.28,Y
2810,DP02811,Ananya S,Bengaluru,Scooter,Part-time,4.43,Y
2811,DP02812,Suresh C,Chennai,Car,Full-time,4.34,Y
2812,DP02813,Ananya N,Kolkata,Scooter,Part-time,3.91,Y
2813,DP02814,Santosh G,Ahmedabad,Scooter,Contract,5.0,Y
2814,DP02815,Arjun Q,Pune,Bike,Part-time,4.32,Y
2815,DP02816,Nikhil O,Chennai,Scooter,Full-time,4.01,Y
2816,DP02817,Amit W,Delhi,Bike,Part-time,4.31,Y
2817,DP02818,Rahul N,Mumbai,Cycle,Part-time,3.73,Y
2818,DP02819,Ananya A,Hyderabad,Bike,Full-time,4.43,Y
2819,DP02820,Ananya U,Hyderabad,Bike,Part-time,3.77,N
2820,DP02821,Neha R,Chennai,Scooter,Contract,4.21,Y
2821,DP02822,Sneha B,Kolkata,Cycle,Full-time,4.51,Y
2822,DP02823,Pooja H,Mumbai,Bike,Part-time,4.82,Y
2823,DP02824,Vikas V,Delhi,Bike,Full-time,3.91,Y
2824,DP02825,Sneha G,Chennai,Scooter,Full-time,4.6,Y
2825,DP02826,Arjun I,Pune,Cycle,Full-time,3.8,Y
2826,DP02827,Sneha T,Bengaluru,Scooter,Full-time,3.78,Y
2827,DP02828,Priya D,Delhi,Bike,Contract,4.28,N
2828,DP02829,Manoj E,Bengaluru,Cycle,Full-time,4.22,Y
2829,DP02830,Pooja E,Kolkata,Scooter,Contract,3.98,Y
2830,DP02831,Meena V,Hyderabad,Bike,Full-time,4.54,Y
2831,DP02832,Amit H,Hyderabad,Car,Full-time,4.64,Y
2832,DP02833,Vikas T,Hyderabad,Scooter,Full-time,4.21,Y
2833,DP02834,Divya U,Mumbai,Cycle,Full-time,4.24,Y
2834,DP02835,Arjun X,Ahmedabad,Scooter,Full-time,4.23,Y
2835,DP02836,Kiran J,Bengaluru,Bike,Contract,3.97,Y
2836,DP02837,Amit T,Hyderabad,Bike,Full-time,4.18,Y
2837,DP02838,Ananya T,Bengaluru,Bike,Full-time,3.72,Y
2838,DP02839,Deepak V,Ahmedabad,Scooter,Full-time,4.43,Y
2839,DP02840,Priya S,Mumbai,Bike,Contract,3.94,Y
2840,DP02841,Neha V,Bengaluru,Cycle,Full-time,4.1,Y
2841,DP02842,Vikas W,Kolkata,Scooter,Full-time,4.35,Y
2842,DP02843,Shreya J,Delhi,Scooter,Full-time,4.56,Y
2843,DP02844,Manoj P,Hyderabad,Bike,Full-time,3.84,Y
2844,DP02845,Ananya C,Ahmedabad,Bike,Full-time,4.41,Y
2845,DP02846,Suresh I,Mumbai,Bike,Part-time,4.43,Y
2846,DP02847,Vikas T,Bengaluru,Bike,Full-time,3.65,Y
2847,DP02848,Meena E,Pune,Bike,Contract,4.54,Y
2848,DP02849,Pooja C,Bengaluru,Scooter,Full-time,4.44,Y
2849,DP02850,Santosh A,Pune,Scooter,Full-time,4.03,Y
2850,DP02851,Meena A,Ahmedabad,Scooter,Full-time,3.56,Y
2851,DP02852,Vikas X,Chennai,Bike,Full-time,4.15,Y
2852,DP02853,Santosh G,Bengaluru,Scooter,Full-time,4.03,Y
2853,DP02854,Shreya Z,Pune,Scooter,Full-time,4.07,Y
2854,DP02855,Rakesh C,Hyderabad,Cycle,Part-time,4.15,Y
2855,DP02856,Priya Y,Delhi,Bike,Contract,3.68,Y
2856,DP02857,Vikas Y,Mumbai,Car,Full-time,4.08,Y
2857,DP02858,Ananya T,Hyderabad,Bike,Contract,4.03,Y
2858,DP02859,Meena E,Bengaluru,Scooter,Full-time,3.99,Y
2859,DP02860,Pooja Z,Mumbai,Scooter,Full-time,3.7,Y
2860,DP02861,Meena I,Bengaluru,Car,Part-time,3.88,Y
2861,DP02862,Pooja C,Mumbai,Bike,Full-time,3.95,Y
2862,DP02863,Sneha Z,Pune,Bike,Full-time,4.41,Y
2863,DP02864,Santosh W,Mumbai,Bike,Full-time,3.65,N
2864,DP02865,Pooja A,Bengaluru,Scooter,Contract,4.22,Y
2865,DP02866,Sneha S,Bengaluru,Bike,Full-time,4.38,N
2866,DP02867,Nikhil C,Kolkata,Bike,Full-time,4.17,Y
2867,DP02868,Vikas D,Hyderabad,Scooter,Part-time,4.28,Y
2868,DP02869,Santosh F,Pune,Scooter,Contract,4.52,Y
2869,DP02870,Meena K,Pune,Car,Full-time,4.54,Y
2870,DP02871,Manoj K,Ahmedabad,Scooter,Part-time,4.66,N
2871,DP02872,Kiran I,Chennai,Scooter,Full-time,4.07,Y
2872,DP02873,Vikas S,Bengaluru,Bike,Full-time,4.77,Y
2873,DP02874,Sneha J,Pune,Scooter,Contract,4.08,Y
2874,DP02875,Santosh H,Delhi,Bike,Contract,4.24,Y
2875,DP02876,Manoj R,Bengaluru,Scooter,Full-time,4.05,Y
2876,DP02877,Divya I,Bengaluru,Bike,Contract,4.44,Y
2877,DP02878,Pooja E,Chennai,Bike,Contract,4.03,Y
2878,DP02879,Arjun U,Ahmedabad,Bike,Full-time,4.54,N
2879,DP02880,Kiran L,Kolkata,Scooter,Full-time,3.58,Y
2880,DP02881,Neha T,Bengaluru,Bike,Full-time,4.52,Y
2881,DP02882,Ravi I,Pune,Bike,Full-time,3.94,Y
2882,DP02883,Suresh B,Kolkata,Bike,Contract,3.73,Y
2883,DP02884,Meena H,Delhi,Bike,Full-time,4.27,Y
2884,DP02885,Shreya C,Bengaluru,Cycle,Full-time,3.83,Y
2885,DP02886,Shreya R,Chennai,Cycle,Part-time,4.21,Y
2886,DP02887,Arjun T,Bengaluru,Scooter,Part-time,4.19,Y
2887,DP02888,Deepak I,Mumbai,Scooter,Part-time,3.86,Y
2888,DP02889,Rahul F,Bengaluru,Scooter,Full-time,4.29,Y
2889,DP02890,Manoj C,Bengaluru,Scooter,Full-time,3.86,Y
2890,DP02891,Meena P,Delhi,Scooter,Contract,3.99,Y
2891,DP02892,Deepak T,Bengaluru,Scooter,Full-time,4.26,Y
2892,DP02893,Ravi P,Delhi,Bike,Full-time,3.94,Y
2893,DP02894,Shreya T,Bengaluru,Scooter,Full-time,4.26,Y
2894,DP02895,Priya R,Mumbai,Scooter,Part-time,4.31,Y
2895,DP02896,Ravi U,Hyderabad,Bike,Full-time,4.54,Y
2896,DP02897,Arjun Q,Kolkata,Bike,Part-time,4.06,Y
2897,DP02898,Neha F,Bengaluru,Scooter,Full-time,4.05,N
2898,DP02899,Ananya A,Hyderabad,Scooter,Full-time,4.07,N
2899,DP02900,Manoj K,Pune,Bike,Part-time,4.55,Y
2900,DP02901,Ravi Z,Hyderabad,Cycle,Full-time,4.49,Y
2901,DP02902,Santosh C,Ahmedabad,Bike,Part-time,4.04,Y
2902,DP02903,Santosh V,Kolkata,Cycle,Part-time,4.49,Y
2903,DP02904,Vikas A,Mumbai,Bike,Full-time,3.96,Y
2904,DP02905,Manoj K,Bengaluru,Scooter,Part-time,3.85,Y
2905,DP02906,Ananya Y,Chennai,Scooter,Contract,4.42,Y
2906,DP02907,Shreya U,Mumbai,Cycle,Part-time,4.2,Y
2907,DP02908,Nikhil M,Kolkata,Cycle,Full-time,4.37,Y
2908,DP02909,Divya O,Bengaluru,Scooter,Part-time,4.8,N
2909,DP02910,Pooja G,Ahmedabad,Bike,Full-time,4.52,Y
2910,DP02911,Ananya D,Pune,Cycle,Part-time,3.83,Y
2911,DP02912,Pooja H,Kolkata,Bike,Part-time,3.79,Y
2912,DP02913,Ravi J,Kolkata,Cycle,Full-time,3.84,Y
2913,DP02914,Ananya P,Kolkata,Bike,Part-time,4.13,Y
2914,DP02915,Arjun F,Bengaluru,Scooter,Full-time,4.07,Y
2915,DP02916,Ravi U,Kolkata,Bike,Full-time,4.02,Y
2916,DP02917,Divya L,Mumbai,Scooter,Part-time,4.64,Y
2917,DP02918,Santosh W,Hyderabad,Scooter,Contract,4.6,Y
2918,DP02919,Pooja J,Bengaluru,Bike,Part-time,3.96,Y
2919,DP02920,Nikhil I,Bengaluru,Scooter,Full-time,3.88,Y
2920,DP02921,Vikas F,Pune,Scooter,Part-time,4.02,Y
2921,DP02922,Meena K,Chennai,Car,Part-time,4.42,Y
2922,DP02923,Meena C,Hyderabad,Scooter,Full-time,4.32,Y
2923,DP02924,Arjun P,Hyderabad,Scooter,Full-time,4.56,Y
2924,DP02925,Rakesh W,Bengaluru,Bike,Full-time,4.29,Y
2925,DP02926,Suresh I,Bengaluru,Bike,Part-time,4.53,Y
2926,DP02927,Shreya L,Mumbai,Scooter,Full-time,4.26,N
2927,DP02928,Divya J,Kolkata,Cycle,Part-time,3.79,Y
2928,DP02929,Ravi R,Chennai,Cycle,Full-time,4.23,Y
2929,DP02930,Rahul S,Delhi,Scooter,Contract,4.06,Y
2930,DP02931,Rahul D,Bengaluru,Cycle,Full-time,4.12,Y
2931,DP02932,Amit B,Delhi,Cycle,Full-time,4.36,Y
2932,DP02933,Ananya G,Bengaluru,Bike,Part-time,3.96,Y
2933,DP02934,Amit R,Bengaluru,Scooter,Full-time,4.36,Y
2934,DP02935,Divya V,Kolkata,Bike,Part-time,3.81,Y
2935,DP02936,Priya G,Pune,Bike,Part-time,3.77,Y
2936,DP02937,Rahul B,Chennai,Car,Contract,4.58,Y
2937,DP02938,Rahul G,Delhi,Scooter,Full-time,4.17,Y
2938,DP02939,Sneha N,Delhi,Cycle,Full-time,3.93,Y
2939,DP02940,Suresh U,Hyderabad,Cycle,Part-time,4.47,Y
2940,DP02941,Suresh S,Chennai,Scooter,Full-time,4.23,Y
2941,DP02942,Shreya D,Bengaluru,Scooter,Full-time,4.34,Y
2942,DP02943,Manoj A,Mumbai,Car,Full-time,4.23,Y
2943,DP02944,Deepak S,Delhi,Scooter,Part-time,4.24,Y
2944,DP02945,Vikas W,Kolkata,Bike,Full-time,3.8,Y
2945,DP02946,Suresh X,Mumbai,Scooter,Part-time,4.73,Y
2946,DP02947,Pooja S,Pune,Bike,Contract,4.15,Y
2947,DP02948,Rakesh E,Chennai,Scooter,Full-time,4.35,Y
2948,DP02949,Shreya H,Kolkata,Bike,Full-time,4.22,Y
2949,DP02950,Vikas K,Pune,Bike,Full-time,3.66,Y
2950,DP02951,Deepak S,Chennai,Cycle,Full-time,4.46,Y
2951,DP02952,Pooja K,Pune,Bike,Contract,4.23,Y
2952,DP02953,Shreya G,Delhi,Cycle,Contract,4.42,Y
2953,DP02954,Priya I,Mumbai,Cycle,Contract,4.58,N
2954,DP02955,Rakesh U,Delhi,Bike,Contract,3.6,Y
2955,DP02956,Pooja J,Ahmedabad,Scooter,Part-time,3.91,Y
2956,DP02957,Sneha O,Bengaluru,Bike,Contract,4.57,Y
2957,DP02958,Manoj Z,Mumbai,Cycle,Full-time,3.73,Y
2958,DP02959,Priya K,Mumbai,Bike,Contract,4.26,Y
2959,DP02960,Divya E,Bengaluru,Bike,Contract,4.25,Y
2960,DP02961,Rahul Z,Bengaluru,Bike,Contract,4.17,Y
2961,DP02962,Sneha W,Bengaluru,Car,Part-time,4.37,Y
2962,DP02963,Sneha C,Pune,Scooter,Full-time,4.05,Y
2963,DP02964,Kiran S,Pune,Bike,Contract,4.12,Y
2964,DP02965,Kiran Q,Mumbai,Scooter,Contract,4.61,Y
2965,DP02966,Amit J,Pune,Car,Full-time,4.09,Y
2966,DP02967,Sneha V,Bengaluru,Bike,Part-time,3.91,Y
2967,DP02968,Meena X,Hyderabad,Bike,Full-time,4.25,Y
2968,DP02969,Priya J,Kolkata,Scooter,Part-time,4.7,Y
2969,DP02970,Sneha K,Delhi,Scooter,Full-time,4.22,Y
2970,DP02971,Amit F,Bengaluru,Scooter,Part-time,4.06,Y
2971,DP02972,Sneha A,Hyderabad,Cycle,Full-time,3.94,Y
2972,DP02973,Shreya Y,Bengaluru,Scooter,Full-time,4.38,Y
2973,DP02974,Rakesh L,Delhi,Bike,Part-time,4.38,Y
2974,DP02975,Santosh I,Chennai,Scooter,Full-time,4.07,Y
2975,DP02976,Vikas N,Ahmedabad,Scooter,Full-time,4.29,Y
2976,DP02977,Santosh Z,Kolkata,Scooter,Full-time,4.22,Y
2977,DP02978,Deepak I,Bengaluru,Scooter,Part-time,4.27,Y
2978,DP02979,Santosh Y,Pune,Scooter,Part-time,4.21,N
2979,DP02980,Pooja U,Ahmedabad,Bike,Full-time,3.8,Y
2980,DP02981,Manoj B,Bengaluru,Bike,Full-time,3.98,Y
2981,DP02982,Rakesh I,Mumbai,Scooter,Part-time,4.11,Y
2982,DP02983,Deepak J,Kolkata,Bike,Full-time,3.76,N
2983,DP02984,Ananya P,Bengaluru,Bike,Full-time,4.63,Y
2984,DP02985,Deepak P,Chennai,Scooter,Contract,3.66,N
2985,DP02986,Kiran B,Chennai,Scooter,Part-time,4.1,Y
2986,DP02987,Ravi L,Bengaluru,Bike,Full-time,3.88,Y
2987,DP02988,Pooja U,Delhi,Scooter,Part-time,4.57,Y
2988,DP02989,Amit D,Hyderabad,Scooter,Full-time,4.36,Y
2989,DP02990,Shreya O,Delhi,Bike,Part-time,4.02,Y
2990,DP02991,Vikas X,Bengaluru,Cycle,Full-time,4.27,Y
2991,DP02992,Manoj C,Mumbai,Scooter,Full-time,4.01,N
2992,DP02993,Divya G,Hyderabad,Car,Full-time,4.63,Y
2993,DP02994,Rahul L,Bengaluru,Cycle,Full-time,4.23,N
2994,DP02995,Priya S,Mumbai,Scooter,Part-time,4.14,Y
2995,DP02996,Arjun G,Bengaluru,Bike,Contract,4.07,Y
2996,DP02997,Ravi X,Mumbai,Scooter,Part-time,3.99,Y
2997,DP02998,Deepak A,Chennai,Scooter,Part-time,4.01,Y
2998,DP02999,Kiran O,Ahmedabad,Scooter,Full-time,4.35,Y
2999,DP03000,Sneha M,Pune,Bike,Contract,4.48,Y
3000,DP03001,Amit S,Hyderabad,Bike,Full-time,4.18,Y
3001,DP03002,Ananya F,Ahmedabad,Bike,Full-time,3.81,Y
3002,DP03003,Amit I,Mumbai,Cycle,Full-time,4.39,Y
3003,DP03004,Arjun F,Mumbai,Scooter,Full-time,4.58,Y
3004,DP03005,Ananya R,Bengaluru,Bike,Part-time,4.11,Y
3005,DP03006,Santosh G,Bengaluru,Scooter,Contract,3.83,Y
3006,DP03007,Meena N,Bengaluru,Scooter,Full-time,4.07,Y
3007,DP03008,Deepak Q,Bengaluru,Bike,Part-time,3.97,Y
3008,DP03009,Amit M,Chennai,Bike,Contract,4.05,Y
3009,DP03010,Divya A,Kolkata,Cycle,Full-time,4.27,Y
3010,DP03011,Arjun C,Bengaluru,Bike,Full-time,4.44,Y
3011,DP03012,Deepak Z,Bengaluru,Scooter,Full-time,4.45,Y
3012,DP03013,Sneha I,Mumbai,Car,Contract,4.13,Y
3013,DP03014,Manoj S,Chennai,Car,Part-time,4.56,Y
3014,DP03015,Rahul A,Hyderabad,Bike,Full-time,3.79,Y
3015,DP03016,Amit F,Kolkata,Cycle,Part-time,4.72,Y
3016,DP03017,Sneha N,Bengaluru,Bike,Full-time,4.92,Y
3017,DP03018,Amit G,Pune,Bike,Part-time,3.99,Y
3018,DP03019,Sneha E,Kolkata,Bike,Part-time,4.48,Y
3019,DP03020,Ravi R,Hyderabad,Cycle,Full-time,4.25,Y
3020,DP03021,Amit U,Kolkata,Bike,Contract,3.8,Y
3021,DP03022,Manoj Q,Delhi,Bike,Part-time,4.51,Y
3022,DP03023,Meena V,Bengaluru,Cycle,Full-time,4.25,N
3023,DP03024,Pooja B,Bengaluru,Scooter,Part-time,4.13,Y
3024,DP03025,Priya J,Chennai,Scooter,Full-time,3.89,Y
3025,DP03026,Manoj Y,Chennai,Cycle,Part-time,4.09,Y
3026,DP03027,Shreya K,Bengaluru,Bike,Contract,4.22,Y
3027,DP03028,Priya T,Chennai,Bike,Contract,4.32,Y
3028,DP03029,Arjun K,Chennai,Bike,Contract,5.0,Y
3029,DP03030,Divya T,Bengaluru,Scooter,Part-time,4.27,Y
3030,DP03031,Pooja M,Pune,Bike,Contract,3.8,Y
3031,DP03032,Rahul F,Bengaluru,Bike,Part-time,4.39,Y
3032,DP03033,Suresh S,Mumbai,Bike,Full-time,4.37,Y
3033,DP03034,Meena K,Chennai,Bike,Contract,4.52,Y
3034,DP03035,Ravi E,Bengaluru,Cycle,Contract,4.22,Y
3035,DP03036,Sneha O,Chennai,Bike,Full-time,4.42,Y
3036,DP03037,Divya N,Delhi,Bike,Contract,4.02,Y
3037,DP03038,Ananya L,Mumbai,Scooter,Contract,3.45,Y
3038,DP03039,Vikas N,Delhi,Bike,Contract,4.81,Y
3039,DP03040,Ravi M,Kolkata,Cycle,Full-time,4.34,Y
3040,DP03041,Kiran X,Bengaluru,Cycle,Part-time,3.86,Y
3041,DP03042,Kiran F,Bengaluru,Scooter,Full-time,3.48,Y
3042,DP03043,Sneha K,Bengaluru,Bike,Full-time,4.08,Y
3043,DP03044,Kiran G,Ahmedabad,Scooter,Contract,3.81,Y
3044,DP03045,Nikhil M,Kolkata,Bike,Full-time,4.03,Y
3045,DP03046,Arjun R,Bengaluru,Scooter,Full-time,4.28,Y
3046,DP03047,Divya Z,Bengaluru,Bike,Part-time,4.47,Y
3047,DP03048,Arjun A,Mumbai,Scooter,Full-time,4.0,Y
3048,DP03049,Ravi P,Delhi,Bike,Part-time,4.22,Y
3049,DP03050,Neha Q,Bengaluru,Bike,Full-time,3.91,N
3050,DP03051,Neha O,Kolkata,Car,Full-time,3.96,Y
3051,DP03052,Sneha Q,Bengaluru,Cycle,Full-time,4.29,Y
3052,DP03053,Suresh R,Kolkata,Scooter,Part-time,3.77,Y
3053,DP03054,Rahul Y,Bengaluru,Scooter,Full-time,4.16,Y
3054,DP03055,Ananya H,Mumbai,Scooter,Part-time,4.49,Y
3055,DP03056,Santosh U,Mumbai,Scooter,Full-time,3.74,Y
3056,DP03057,Divya H,Bengaluru,Bike,Full-time,4.84,Y
3057,DP03058,Nikhil W,Delhi,Cycle,Contract,4.18,Y
3058,DP03059,Priya Y,Bengaluru,Scooter,Full-time,3.91,Y
3059,DP03060,Ravi O,Bengaluru,Scooter,Full-time,4.4,Y
3060,DP03061,Deepak N,Delhi,Scooter,Full-time,4.04,Y
3061,DP03062,Manoj F,Bengaluru,Bike,Contract,4.2,Y
3062,DP03063,Vikas K,Bengaluru,Bike,Full-time,3.77,Y
3063,DP03064,Vikas K,Bengaluru,Bike,Part-time,4.29,Y
3064,DP03065,Ravi F,Ahmedabad,Scooter,Part-time,4.04,N
3065,DP03066,Deepak I,Bengaluru,Scooter,Contract,3.46,Y
3066,DP03067,Arjun Q,Kolkata,Car,Contract,4.08,Y
3067,DP03068,Ananya Q,Delhi,Bike,Part-time,3.92,Y
3068,DP03069,Nikhil I,Bengaluru,Scooter,Contract,4.03,Y
3069,DP03070,Manoj K,Bengaluru,Cycle,Full-time,3.98,Y
3070,DP03071,Divya S,Bengaluru,Bike,Contract,4.48,Y
3071,DP03072,Sneha S,Bengaluru,Scooter,Contract,3.92,Y
3072,DP03073,Pooja L,Pune,Bike,Full-time,4.74,Y
3073,DP03074,Neha K,Mumbai,Bike,Full-time,4.22,Y
3074,DP03075,Amit Z,Mumbai,Scooter,Full-time,4.01,Y
3075,DP03076,Neha Z,Delhi,Cycle,Part-time,4.16,Y
3076,DP03077,Meena G,Delhi,Bike,Full-time,4.2,Y
3077,DP03078,Deepak E,Delhi,Bike,Full-time,4.83,Y
3078,DP03079,Santosh D,Bengaluru,Scooter,Contract,4.25,Y
3079,DP03080,Vikas M,Ahmedabad,Car,Contract,3.37,Y
3080,DP03081,Manoj E,Kolkata,Scooter,Full-time,4.53,N
3081,DP03082,Rahul K,Kolkata,Scooter,Full-time,4.19,N
3082,DP03083,Sneha R,Bengaluru,Bike,Part-time,4.0,Y
3083,DP03084,Amit D,Hyderabad,Bike,Part-time,4.09,Y
3084,DP03085,Manoj V,Ahmedabad,Scooter,Part-time,4.83,Y
3085,DP03086,Rakesh A,Hyderabad,Scooter,Part-time,4.57,Y
3086,DP03087,Arjun Z,Kolkata,Bike,Full-time,4.38,Y
3087,DP03088,Kiran D,Delhi,Bike,Contract,3.98,Y
3088,DP03089,Rahul E,Bengaluru,Bike,Full-time,4.0,Y
3089,DP03090,Priya Z,Delhi,Scooter,Full-time,4.41,Y
3090,DP03091,Deepak R,Kolkata,Scooter,Part-time,4.2,Y
3091,DP03092,Sneha A,Bengaluru,Cycle,Part-time,4.65,Y
3092,DP03093,Ananya O,Chennai,Bike,Part-time,4.2,Y
3093,DP03094,Manoj D,Ahmedabad,Bike,Full-time,3.82,Y
3094,DP03095,Rahul F,Bengaluru,Cycle,Full-time,3.87,Y
3095,DP03096,Divya I,Ahmedabad,Bike,Part-time,3.97,Y
3096,DP03097,Sneha F,Hyderabad,Bike,Part-time,3.97,Y
3097,DP03098,Deepak V,Kolkata,Scooter,Full-time,3.85,Y
3098,DP03099,Rakesh C,Chennai,Bike,Part-time,3.31,Y
3099,DP03100,Nikhil J,Delhi,Bike,Contract,4.05,Y
3100,DP03101,Neha Q,Kolkata,Bike,Part-time,4.22,Y
3101,DP03102,Nikhil P,Ahmedabad,Bike,Full-time,4.09,Y
3102,DP03103,Vikas J,Pune,Scooter,Contract,4.1,Y
3103,DP03104,Amit W,Ahmedabad,Bike,Full-time,4.54,Y
3104,DP03105,Divya W,Chennai,Bike,Full-time,4.14,Y
3105,DP03106,Ananya P,Kolkata,Scooter,Part-time,4.2,Y
3106,DP03107,Divya X,Bengaluru,Scooter,Part-time,4.41,Y
3107,DP03108,Rakesh Q,Ahmedabad,Scooter,Contract,4.09,N
3108,DP03109,Suresh S,Pune,Scooter,Part-time,4.53,Y
3109,DP03110,Deepak I,Kolkata,Cycle,Full-time,3.66,Y
3110,DP03111,Santosh F,Bengaluru,Scooter,Contract,4.3,Y
3111,DP03112,Shreya T,Chennai,Bike,Part-time,4.17,Y
3112,DP03113,Ananya R,Pune,Cycle,Full-time,4.12,Y
3113,DP03114,Manoj P,Ahmedabad,Bike,Contract,4.19,Y
3114,DP03115,Neha H,Delhi,Scooter,Contract,4.11,N
3115,DP03116,Suresh O,Chennai,Bike,Full-time,3.73,N
3116,DP03117,Ravi X,Mumbai,Scooter,Full-time,3.97,Y
3117,DP03118,Manoj U,Mumbai,Cycle,Full-time,4.57,Y
3118,DP03119,Pooja D,Ahmedabad,Scooter,Part-time,4.14,N
3119,DP03120,Suresh A,Bengaluru,Scooter,Part-time,4.06,Y
3120,DP03121,Manoj E,Ahmedabad,Scooter,Contract,4.31,Y
3121,DP03122,Priya U,Bengaluru,Scooter,Contract,4.31,Y
3122,DP03123,Amit K,Mumbai,Bike,Full-time,3.8,Y
3123,DP03124,Vikas T,Delhi,Bike,Full-time,3.94,Y
3124,DP03125,Ananya P,Chennai,Scooter,Full-time,4.55,Y
3125,DP03126,Manoj K,Pune,Bike,Full-time,3.9,Y
3126,DP03127,Arjun I,Ahmedabad,Scooter,Full-time,4.38,Y
3127,DP03128,Arjun W,Delhi,Scooter,Full-time,4.3,Y
3128,DP03129,Amit N,Bengaluru,Cycle,Part-time,4.51,N
3129,DP03130,Neha R,Hyderabad,Bike,Contract,4.13,Y
3130,DP03131,Rakesh R,Pune,Bike,Part-time,4.71,Y
3131,DP03132,Meena A,Bengaluru,Bike,Contract,3.99,Y
3132,DP03133,Priya C,Bengaluru,Cycle,Full-time,4.25,Y
3133,DP03134,Sneha S,Mumbai,Bike,Contract,4.07,Y
3134,DP03135,Sneha Z,Pune,Cycle,Full-time,4.74,Y
3135,DP03136,Amit E,Pune,Cycle,Part-time,3.97,Y
3136,DP03137,Arjun O,Pune,Bike,Part-time,3.9,Y
3137,DP03138,Arjun X,Bengaluru,Scooter,Contract,4.31,Y
3138,DP03139,Amit W,Chennai,Bike,Full-time,4.89,Y
3139,DP03140,Santosh Q,Hyderabad,Car,Part-time,4.37,Y
3140,DP03141,Kiran F,Bengaluru,Bike,Part-time,4.21,Y
3141,DP03142,Priya Y,Kolkata,Car,Full-time,4.34,Y
3142,DP03143,Rakesh Q,Delhi,Bike,Full-time,4.64,Y
3143,DP03144,Divya A,Pune,Scooter,Contract,4.05,Y
3144,DP03145,Shreya K,Bengaluru,Scooter,Part-time,4.36,N
3145,DP03146,Meena M,Bengaluru,Bike,Part-time,4.14,Y
3146,DP03147,Arjun M,Mumbai,Bike,Full-time,3.98,Y
3147,DP03148,Amit C,Kolkata,Bike,Contract,4.56,Y
3148,DP03149,Vikas C,Hyderabad,Bike,Full-time,4.34,Y
3149,DP03150,Vikas W,Bengaluru,Scooter,Contract,3.99,Y
3150,DP03151,Sneha O,Kolkata,Scooter,Part-time,4.3,Y
3151,DP03152,Neha E,Delhi,Scooter,Full-time,4.49,Y
3152,DP03153,Pooja F,Chennai,Cycle,Full-time,3.48,Y
3153,DP03154,Divya G,Pune,Scooter,Part-time,4.33,Y
3154,DP03155,Amit W,Hyderabad,Bike,Full-time,4.49,N
3155,DP03156,Sneha M,Hyderabad,Bike,Contract,3.99,Y
3156,DP03157,Shreya L,Chennai,Scooter,Full-time,4.08,Y
3157,DP03158,Meena Z,Bengaluru,Scooter,Contract,4.18,Y
3158,DP03159,Vikas N,Mumbai,Bike,Contract,4.1,Y
3159,DP03160,Kiran X,Hyderabad,Bike,Contract,3.95,Y
3160,DP03161,Divya K,Ahmedabad,Scooter,Full-time,4.37,Y
3161,DP03162,Ananya O,Mumbai,Bike,Full-time,4.14,Y
3162,DP03163,Deepak X,Mumbai,Bike,Part-time,3.97,Y
3163,DP03164,Nikhil R,Delhi,Bike,Full-time,4.23,Y
3164,DP03165,Rakesh S,Pune,Cycle,Part-time,4.02,N
3165,DP03166,Shreya P,Kolkata,Scooter,Part-time,4.4,N
3166,DP03167,Divya W,Hyderabad,Scooter,Full-time,4.35,Y
3167,DP03168,Amit Z,Mumbai,Bike,Contract,4.13,Y
3168,DP03169,Rakesh T,Kolkata,Bike,Full-time,4.12,Y
3169,DP03170,Divya U,Bengaluru,Scooter,Part-time,4.88,Y
3170,DP03171,Priya F,Kolkata,Cycle,Full-time,4.48,N
3171,DP03172,Kiran A,Delhi,Bike,Contract,4.37,N
3172,DP03173,Ananya F,Mumbai,Cycle,Part-time,3.9,Y
3173,DP03174,Neha Y,Pune,Bike,Contract,4.75,Y
3174,DP03175,Rahul V,Hyderabad,Scooter,Contract,4.28,Y
3175,DP03176,Rakesh F,Bengaluru,Scooter,Part-time,4.75,Y
3176,DP03177,Amit I,Mumbai,Scooter,Contract,4.3,Y
3177,DP03178,Shreya K,Bengaluru,Scooter,Part-time,3.93,Y
3178,DP03179,Ravi A,Kolkata,Bike,Contract,4.1,Y
3179,DP03180,Vikas O,Delhi,Cycle,Full-time,4.45,Y
3180,DP03181,Neha Q,Kolkata,Bike,Full-time,3.88,Y
3181,DP03182,Santosh S,Bengaluru,Scooter,Full-time,4.36,N
3182,DP03183,Ananya Y,Pune,Bike,Full-time,4.02,Y
3183,DP03184,Ravi K,Hyderabad,Bike,Full-time,4.37,Y
3184,DP03185,Arjun R,Mumbai,Cycle,Full-time,4.37,Y
3185,DP03186,Rakesh L,Hyderabad,Bike,Contract,4.19,Y
3186,DP03187,Manoj T,Bengaluru,Bike,Contract,3.69,Y
3187,DP03188,Rahul J,Mumbai,Cycle,Full-time,4.17,Y
3188,DP03189,Ravi Z,Delhi,Cycle,Full-time,4.32,Y
3189,DP03190,Neha Z,Mumbai,Cycle,Contract,4.25,Y
3190,DP03191,Priya N,Bengaluru,Scooter,Part-time,4.63,Y
3191,DP03192,Manoj Z,Bengaluru,Scooter,Full-time,3.72,Y
3192,DP03193,Suresh C,Pune,Scooter,Part-time,4.43,Y
3193,DP03194,Amit B,Pune,Scooter,Part-time,4.5,Y
3194,DP03195,Ananya K,Hyderabad,Bike,Full-time,4.46,Y
3195,DP03196,Rakesh O,Chennai,Scooter,Contract,4.48,Y
3196,DP03197,Arjun O,Hyderabad,Scooter,Part-time,4.45,Y
3197,DP03198,Pooja Y,Chennai,Scooter,Part-time,3.89,Y
3198,DP03199,Rakesh I,Delhi,Bike,Part-time,4.15,Y
3199,DP03200,Manoj L,Kolkata,Bike,Full-time,4.01,N
3200,DP03201,Shreya W,Ahmedabad,Bike,Full-time,4.48,Y
3201,DP03202,Suresh J,Delhi,Scooter,Full-time,4.5,Y
3202,DP03203,Priya B,Delhi,Bike,Part-time,4.49,N
3203,DP03204,Nikhil N,Chennai,Bike,Full-time,4.13,N
3204,DP03205,Priya S,Chennai,Bike,Full-time,4.24,Y
3205,DP03206,Rakesh L,Bengaluru,Scooter,Part-time,3.86,Y
3206,DP03207,Ravi F,Chennai,Scooter,Part-time,4.26,Y
3207,DP03208,Meena J,Chennai,Bike,Full-time,3.48,Y
3208,DP03209,Rahul H,Bengaluru,Scooter,Full-time,4.02,N
3209,DP03210,Manoj D,Mumbai,Cycle,Full-time,4.16,Y
3210,DP03211,Nikhil T,Bengaluru,Scooter,Full-time,4.58,Y
3211,DP03212,Santosh I,Mumbai,Scooter,Contract,4.02,Y
3212,DP03213,Pooja E,Kolkata,Cycle,Part-time,4.29,Y
3213,DP03214,Pooja O,Ahmedabad,Bike,Full-time,4.85,Y
3214,DP03215,Ananya E,Delhi,Scooter,Contract,4.66,Y
3215,DP03216,Amit Q,Bengaluru,Bike,Full-time,4.51,N
3216,DP03217,Ravi G,Bengaluru,Bike,Part-time,3.63,Y
3217,DP03218,Shreya K,Bengaluru,Scooter,Full-time,4.26,Y
3218,DP03219,Neha X,Ahmedabad,Scooter,Full-time,4.69,N
3219,DP03220,Ananya F,Hyderabad,Bike,Part-time,4.68,Y
3220,DP03221,Divya Q,Hyderabad,Bike,Full-time,4.11,N
3221,DP03222,Kiran Y,Bengaluru,Scooter,Full-time,4.2,Y
3222,DP03223,Santosh Z,Hyderabad,Scooter,Part-time,3.61,Y
3223,DP03224,Kiran M,Kolkata,Bike,Full-time,4.23,Y
3224,DP03225,Divya M,Bengaluru,Cycle,Contract,3.43,Y
3225,DP03226,Nikhil V,Mumbai,Bike,Full-time,3.8,Y
3226,DP03227,Suresh O,Delhi,Scooter,Contract,3.95,Y
3227,DP03228,Nikhil G,Bengaluru,Bike,Full-time,4.0,Y
3228,DP03229,Meena P,Bengaluru,Scooter,Full-time,4.24,Y
3229,DP03230,Ravi I,Hyderabad,Scooter,Full-time,4.19,Y
3230,DP03231,Suresh A,Bengaluru,Bike,Part-time,4.56,Y
3231,DP03232,Pooja H,Mumbai,Cycle,Part-time,4.12,Y
3232,DP03233,Divya M,Pune,Scooter,Part-time,4.45,N
3233,DP03234,Priya G,Chennai,Bike,Part-time,4.39,Y
3234,DP03235,Vikas A,Ahmedabad,Cycle,Part-time,4.62,N
3235,DP03236,Deepak J,Mumbai,Car,Part-time,3.67,Y
3236,DP03237,Santosh S,Pune,Scooter,Part-time,4.32,Y
3237,DP03238,Meena Z,Ahmedabad,Scooter,Part-time,4.26,Y
3238,DP03239,Vikas L,Mumbai,Bike,Part-time,4.66,Y
3239,DP03240,Arjun U,Mumbai,Bike,Part-time,4.22,Y
3240,DP03241,Divya X,Pune,Bike,Full-time,3.97,Y
3241,DP03242,Santosh Q,Delhi,Bike,Full-time,3.98,Y
3242,DP03243,Priya W,Ahmedabad,Cycle,Part-time,4.59,Y
3243,DP03244,Ravi C,Bengaluru,Scooter,Full-time,3.91,Y
3244,DP03245,Amit W,Bengaluru,Bike,Part-time,4.42,Y
3245,DP03246,Deepak O,Kolkata,Bike,Full-time,3.99,Y
3246,DP03247,Pooja N,Delhi,Car,Part-time,4.69,Y
3247,DP03248,Ananya Y,Bengaluru,Car,Part-time,3.9,N
3248,DP03249,Neha Y,Mumbai,Scooter,Part-time,4.06,Y
3249,DP03250,Vikas F,Delhi,Scooter,Part-time,4.03,Y
3250,DP03251,Vikas H,Delhi,Scooter,Full-time,4.42,Y
3251,DP03252,Nikhil L,Delhi,Scooter,Full-time,4.2,N
3252,DP03253,Santosh A,Delhi,Bike,Full-time,4.4,Y
3253,DP03254,Pooja M,Chennai,Scooter,Full-time,4.83,N
3254,DP03255,Amit P,Bengaluru,Bike,Contract,4.33,Y
3255,DP03256,Nikhil B,Kolkata,Bike,Part-time,4.95,Y
3256,DP03257,Pooja Z,Delhi,Bike,Part-time,3.87,Y
3257,DP03258,Neha X,Mumbai,Bike,Full-time,4.04,Y
3258,DP03259,Pooja M,Ahmedabad,Scooter,Full-time,4.4,Y
3259,DP03260,Manoj Q,Delhi,Scooter,Part-time,4.92,Y
3260,DP03261,Divya P,Chennai,Bike,Full-time,3.96,Y
3261,DP03262,Suresh I,Bengaluru,Bike,Full-time,3.84,Y
3262,DP03263,Suresh W,Chennai,Bike,Contract,4.12,Y
3263,DP03264,Amit Y,Bengaluru,Scooter,Full-time,3.77,Y
3264,DP03265,Santosh I,Ahmedabad,Scooter,Full-time,4.56,Y
3265,DP03266,Rahul J,Mumbai,Scooter,Part-time,3.83,N
3266,DP03267,Pooja F,Kolkata,Scooter,Full-time,4.09,N
3267,DP03268,Kiran I,Mumbai,Bike,Full-time,4.08,N
3268,DP03269,Pooja G,Bengaluru,Bike,Contract,4.27,Y
3269,DP03270,Kiran E,Kolkata,Scooter,Contract,4.48,Y
3270,DP03271,Meena N,Ahmedabad,Scooter,Part-time,4.56,Y
3271,DP03272,Suresh D,Mumbai,Scooter,Part-time,3.74,Y
3272,DP03273,Arjun Q,Bengaluru,Bike,Part-time,4.25,Y
3273,DP03274,Arjun T,Delhi,Bike,Full-time,4.37,Y
3274,DP03275,Sneha R,Hyderabad,Car,Contract,4.08,Y
3275,DP03276,Suresh R,Bengaluru,Bike,Full-time,4.31,Y
3276,DP03277,Amit B,Bengaluru,Cycle,Full-time,3.91,Y
3277,DP03278,Meena Y,Chennai,Scooter,Part-time,4.36,Y
3278,DP03279,Arjun B,Delhi,Bike,Part-time,3.89,Y
3279,DP03280,Priya Y,Mumbai,Bike,Full-time,4.21,Y
3280,DP03281,Santosh S,Hyderabad,Cycle,Full-time,4.0,Y
3281,DP03282,Meena U,Pune,Scooter,Contract,4.9,Y
3282,DP03283,Kiran U,Ahmedabad,Cycle,Full-time,4.47,Y
3283,DP03284,Shreya K,Pune,Bike,Full-time,4.68,Y
3284,DP03285,Rahul C,Delhi,Bike,Full-time,4.03,Y
3285,DP03286,Suresh F,Kolkata,Scooter,Contract,4.45,Y
3286,DP03287,Meena W,Hyderabad,Cycle,Full-time,4.44,Y
3287,DP03288,Priya R,Mumbai,Bike,Full-time,4.26,Y
3288,DP03289,Manoj S,Delhi,Scooter,Full-time,3.73,Y
3289,DP03290,Priya G,Mumbai,Bike,Part-time,4.21,Y
3290,DP03291,Amit O,Chennai,Scooter,Part-time,4.21,Y
3291,DP03292,Manoj A,Delhi,Bike,Part-time,3.89,N
3292,DP03293,Ananya D,Pune,Scooter,Full-time,3.94,Y
3293,DP03294,Suresh M,Ahmedabad,Cycle,Full-time,4.01,Y
3294,DP03295,Shreya A,Kolkata,Bike,Part-time,4.23,Y
3295,DP03296,Santosh G,Delhi,Cycle,Contract,4.41,N
3296,DP03297,Ravi J,Bengaluru,Bike,Contract,4.55,Y
3297,DP03298,Rahul N,Delhi,Scooter,Full-time,4.53,Y
3298,DP03299,Santosh B,Kolkata,Scooter,Full-time,4.32,Y
3299,DP03300,Meena F,Bengaluru,Cycle,Full-time,4.5,Y
3300,DP03301,Pooja X,Chennai,Cycle,Part-time,4.39,Y
3301,DP03302,Priya E,Hyderabad,Scooter,Part-time,3.97,Y
3302,DP03303,Sneha N,Bengaluru,Scooter,Full-time,4.15,Y
3303,DP03304,Deepak H,Chennai,Bike,Part-time,3.78,Y
3304,DP03305,Manoj L,Bengaluru,Scooter,Full-time,3.89,Y
3305,DP03306,Suresh T,Pune,Bike,Part-time,4.14,Y
3306,DP03307,Shreya L,Bengaluru,Bike,Full-time,4.09,Y
3307,DP03308,Meena O,Hyderabad,Cycle,Part-time,4.21,Y
3308,DP03309,Vikas F,Hyderabad,Scooter,Contract,4.33,N
3309,DP03310,Pooja X,Ahmedabad,Bike,Full-time,4.09,Y
3310,DP03311,Kiran T,Chennai,Scooter,Part-time,4.36,Y
3311,DP03312,Santosh H,Kolkata,Bike,Full-time,4.11,Y
3312,DP03313,Shreya O,Bengaluru,Bike,Full-time,3.67,Y
3313,DP03314,Ananya Q,Mumbai,Bike,Full-time,4.58,N
3314,DP03315,Deepak A,Delhi,Bike,Contract,3.62,Y
3315,DP03316,Manoj S,Mumbai,Cycle,Contract,3.91,Y
3316,DP03317,Nikhil L,Bengaluru,Bike,Full-time,4.11,Y
3317,DP03318,Santosh N,Delhi,Car,Part-time,3.99,N
3318,DP03319,Meena K,Kolkata,Scooter,Contract,4.06,Y
3319,DP03320,Ravi A,Bengaluru,Scooter,Part-time,4.22,Y
3320,DP03321,Shreya Y,Pune,Scooter,Contract,4.62,Y
3321,DP03322,Vikas A,Chennai,Scooter,Part-time,3.83,Y
3322,DP03323,Rahul P,Ahmedabad,Scooter,Part-time,4.81,N
3323,DP03324,Ananya W,Kolkata,Bike,Full-time,4.21,Y
3324,DP03325,Meena U,Kolkata,Bike,Full-time,4.31,Y
3325,DP03326,Meena D,Bengaluru,Bike,Part-time,4.27,N
3326,DP03327,Vikas X,Hyderabad,Scooter,Full-time,4.11,Y
3327,DP03328,Deepak N,Chennai,Scooter,Part-time,4.81,N
3328,DP03329,Shreya G,Pune,Bike,Full-time,3.99,Y
3329,DP03330,Divya V,Bengaluru,Bike,Full-time,4.25,N
3330,DP03331,Santosh B,Kolkata,Bike,Full-time,4.36,Y
3331,DP03332,Deepak J,Hyderabad,Bike,Full-time,4.31,Y
3332,DP03333,Nikhil F,Bengaluru,Scooter,Contract,4.1,Y
3333,DP03334,Meena F,Chennai,Cycle,Full-time,4.35,Y
3334,DP03335,Shreya V,Bengaluru,Bike,Contract,4.06,Y
3335,DP03336,Vikas C,Mumbai,Scooter,Full-time,3.88,Y
3336,DP03337,Ananya Y,Bengaluru,Scooter,Contract,4.3,Y
3337,DP03338,Rakesh T,Delhi,Cycle,Full-time,3.95,Y
3338,DP03339,Pooja A,Delhi,Bike,Full-time,4.22,Y
3339,DP03340,Rakesh P,Bengaluru,Scooter,Part-time,4.51,Y
3340,DP03341,Sneha P,Mumbai,Cycle,Contract,3.69,N
3341,DP03342,Rahul B,Pune,Scooter,Part-time,3.65,Y
3342,DP03343,Divya F,Bengaluru,Scooter,Full-time,3.99,N
3343,DP03344,Arjun V,Mumbai,Scooter,Full-time,4.22,Y
3344,DP03345,Kiran F,Hyderabad,Scooter,Full-time,3.81,Y
3345,DP03346,Vikas S,Delhi,Cycle,Contract,4.37,Y
3346,DP03347,Shreya D,Ahmedabad,Bike,Full-time,4.07,Y
3347,DP03348,Arjun K,Bengaluru,Bike,Full-time,4.35,Y
3348,DP03349,Arjun G,Delhi,Bike,Part-time,4.4,N
3349,DP03350,Nikhil E,Bengaluru,Scooter,Full-time,4.26,Y
3350,DP03351,Rahul B,Pune,Bike,Full-time,4.19,Y
3351,DP03352,Arjun O,Bengaluru,Scooter,Part-time,4.61,Y
3352,DP03353,Nikhil C,Bengaluru,Cycle,Part-time,4.61,Y
3353,DP03354,Pooja Y,Bengaluru,Cycle,Part-time,4.35,Y
3354,DP03355,Rahul W,Mumbai,Bike,Part-time,4.7,Y
3355,DP03356,Rahul U,Delhi,Scooter,Full-time,4.38,Y
3356,DP03357,Pooja W,Ahmedabad,Scooter,Full-time,4.46,Y
3357,DP03358,Deepak M,Bengaluru,Bike,Contract,4.64,Y
3358,DP03359,Pooja J,Ahmedabad,Bike,Part-time,4.21,N
3359,DP03360,Santosh B,Bengaluru,Cycle,Full-time,3.85,Y
3360,DP03361,Nikhil O,Pune,Bike,Full-time,4.27,Y
3361,DP03362,Priya L,Kolkata,Scooter,Full-time,4.68,Y
3362,DP03363,Divya E,Kolkata,Bike,Full-time,4.09,Y
3363,DP03364,Priya V,Delhi,Bike,Full-time,4.57,Y
3364,DP03365,Ananya P,Hyderabad,Scooter,Contract,3.66,Y
3365,DP03366,Amit I,Bengaluru,Bike,Part-time,4.05,Y
3366,DP03367,Deepak T,Mumbai,Bike,Contract,4.56,Y
3367,DP03368,Kiran O,Pune,Cycle,Part-time,4.01,Y
3368,DP03369,Rakesh K,Pune,Scooter,Part-time,3.97,Y
3369,DP03370,Ravi M,Delhi,Scooter,Full-time,4.38,Y
3370,DP03371,Manoj P,Hyderabad,Scooter,Full-time,3.86,Y
3371,DP03372,Amit G,Delhi,Scooter,Full-time,4.1,Y
3372,DP03373,Manoj G,Mumbai,Car,Contract,4.32,Y
3373,DP03374,Manoj H,Chennai,Scooter,Contract,4.39,Y
3374,DP03375,Arjun W,Hyderabad,Scooter,Contract,4.43,Y
3375,DP03376,Meena T,Hyderabad,Bike,Full-time,4.56,Y
3376,DP03377,Sneha Z,Mumbai,Bike,Full-time,4.39,Y
3377,DP03378,Rahul W,Hyderabad,Cycle,Part-time,3.74,Y
3378,DP03379,Sneha L,Mumbai,Scooter,Full-time,4.45,Y
3379,DP03380,Neha Z,Chennai,Cycle,Part-time,4.72,Y
3380,DP03381,Rahul T,Bengaluru,Bike,Contract,3.86,N
3381,DP03382,Shreya B,Hyderabad,Scooter,Full-time,4.1,Y
3382,DP03383,Rahul A,Ahmedabad,Bike,Part-time,4.12,Y
3383,DP03384,Rahul C,Pune,Cycle,Part-time,4.52,Y
3384,DP03385,Santosh P,Pune,Cycle,Full-time,4.24,N
3385,DP03386,Vikas S,Ahmedabad,Bike,Full-time,4.49,Y
3386,DP03387,Rakesh I,Bengaluru,Scooter,Part-time,4.42,Y
3387,DP03388,Divya Q,Mumbai,Bike,Part-time,3.82,Y
3388,DP03389,Meena K,Bengaluru,Bike,Full-time,4.88,Y
3389,DP03390,Shreya W,Chennai,Bike,Contract,4.22,Y
3390,DP03391,Shreya O,Delhi,Scooter,Full-time,4.45,Y
3391,DP03392,Santosh B,Hyderabad,Cycle,Full-time,4.52,Y
3392,DP03393,Amit F,Chennai,Bike,Full-time,3.99,N
3393,DP03394,Amit S,Delhi,Scooter,Full-time,4.23,Y
3394,DP03395,Ravi P,Hyderabad,Scooter,Full-time,4.36,Y
3395,DP03396,Amit Z,Delhi,Bike,Contract,4.9,Y
3396,DP03397,Vikas K,Bengaluru,Bike,Part-time,4.42,N
3397,DP03398,Ananya K,Delhi,Bike,Part-time,4.28,Y
3398,DP03399,Meena R,Delhi,Bike,Full-time,3.81,N
3399,DP03400,Vikas S,Hyderabad,Scooter,Full-time,3.98,Y
3400,DP03401,Meena Z,Chennai,Bike,Full-time,3.88,Y
3401,DP03402,Meena H,Mumbai,Bike,Full-time,4.86,Y
3402,DP03403,Rahul S,Bengaluru,Cycle,Full-time,3.8,Y
3403,DP03404,Kiran W,Ahmedabad,Car,Contract,4.32,Y
3404,DP03405,Manoj L,Mumbai,Bike,Full-time,4.3,Y
3405,DP03406,Vikas W,Pune,Bike,Part-time,4.29,Y
3406,DP03407,Ravi C,Bengaluru,Scooter,Full-time,4.78,Y
3407,DP03408,Sneha H,Mumbai,Bike,Part-time,4.21,Y
3408,DP03409,Nikhil E,Pune,Bike,Full-time,3.92,Y
3409,DP03410,Santosh Y,Delhi,Bike,Part-time,3.85,Y
3410,DP03411,Shreya F,Mumbai,Car,Full-time,3.76,Y
3411,DP03412,Kiran E,Bengaluru,Scooter,Full-time,4.0,Y
3412,DP03413,Shreya S,Bengaluru,Bike,Full-time,3.95,Y
3413,DP03414,Santosh T,Mumbai,Cycle,Part-time,4.14,N
3414,DP03415,Suresh I,Mumbai,Scooter,Full-time,3.83,Y
3415,DP03416,Suresh F,Delhi,Bike,Full-time,3.91,Y
3416,DP03417,Nikhil C,Mumbai,Cycle,Full-time,4.82,Y
3417,DP03418,Suresh T,Mumbai,Scooter,Part-time,3.9,Y
3418,DP03419,Amit I,Bengaluru,Scooter,Part-time,4.62,Y
3419,DP03420,Santosh K,Bengaluru,Scooter,Contract,4.76,Y
3420,DP03421,Meena C,Delhi,Bike,Part-time,4.46,Y
3421,DP03422,Ravi X,Bengaluru,Bike,Full-time,4.0,N
3422,DP03423,Sneha K,Kolkata,Cycle,Full-time,4.53,N
3423,DP03424,Rahul G,Chennai,Bike,Full-time,4.22,Y
3424,DP03425,Rahul M,Bengaluru,Car,Part-time,3.9,Y
3425,DP03426,Sneha C,Bengaluru,Car,Full-time,4.32,Y
3426,DP03427,Rahul B,Hyderabad,Bike,Contract,4.3,Y
3427,DP03428,Vikas Q,Hyderabad,Scooter,Contract,4.03,Y
3428,DP03429,Rakesh A,Bengaluru,Cycle,Part-time,4.4,N
3429,DP03430,Meena T,Delhi,Scooter,Full-time,3.54,Y
3430,DP03431,Pooja Z,Mumbai,Scooter,Full-time,4.21,Y
3431,DP03432,Shreya R,Kolkata,Scooter,Contract,4.64,Y
3432,DP03433,Priya R,Mumbai,Bike,Part-time,3.91,Y
3433,DP03434,Meena Q,Mumbai,Bike,Full-time,4.01,Y
3434,DP03435,Divya R,Ahmedabad,Bike,Full-time,4.24,Y
3435,DP03436,Deepak Q,Pune,Bike,Full-time,4.12,Y
3436,DP03437,Santosh U,Bengaluru,Scooter,Full-time,4.64,Y
3437,DP03438,Suresh Y,Kolkata,Scooter,Part-time,4.56,Y
3438,DP03439,Sneha X,Bengaluru,Scooter,Full-time,4.35,Y
3439,DP03440,Pooja J,Delhi,Bike,Full-time,3.91,Y
3440,DP03441,Nikhil W,Pune,Cycle,Full-time,4.62,Y
3441,DP03442,Amit R,Kolkata,Cycle,Full-time,4.48,N
3442,DP03443,Nikhil A,Chennai,Cycle,Full-time,4.18,Y
3443,DP03444,Arjun W,Bengaluru,Scooter,Part-time,4.38,Y
3444,DP03445,Amit K,Pune,Scooter,Full-time,4.17,Y
3445,DP03446,Rakesh X,Delhi,Cycle,Contract,4.35,Y
3446,DP03447,Pooja G,Mumbai,Bike,Contract,4.35,Y
3447,DP03448,Deepak U,Bengaluru,Scooter,Full-time,4.34,Y
3448,DP03449,Manoj I,Pune,Bike,Full-time,3.93,Y
3449,DP03450,Meena Y,Pune,Cycle,Part-time,3.96,Y
3450,DP03451,Neha W,Chennai,Bike,Full-time,4.29,Y
3451,DP03452,Shreya K,Pune,Scooter,Full-time,4.04,Y
3452,DP03453,Amit F,Delhi,Bike,Full-time,4.4,Y
3453,DP03454,Amit H,Hyderabad,Bike,Full-time,3.91,N
3454,DP03455,Shreya F,Chennai,Bike,Full-time,4.18,Y
3455,DP03456,Rakesh S,Chennai,Scooter,Part-time,4.24,Y
3456,DP03457,Rakesh N,Mumbai,Bike,Contract,4.21,Y
3457,DP03458,Deepak K,Ahmedabad,Scooter,Part-time,4.07,Y
3458,DP03459,Neha Y,Mumbai,Bike,Contract,4.28,N
3459,DP03460,Manoj N,Delhi,Bike,Full-time,4.03,Y
3460,DP03461,Neha C,Chennai,Scooter,Part-time,4.67,Y
3461,DP03462,Ravi B,Mumbai,Cycle,Full-time,3.95,Y
3462,DP03463,Nikhil N,Bengaluru,Scooter,Part-time,4.11,N
3463,DP03464,Arjun K,Kolkata,Cycle,Contract,4.77,Y
3464,DP03465,Amit N,Bengaluru,Bike,Full-time,4.26,Y
3465,DP03466,Shreya A,Pune,Scooter,Contract,4.16,Y
3466,DP03467,Shreya L,Mumbai,Bike,Part-time,3.92,Y
3467,DP03468,Kiran F,Chennai,Scooter,Contract,4.36,Y
3468,DP03469,Ananya E,Chennai,Bike,Full-time,4.72,Y
3469,DP03470,Sneha N,Mumbai,Bike,Contract,4.51,Y
3470,DP03471,Rahul Y,Mumbai,Bike,Contract,4.2,Y
3471,DP03472,Rakesh S,Kolkata,Bike,Contract,3.69,Y
3472,DP03473,Sneha A,Ahmedabad,Scooter,Part-time,4.24,N
3473,DP03474,Priya Q,Mumbai,Bike,Part-time,4.05,Y
3474,DP03475,Kiran I,Bengaluru,Bike,Part-time,4.25,Y
3475,DP03476,Deepak H,Kolkata,Bike,Full-time,4.42,Y
3476,DP03477,Meena T,Delhi,Scooter,Full-time,4.45,Y
3477,DP03478,Santosh O,Ahmedabad,Bike,Contract,4.73,Y
3478,DP03479,Manoj E,Mumbai,Scooter,Full-time,3.99,Y
3479,DP03480,Ravi K,Mumbai,Bike,Full-time,4.38,Y
3480,DP03481,Amit V,Bengaluru,Bike,Full-time,4.06,Y
3481,DP03482,Ravi T,Pune,Bike,Contract,4.26,Y
3482,DP03483,Rakesh L,Chennai,Car,Full-time,4.09,Y
3483,DP03484,Divya S,Delhi,Scooter,Contract,4.05,Y
3484,DP03485,Deepak J,Mumbai,Bike,Part-time,3.91,Y
3485,DP03486,Ananya Y,Chennai,Scooter,Part-time,3.82,Y
3486,DP03487,Ananya U,Delhi,Bike,Full-time,4.46,N
3487,DP03488,Deepak S,Bengaluru,Scooter,Full-time,3.79,Y
3488,DP03489,Rakesh X,Kolkata,Scooter,Full-time,4.56,Y
3489,DP03490,Sneha G,Mumbai,Cycle,Full-time,3.53,Y
3490,DP03491,Santosh Y,Chennai,Cycle,Contract,4.62,Y
3491,DP03492,Shreya U,Chennai,Scooter,Part-time,4.43,Y
3492,DP03493,Santosh A,Pune,Car,Full-time,4.28,Y
3493,DP03494,Rakesh D,Mumbai,Scooter,Contract,3.62,Y
3494,DP03495,Divya M,Hyderabad,Cycle,Full-time,4.03,Y
3495,DP03496,Kiran T,Mumbai,Scooter,Full-time,4.3,Y
3496,DP03497,Sneha M,Delhi,Cycle,Full-time,3.95,Y
3497,DP03498,Shreya X,Bengaluru,Scooter,Full-time,3.9,Y
3498,DP03499,Kiran F,Mumbai,Car,Full-time,4.16,Y
3499,DP03500,Pooja S,Chennai,Scooter,Part-time,4.4,Y
3500,DP03501,Priya N,Mumbai,Bike,Full-time,3.96,Y
3501,DP03502,Shreya N,Hyderabad,Cycle,Part-time,4.35,Y
3502,DP03503,Kiran Z,Mumbai,Scooter,Part-time,3.78,Y
3503,DP03504,Santosh V,Hyderabad,Car,Part-time,4.07,Y
3504,DP03505,Ananya P,Ahmedabad,Scooter,Full-time,4.43,Y
3505,DP03506,Rahul O,Chennai,Bike,Full-time,4.05,Y
3506,DP03507,Manoj W,Delhi,Scooter,Part-time,3.93,Y
3507,DP03508,Arjun D,Delhi,Car,Full-time,3.75,Y
3508,DP03509,Vikas G,Hyderabad,Scooter,Part-time,4.13,Y
3509,DP03510,Ravi N,Bengaluru,Scooter,Part-time,3.85,N
3510,DP03511,Arjun I,Mumbai,Scooter,Contract,4.56,N
3511,DP03512,Neha H,Pune,Scooter,Part-time,4.46,Y
3512,DP03513,Pooja B,Bengaluru,Scooter,Part-time,4.21,Y
3513,DP03514,Rakesh O,Bengaluru,Cycle,Contract,3.73,Y
3514,DP03515,Nikhil X,Bengaluru,Bike,Full-time,4.53,Y
3515,DP03516,Ananya Z,Bengaluru,Scooter,Full-time,4.13,Y
3516,DP03517,Sneha L,Kolkata,Bike,Full-time,4.39,Y
3517,DP03518,Priya G,Mumbai,Scooter,Contract,4.11,N
3518,DP03519,Vikas W,Delhi,Bike,Full-time,4.48,Y
3519,DP03520,Meena Q,Bengaluru,Bike,Contract,3.99,Y
3520,DP03521,Sneha C,Delhi,Bike,Full-time,4.5,Y
3521,DP03522,Neha K,Mumbai,Bike,Full-time,4.27,Y
3522,DP03523,Sneha O,Delhi,Bike,Part-time,4.4,Y
3523,DP03524,Sneha J,Chennai,Bike,Full-time,3.81,Y
3524,DP03525,Meena Y,Pune,Bike,Part-time,3.88,Y
3525,DP03526,Arjun F,Pune,Scooter,Contract,4.46,Y
3526,DP03527,Arjun X,Bengaluru,Bike,Full-time,3.93,Y
3527,DP03528,Sneha K,Mumbai,Scooter,Full-time,4.22,Y
3528,DP03529,Vikas Z,Bengaluru,Scooter,Full-time,4.01,Y
3529,DP03530,Nikhil I,Mumbai,Car,Contract,4.03,Y
3530,DP03531,Priya F,Mumbai,Scooter,Full-time,5.0,Y
3531,DP03532,Neha I,Kolkata,Bike,Part-time,4.43,Y
3532,DP03533,Deepak C,Delhi,Bike,Full-time,4.64,Y
3533,DP03534,Arjun H,Mumbai,Cycle,Contract,3.94,Y
3534,DP03535,Rakesh B,Delhi,Cycle,Full-time,4.06,N
3535,DP03536,Deepak L,Delhi,Scooter,Full-time,4.07,Y
3536,DP03537,Rakesh I,Bengaluru,Scooter,Full-time,4.13,N
3537,DP03538,Divya Y,Chennai,Cycle,Full-time,4.9,N
3538,DP03539,Sneha N,Ahmedabad,Scooter,Part-time,3.95,Y
3539,DP03540,Santosh Y,Bengaluru,Scooter,Full-time,4.36,Y
3540,DP03541,Sneha O,Pune,Bike,Full-time,3.7,Y
3541,DP03542,Kiran X,Bengaluru,Cycle,Part-time,4.86,Y
3542,DP03543,Rakesh H,Pune,Scooter,Full-time,3.89,Y
3543,DP03544,Shreya U,Ahmedabad,Scooter,Part-time,4.23,Y
3544,DP03545,Meena I,Pune,Scooter,Part-time,4.56,Y
3545,DP03546,Priya G,Pune,Cycle,Contract,4.92,Y
3546,DP03547,Manoj K,Bengaluru,Scooter,Full-time,3.95,Y
3547,DP03548,Ananya K,Delhi,Scooter,Full-time,4.53,Y
3548,DP03549,Pooja G,Mumbai,Scooter,Part-time,3.89,Y
3549,DP03550,Shreya W,Ahmedabad,Bike,Part-time,3.95,N
3550,DP03551,Manoj R,Chennai,Scooter,Contract,4.34,Y
3551,DP03552,Deepak V,Pune,Bike,Part-time,4.22,N
3552,DP03553,Sneha H,Bengaluru,Scooter,Full-time,4.59,Y
3553,DP03554,Kiran C,Chennai,Scooter,Full-time,4.43,N
3554,DP03555,Nikhil V,Kolkata,Scooter,Contract,4.06,Y
3555,DP03556,Ananya X,Mumbai,Bike,Part-time,4.71,Y
3556,DP03557,Santosh F,Kolkata,Cycle,Part-time,4.05,Y
3557,DP03558,Sneha G,Bengaluru,Bike,Full-time,4.03,Y
3558,DP03559,Nikhil Y,Mumbai,Scooter,Full-time,4.14,Y
3559,DP03560,Manoj D,Pune,Scooter,Full-time,4.23,N
3560,DP03561,Kiran F,Mumbai,Bike,Full-time,4.07,Y
3561,DP03562,Rakesh I,Chennai,Scooter,Full-time,4.42,Y
3562,DP03563,Vikas V,Bengaluru,Bike,Full-time,4.39,Y
3563,DP03564,Nikhil U,Bengaluru,Bike,Full-time,4.24,Y
3564,DP03565,Vikas M,Kolkata,Scooter,Full-time,4.13,Y
3565,DP03566,Rakesh W,Delhi,Bike,Contract,4.79,Y
3566,DP03567,Deepak J,Pune,Scooter,Full-time,3.95,Y
3567,DP03568,Nikhil Z,Mumbai,Cycle,Part-time,4.24,Y
3568,DP03569,Ravi W,Ahmedabad,Scooter,Full-time,3.94,Y
3569,DP03570,Manoj K,Pune,Bike,Contract,4.55,Y
3570,DP03571,Deepak K,Bengaluru,Cycle,Contract,4.22,Y
3571,DP03572,Arjun C,Mumbai,Scooter,Contract,5.0,Y
3572,DP03573,Pooja Z,Delhi,Scooter,Contract,3.65,Y
3573,DP03574,Arjun B,Bengaluru,Scooter,Full-time,4.37,Y
3574,DP03575,Manoj A,Bengaluru,Scooter,Full-time,3.98,Y
3575,DP03576,Santosh C,Delhi,Cycle,Part-time,4.51,Y
3576,DP03577,Manoj F,Kolkata,Bike,Full-time,4.03,Y
3577,DP03578,Santosh R,Kolkata,Bike,Full-time,4.08,Y
3578,DP03579,Pooja M,Bengaluru,Bike,Full-time,4.08,Y
3579,DP03580,Ananya V,Pune,Scooter,Part-time,4.1,Y
3580,DP03581,Manoj A,Pune,Bike,Part-time,4.2,Y
3581,DP03582,Manoj I,Mumbai,Bike,Contract,4.02,Y
3582,DP03583,Rahul P,Mumbai,Bike,Contract,4.11,Y
3583,DP03584,Arjun H,Chennai,Cycle,Full-time,4.47,Y
3584,DP03585,Suresh H,Mumbai,Scooter,Contract,4.27,Y
3585,DP03586,Meena T,Ahmedabad,Scooter,Full-time,4.35,Y
3586,DP03587,Vikas Y,Delhi,Scooter,Contract,3.83,Y
3587,DP03588,Rahul D,Mumbai,Scooter,Full-time,4.5,Y
3588,DP03589,Santosh W,Pune,Scooter,Full-time,4.31,Y
3589,DP03590,Priya R,Mumbai,Car,Part-time,4.13,Y
3590,DP03591,Rakesh M,Mumbai,Bike,Part-time,4.02,Y
3591,DP03592,Ananya S,Pune,Scooter,Full-time,4.43,Y
3592,DP03593,Priya B,Mumbai,Bike,Full-time,3.69,Y
3593,DP03594,Ananya V,Mumbai,Bike,Full-time,4.61,N
3594,DP03595,Ravi W,Chennai,Bike,Full-time,4.28,Y
3595,DP03596,Sneha P,Bengaluru,Cycle,Part-time,3.55,Y
3596,DP03597,Arjun C,Mumbai,Scooter,Full-time,3.87,Y
3597,DP03598,Sneha O,Pune,Bike,Full-time,3.65,Y
3598,DP03599,Pooja M,Bengaluru,Bike,Full-time,4.18,Y
3599,DP03600,Deepak E,Kolkata,Scooter,Contract,4.66,Y
3600,DP03601,Deepak H,Mumbai,Bike,Full-time,3.63,Y
3601,DP03602,Santosh W,Mumbai,Cycle,Part-time,4.31,N
3602,DP03603,Shreya C,Bengaluru,Bike,Full-time,4.09,Y
3603,DP03604,Amit L,Pune,Scooter,Full-time,4.38,Y
3604,DP03605,Manoj N,Chennai,Scooter,Full-time,4.23,Y
3605,DP03606,Sneha P,Chennai,Scooter,Part-time,4.27,Y
3606,DP03607,Divya E,Kolkata,Bike,Part-time,3.32,Y
3607,DP03608,Rakesh Y,Chennai,Bike,Full-time,5.0,Y
3608,DP03609,Amit Q,Kolkata,Cycle,Part-time,3.98,Y
3609,DP03610,Arjun B,Delhi,Scooter,Contract,4.46,N
3610,DP03611,Manoj W,Mumbai,Car,Part-time,4.08,N
3611,DP03612,Meena G,Delhi,Bike,Contract,4.26,Y
3612,DP03613,Arjun N,Chennai,Scooter,Contract,4.12,N
3613,DP03614,Amit X,Bengaluru,Scooter,Full-time,3.9,Y
3614,DP03615,Pooja H,Pune,Bike,Full-time,4.34,Y
3615,DP03616,Amit Y,Bengaluru,Bike,Full-time,3.9,Y
3616,DP03617,Deepak R,Chennai,Cycle,Part-time,3.97,Y
3617,DP03618,Santosh H,Delhi,Bike,Part-time,4.14,N
3618,DP03619,Divya C,Mumbai,Scooter,Contract,4.59,Y
3619,DP03620,Amit U,Delhi,Bike,Part-time,4.79,Y
3620,DP03621,Santosh S,Bengaluru,Cycle,Full-time,4.34,Y
3621,DP03622,Meena P,Delhi,Bike,Part-time,3.82,Y
3622,DP03623,Neha B,Bengaluru,Bike,Full-time,4.46,Y
3623,DP03624,Rahul P,Bengaluru,Cycle,Full-time,4.18,Y
3624,DP03625,Suresh Z,Delhi,Car,Part-time,3.73,Y
3625,DP03626,Priya O,Hyderabad,Scooter,Full-time,4.32,Y
3626,DP03627,Santosh X,Mumbai,Scooter,Full-time,4.87,Y
3627,DP03628,Kiran I,Bengaluru,Bike,Part-time,4.45,Y
3628,DP03629,Divya A,Bengaluru,Bike,Part-time,4.32,Y
3629,DP03630,Deepak T,Pune,Bike,Contract,4.49,Y
3630,DP03631,Shreya C,Bengaluru,Scooter,Full-time,4.72,N
3631,DP03632,Nikhil K,Bengaluru,Scooter,Part-time,4.15,Y
3632,DP03633,Pooja A,Delhi,Bike,Part-time,4.03,Y
3633,DP03634,Ananya L,Bengaluru,Cycle,Full-time,4.31,N
3634,DP03635,Arjun G,Delhi,Car,Part-time,4.54,Y
3635,DP03636,Arjun E,Mumbai,Cycle,Full-time,3.85,Y
3636,DP03637,Meena J,Chennai,Scooter,Contract,3.92,Y
3637,DP03638,Rakesh R,Bengaluru,Scooter,Contract,4.17,Y
3638,DP03639,Suresh N,Kolkata,Scooter,Full-time,4.07,Y
3639,DP03640,Neha V,Pune,Scooter,Contract,3.94,Y
3640,DP03641,Amit Y,Ahmedabad,Bike,Part-time,3.95,N
3641,DP03642,Amit F,Hyderabad,Bike,Contract,4.36,Y
3642,DP03643,Suresh R,Bengaluru,Scooter,Full-time,4.45,Y
3643,DP03644,Manoj A,Pune,Cycle,Part-time,4.73,Y
3644,DP03645,Suresh K,Mumbai,Bike,Contract,3.95,Y
3645,DP03646,Suresh H,Ahmedabad,Scooter,Full-time,4.45,Y
3646,DP03647,Suresh V,Bengaluru,Cycle,Full-time,4.35,Y
3647,DP03648,Shreya S,Delhi,Scooter,Part-time,4.32,Y
3648,DP03649,Pooja B,Chennai,Cycle,Full-time,4.81,Y
3649,DP03650,Rahul N,Delhi,Scooter,Full-time,4.53,Y
3650,DP03651,Manoj Q,Hyderabad,Scooter,Contract,4.67,Y
3651,DP03652,Rahul O,Delhi,Bike,Full-time,4.89,N
3652,DP03653,Divya C,Pune,Bike,Part-time,4.23,Y
3653,DP03654,Rakesh K,Chennai,Bike,Full-time,4.13,Y
3654,DP03655,Shreya S,Mumbai,Cycle,Full-time,4.41,Y
3655,DP03656,Rakesh B,Bengaluru,Scooter,Contract,4.08,Y
3656,DP03657,Rahul L,Chennai,Bike,Part-time,4.42,Y
3657,DP03658,Vikas C,Ahmedabad,Cycle,Full-time,3.92,Y
3658,DP03659,Nikhil U,Mumbai,Bike,Full-time,4.16,Y
3659,DP03660,Sneha V,Bengaluru,Cycle,Full-time,4.08,Y
3660,DP03661,Nikhil E,Chennai,Scooter,Contract,4.09,N
3661,DP03662,Sneha Z,Hyderabad,Bike,Contract,4.3,Y
3662,DP03663,Suresh J,Hyderabad,Bike,Contract,3.86,Y
3663,DP03664,Divya W,Bengaluru,Scooter,Part-time,4.15,N
3664,DP03665,Ravi M,Mumbai,Scooter,Contract,3.63,Y
3665,DP03666,Priya J,Bengaluru,Bike,Full-time,4.51,Y
3666,DP03667,Ravi Y,Hyderabad,Scooter,Full-time,4.03,Y
3667,DP03668,Pooja J,Kolkata,Cycle,Full-time,4.39,Y
3668,DP03669,Neha H,Delhi,Scooter,Contract,4.11,N
3669,DP03670,Rahul J,Hyderabad,Scooter,Full-time,4.5,Y
3670,DP03671,Divya S,Hyderabad,Scooter,Full-time,4.24,Y
3671,DP03672,Shreya R,Pune,Bike,Part-time,3.84,Y
3672,DP03673,Kiran Q,Pune,Scooter,Contract,4.11,Y
3673,DP03674,Deepak A,Kolkata,Cycle,Part-time,4.78,Y
3674,DP03675,Kiran S,Delhi,Car,Part-time,4.48,N
3675,DP03676,Vikas J,Mumbai,Bike,Full-time,4.61,Y
3676,DP03677,Suresh T,Chennai,Scooter,Full-time,3.68,Y
3677,DP03678,Priya J,Bengaluru,Scooter,Full-time,4.0,Y
3678,DP03679,Amit F,Mumbai,Cycle,Part-time,3.69,N
3679,DP03680,Ananya R,Kolkata,Bike,Full-time,4.25,Y
3680,DP03681,Deepak G,Mumbai,Scooter,Full-time,4.65,Y
3681,DP03682,Shreya R,Ahmedabad,Cycle,Contract,4.03,Y
3682,DP03683,Santosh M,Delhi,Bike,Full-time,4.43,Y
3683,DP03684,Sneha V,Delhi,Bike,Full-time,4.52,Y
3684,DP03685,Vikas S,Mumbai,Scooter,Part-time,4.51,Y
3685,DP03686,Vikas S,Delhi,Bike,Part-time,4.47,Y
3686,DP03687,Amit B,Delhi,Bike,Part-time,3.98,Y
3687,DP03688,Sneha V,Bengaluru,Scooter,Part-time,3.51,Y
3688,DP03689,Meena F,Delhi,Bike,Full-time,4.34,Y
3689,DP03690,Nikhil F,Delhi,Bike,Part-time,4.47,Y
3690,DP03691,Nikhil Y,Pune,Bike,Full-time,4.36,Y
3691,DP03692,Santosh O,Mumbai,Bike,Full-time,3.9,Y
3692,DP03693,Priya D,Mumbai,Cycle,Full-time,4.18,Y
3693,DP03694,Nikhil N,Mumbai,Cycle,Full-time,4.12,Y
3694,DP03695,Sneha K,Delhi,Car,Part-time,4.42,Y
3695,DP03696,Ravi B,Hyderabad,Scooter,Contract,4.22,Y
3696,DP03697,Suresh J,Bengaluru,Bike,Part-time,4.05,N
3697,DP03698,Nikhil F,Chennai,Scooter,Part-time,4.51,Y
3698,DP03699,Meena Q,Delhi,Scooter,Full-time,4.28,Y
3699,DP03700,Ravi E,Bengaluru,Cycle,Contract,4.35,Y
3700,DP03701,Nikhil P,Delhi,Bike,Full-time,4.4,Y
3701,DP03702,Ananya Q,Bengaluru,Bike,Full-time,4.2,Y
3702,DP03703,Suresh E,Bengaluru,Bike,Part-time,3.48,Y
3703,DP03704,Deepak K,Mumbai,Scooter,Contract,4.64,Y
3704,DP03705,Meena I,Delhi,Bike,Full-time,4.2,Y
3705,DP03706,Amit F,Mumbai,Bike,Full-time,4.61,Y
3706,DP03707,Meena P,Pune,Bike,Full-time,4.16,Y
3707,DP03708,Arjun G,Mumbai,Cycle,Part-time,4.02,Y
3708,DP03709,Amit Q,Ahmedabad,Scooter,Contract,4.66,N
3709,DP03710,Priya V,Kolkata,Cycle,Full-time,4.35,Y
3710,DP03711,Manoj P,Bengaluru,Bike,Full-time,4.44,Y
3711,DP03712,Nikhil E,Mumbai,Scooter,Part-time,4.08,Y
3712,DP03713,Suresh D,Mumbai,Bike,Part-time,4.19,Y
3713,DP03714,Pooja A,Bengaluru,Bike,Contract,3.97,Y
3714,DP03715,Manoj E,Kolkata,Bike,Full-time,3.87,Y
3715,DP03716,Arjun R,Kolkata,Scooter,Part-time,4.5,Y
3716,DP03717,Manoj G,Bengaluru,Bike,Full-time,4.4,Y
3717,DP03718,Suresh F,Hyderabad,Scooter,Full-time,4.27,Y
3718,DP03719,Suresh J,Hyderabad,Scooter,Part-time,4.29,Y
3719,DP03720,Shreya Q,Delhi,Bike,Part-time,4.42,Y
3720,DP03721,Pooja S,Kolkata,Scooter,Part-time,4.29,N
3721,DP03722,Ravi D,Kolkata,Car,Full-time,3.97,Y
3722,DP03723,Rakesh H,Bengaluru,Bike,Full-time,4.01,Y
3723,DP03724,Manoj I,Bengaluru,Scooter,Contract,3.92,Y
3724,DP03725,Nikhil H,Kolkata,Car,Full-time,4.45,N
3725,DP03726,Divya O,Kolkata,Scooter,Part-time,4.58,Y
3726,DP03727,Rakesh U,Mumbai,Bike,Part-time,3.81,Y
3727,DP03728,Amit J,Mumbai,Cycle,Full-time,4.81,Y
3728,DP03729,Neha I,Kolkata,Bike,Contract,4.08,Y
3729,DP03730,Rahul M,Mumbai,Bike,Full-time,4.01,Y
3730,DP03731,Rahul F,Mumbai,Scooter,Full-time,4.8,Y
3731,DP03732,Santosh C,Ahmedabad,Bike,Full-time,4.1,Y
3732,DP03733,Shreya Q,Kolkata,Cycle,Full-time,4.01,N
3733,DP03734,Divya P,Pune,Scooter,Full-time,3.92,Y
3734,DP03735,Nikhil E,Bengaluru,Bike,Part-time,4.25,Y
3735,DP03736,Deepak Q,Bengaluru,Scooter,Part-time,4.06,Y
3736,DP03737,Meena W,Ahmedabad,Bike,Part-time,3.98,Y
3737,DP03738,Suresh G,Mumbai,Scooter,Full-time,4.51,Y
3738,DP03739,Priya L,Hyderabad,Cycle,Full-time,3.78,Y
3739,DP03740,Neha A,Bengaluru,Bike,Part-time,4.31,Y
3740,DP03741,Nikhil L,Chennai,Bike,Part-time,4.15,Y
3741,DP03742,Pooja Y,Mumbai,Bike,Full-time,3.65,Y
3742,DP03743,Sneha U,Mumbai,Bike,Full-time,4.14,Y
3743,DP03744,Santosh M,Kolkata,Bike,Full-time,3.97,Y
3744,DP03745,Rakesh S,Hyderabad,Bike,Contract,4.59,Y
3745,DP03746,Nikhil P,Delhi,Bike,Part-time,4.58,Y
3746,DP03747,Amit M,Kolkata,Bike,Contract,4.38,Y
3747,DP03748,Sneha L,Mumbai,Bike,Part-time,4.53,Y
3748,DP03749,Divya S,Ahmedabad,Bike,Full-time,4.14,Y
3749,DP03750,Ravi R,Mumbai,Bike,Full-time,3.97,N
3750,DP03751,Priya Y,Mumbai,Scooter,Part-time,4.21,Y
3751,DP03752,Ananya N,Mumbai,Scooter,Contract,4.11,Y
3752,DP03753,Kiran A,Pune,Bike,Contract,4.36,Y
3753,DP03754,Ananya F,Bengaluru,Cycle,Full-time,4.13,Y
3754,DP03755,Amit X,Delhi,Bike,Full-time,4.2,Y
3755,DP03756,Kiran J,Kolkata,Bike,Full-time,4.09,Y
3756,DP03757,Kiran V,Bengaluru,Bike,Full-time,4.1,Y
3757,DP03758,Shreya K,Ahmedabad,Bike,Contract,3.42,Y
3758,DP03759,Rahul T,Bengaluru,Bike,Full-time,4.36,Y
3759,DP03760,Priya A,Mumbai,Scooter,Contract,4.31,Y
3760,DP03761,Rahul A,Chennai,Scooter,Full-time,4.48,Y
3761,DP03762,Priya N,Pune,Bike,Part-time,3.73,Y
3762,DP03763,Kiran D,Bengaluru,Bike,Full-time,4.88,N
3763,DP03764,Nikhil B,Mumbai,Scooter,Part-time,4.09,Y
3764,DP03765,Arjun I,Mumbai,Scooter,Part-time,4.83,Y
3765,DP03766,Shreya W,Mumbai,Scooter,Part-time,3.78,N
3766,DP03767,Ravi S,Mumbai,Scooter,Contract,4.19,Y
3767,DP03768,Neha U,Ahmedabad,Bike,Full-time,4.05,Y
3768,DP03769,Manoj F,Chennai,Bike,Contract,4.59,N
3769,DP03770,Ananya A,Bengaluru,Bike,Full-time,4.25,Y
3770,DP03771,Rakesh W,Chennai,Bike,Full-time,3.97,Y
3771,DP03772,Amit Y,Kolkata,Bike,Part-time,4.28,Y
3772,DP03773,Suresh F,Delhi,Cycle,Full-time,4.32,Y
3773,DP03774,Manoj Q,Bengaluru,Scooter,Full-time,4.5,Y
3774,DP03775,Manoj R,Chennai,Bike,Contract,4.06,Y
3775,DP03776,Rakesh G,Delhi,Scooter,Full-time,3.97,Y
3776,DP03777,Kiran W,Mumbai,Scooter,Full-time,4.35,Y
3777,DP03778,Neha I,Hyderabad,Bike,Part-time,4.13,Y
3778,DP03779,Pooja U,Ahmedabad,Scooter,Contract,3.76,Y
3779,DP03780,Suresh I,Chennai,Cycle,Full-time,4.46,Y
3780,DP03781,Nikhil F,Bengaluru,Scooter,Part-time,3.87,Y
3781,DP03782,Ravi Q,Hyderabad,Cycle,Full-time,4.23,Y
3782,DP03783,Neha Q,Hyderabad,Scooter,Full-time,3.83,Y
3783,DP03784,Vikas Q,Bengaluru,Bike,Full-time,4.45,Y
3784,DP03785,Pooja Y,Chennai,Bike,Full-time,4.0,Y
3785,DP03786,Nikhil G,Delhi,Cycle,Full-time,4.3,Y
3786,DP03787,Sneha E,Chennai,Scooter,Full-time,3.89,Y
3787,DP03788,Suresh C,Bengaluru,Cycle,Full-time,4.08,Y
3788,DP03789,Santosh P,Kolkata,Scooter,Part-time,4.03,Y
3789,DP03790,Deepak N,Pune,Scooter,Full-time,4.94,Y
3790,DP03791,Ravi H,Delhi,Scooter,Contract,3.75,Y
3791,DP03792,Shreya X,Ahmedabad,Bike,Part-time,4.27,Y
3792,DP03793,Nikhil B,Chennai,Bike,Contract,4.59,Y
3793,DP03794,Shreya Z,Chennai,Scooter,Full-time,4.31,Y
3794,DP03795,Deepak I,Mumbai,Car,Full-time,4.21,Y
3795,DP03796,Deepak Y,Bengaluru,Scooter,Full-time,4.51,Y
3796,DP03797,Rakesh J,Chennai,Scooter,Contract,3.98,Y
3797,DP03798,Amit F,Mumbai,Scooter,Contract,4.55,N
3798,DP03799,Vikas A,Ahmedabad,Cycle,Part-time,4.25,Y
3799,DP03800,Arjun A,Bengaluru,Bike,Full-time,4.07,Y
3800,DP03801,Manoj Y,Chennai,Bike,Contract,4.12,Y
3801,DP03802,Meena J,Delhi,Bike,Full-time,4.06,Y
3802,DP03803,Priya O,Ahmedabad,Bike,Part-time,4.5,Y
3803,DP03804,Shreya O,Mumbai,Cycle,Full-time,4.26,Y
3804,DP03805,Neha M,Bengaluru,Bike,Part-time,4.03,N
3805,DP03806,Neha Q,Pune,Bike,Part-time,4.28,N
3806,DP03807,Meena D,Bengaluru,Cycle,Contract,3.84,Y
3807,DP03808,Deepak H,Kolkata,Bike,Contract,4.18,Y
3808,DP03809,Shreya B,Hyderabad,Scooter,Part-time,3.81,Y
3809,DP03810,Kiran N,Pune,Car,Full-time,4.55,Y
3810,DP03811,Meena F,Hyderabad,Bike,Part-time,4.17,Y
3811,DP03812,Amit M,Chennai,Bike,Full-time,4.0,Y
3812,DP03813,Rahul D,Bengaluru,Bike,Part-time,4.07,Y
3813,DP03814,Nikhil T,Bengaluru,Scooter,Part-time,4.49,Y
3814,DP03815,Deepak W,Delhi,Scooter,Full-time,3.53,Y
3815,DP03816,Rakesh A,Pune,Car,Part-time,4.03,Y
3816,DP03817,Sneha U,Delhi,Bike,Full-time,4.12,Y
3817,DP03818,Arjun Y,Bengaluru,Bike,Full-time,4.83,Y
3818,DP03819,Arjun M,Bengaluru,Scooter,Part-time,4.15,Y
3819,DP03820,Nikhil I,Hyderabad,Scooter,Full-time,4.2,N
3820,DP03821,Nikhil Y,Bengaluru,Bike,Contract,4.48,Y
3821,DP03822,Arjun Z,Bengaluru,Scooter,Contract,4.32,Y
3822,DP03823,Rahul Z,Delhi,Scooter,Part-time,3.58,N
3823,DP03824,Neha N,Mumbai,Cycle,Full-time,3.65,Y
3824,DP03825,Divya G,Delhi,Bike,Full-time,3.93,Y
3825,DP03826,Ravi M,Mumbai,Scooter,Part-time,4.34,Y
3826,DP03827,Ananya V,Pune,Car,Part-time,4.61,Y
3827,DP03828,Vikas A,Bengaluru,Bike,Part-time,4.52,Y
3828,DP03829,Neha H,Mumbai,Scooter,Full-time,4.7,Y
3829,DP03830,Ravi K,Bengaluru,Car,Full-time,4.29,Y
3830,DP03831,Vikas P,Delhi,Bike,Part-time,4.2,Y
3831,DP03832,Priya R,Ahmedabad,Scooter,Full-time,4.25,Y
3832,DP03833,Priya D,Pune,Bike,Part-time,3.41,Y
3833,DP03834,Vikas Y,Delhi,Car,Contract,4.24,Y
3834,DP03835,Suresh Z,Hyderabad,Bike,Full-time,3.77,Y
3835,DP03836,Pooja D,Bengaluru,Cycle,Part-time,3.99,Y
3836,DP03837,Ravi G,Kolkata,Scooter,Contract,4.66,Y
3837,DP03838,Amit D,Mumbai,Bike,Full-time,4.44,Y
3838,DP03839,Arjun H,Kolkata,Cycle,Full-time,4.56,Y
3839,DP03840,Amit T,Delhi,Cycle,Part-time,3.92,Y
3840,DP03841,Meena T,Bengaluru,Scooter,Contract,3.95,Y
3841,DP03842,Neha N,Delhi,Bike,Part-time,4.35,Y
3842,DP03843,Sneha H,Chennai,Scooter,Full-time,4.25,Y
3843,DP03844,Pooja H,Mumbai,Bike,Part-time,4.21,N
3844,DP03845,Amit A,Bengaluru,Cycle,Full-time,4.77,Y
3845,DP03846,Arjun R,Mumbai,Car,Full-time,4.59,Y
3846,DP03847,Amit O,Bengaluru,Bike,Full-time,4.01,Y
3847,DP03848,Sneha N,Mumbai,Bike,Part-time,4.33,Y
3848,DP03849,Nikhil C,Mumbai,Scooter,Part-time,4.56,Y
3849,DP03850,Ananya E,Hyderabad,Bike,Full-time,4.52,N
3850,DP03851,Suresh H,Delhi,Bike,Contract,4.01,Y
3851,DP03852,Manoj G,Chennai,Scooter,Full-time,3.96,Y
3852,DP03853,Shreya V,Kolkata,Bike,Full-time,3.96,N
3853,DP03854,Vikas C,Kolkata,Bike,Part-time,3.69,N
3854,DP03855,Nikhil S,Hyderabad,Bike,Full-time,4.61,Y
3855,DP03856,Divya Q,Hyderabad,Scooter,Part-time,4.16,Y
3856,DP03857,Ravi C,Kolkata,Scooter,Contract,4.53,Y
3857,DP03858,Sneha S,Mumbai,Scooter,Full-time,3.62,Y
3858,DP03859,Nikhil Q,Kolkata,Scooter,Contract,3.62,Y
3859,DP03860,Manoj X,Ahmedabad,Bike,Contract,4.01,Y
3860,DP03861,Rahul V,Bengaluru,Scooter,Contract,4.4,Y
3861,DP03862,Arjun D,Bengaluru,Cycle,Full-time,4.31,Y
3862,DP03863,Nikhil W,Delhi,Scooter,Contract,4.92,Y
3863,DP03864,Divya G,Pune,Scooter,Contract,4.77,Y
3864,DP03865,Suresh N,Bengaluru,Scooter,Full-time,4.14,Y
3865,DP03866,Sneha K,Pune,Bike,Part-time,4.08,Y
3866,DP03867,Vikas H,Bengaluru,Scooter,Full-time,4.38,Y
3867,DP03868,Ananya I,Delhi,Bike,Full-time,4.3,Y
3868,DP03869,Nikhil H,Bengaluru,Bike,Part-time,4.41,Y
3869,DP03870,Ananya X,Bengaluru,Bike,Part-time,4.16,N
3870,DP03871,Sneha C,Bengaluru,Cycle,Full-time,3.99,N
3871,DP03872,Manoj D,Ahmedabad,Bike,Contract,3.9,Y
3872,DP03873,Rakesh N,Kolkata,Bike,Full-time,3.82,Y
3873,DP03874,Santosh F,Chennai,Bike,Full-time,3.57,N
3874,DP03875,Suresh Z,Delhi,Car,Full-time,4.15,Y
3875,DP03876,Arjun S,Ahmedabad,Scooter,Contract,4.23,Y
3876,DP03877,Amit Q,Ahmedabad,Bike,Full-time,4.3,Y
3877,DP03878,Sneha X,Chennai,Cycle,Part-time,3.82,N
3878,DP03879,Amit M,Pune,Scooter,Full-time,4.37,Y
3879,DP03880,Nikhil J,Delhi,Bike,Full-time,4.19,Y
3880,DP03881,Santosh L,Bengaluru,Car,Full-time,4.22,Y
3881,DP03882,Nikhil Z,Ahmedabad,Cycle,Part-time,4.36,Y
3882,DP03883,Shreya W,Ahmedabad,Bike,Full-time,3.87,N
3883,DP03884,Ananya U,Bengaluru,Scooter,Contract,4.05,Y
3884,DP03885,Shreya K,Delhi,Scooter,Part-time,4.24,Y
3885,DP03886,Nikhil K,Pune,Scooter,Full-time,4.26,Y
3886,DP03887,Ravi K,Kolkata,Scooter,Full-time,4.18,Y
3887,DP03888,Ravi B,Hyderabad,Bike,Full-time,4.07,Y
3888,DP03889,Suresh M,Kolkata,Bike,Full-time,4.58,N
3889,DP03890,Vikas S,Chennai,Bike,Full-time,4.05,Y
3890,DP03891,Arjun G,Pune,Cycle,Contract,4.43,Y
3891,DP03892,Amit G,Ahmedabad,Bike,Full-time,4.14,Y
3892,DP03893,Manoj E,Mumbai,Scooter,Full-time,3.69,Y
3893,DP03894,Kiran M,Kolkata,Bike,Contract,3.89,Y
3894,DP03895,Manoj Z,Mumbai,Bike,Part-time,4.39,N
3895,DP03896,Divya M,Mumbai,Bike,Contract,4.6,N
3896,DP03897,Vikas J,Bengaluru,Scooter,Part-time,4.26,Y
3897,DP03898,Deepak H,Bengaluru,Bike,Part-time,4.82,Y
3898,DP03899,Rahul T,Chennai,Bike,Contract,3.97,Y
3899,DP03900,Ananya G,Ahmedabad,Car,Full-time,3.66,Y
3900,DP03901,Santosh N,Ahmedabad,Cycle,Full-time,3.82,N
3901,DP03902,Meena U,Bengaluru,Scooter,Full-time,3.98,Y
3902,DP03903,Kiran L,Ahmedabad,Car,Part-time,4.36,Y
3903,DP03904,Ravi Z,Pune,Scooter,Contract,4.04,Y
3904,DP03905,Manoj P,Mumbai,Scooter,Full-time,4.01,N
3905,DP03906,Rakesh U,Mumbai,Car,Contract,4.01,Y
3906,DP03907,Deepak J,Bengaluru,Cycle,Part-time,4.04,Y
3907,DP03908,Deepak U,Kolkata,Bike,Part-time,4.25,Y
3908,DP03909,Priya M,Chennai,Scooter,Contract,4.12,N
3909,DP03910,Sneha U,Chennai,Scooter,Contract,4.19,Y
3910,DP03911,Ananya K,Kolkata,Bike,Full-time,4.19,Y
3911,DP03912,Divya K,Chennai,Cycle,Full-time,4.47,Y
3912,DP03913,Meena Y,Delhi,Bike,Part-time,3.8,N
3913,DP03914,Meena S,Delhi,Bike,Part-time,3.65,Y
3914,DP03915,Rahul N,Bengaluru,Cycle,Part-time,4.1,Y
3915,DP03916,Ananya X,Delhi,Car,Part-time,4.01,Y
3916,DP03917,Suresh J,Ahmedabad,Scooter,Contract,4.75,Y
3917,DP03918,Neha I,Bengaluru,Scooter,Full-time,3.56,Y
3918,DP03919,Kiran Q,Mumbai,Scooter,Contract,3.96,Y
3919,DP03920,Ravi E,Mumbai,Bike,Contract,3.89,Y
3920,DP03921,Pooja C,Ahmedabad,Bike,Full-time,4.53,Y
3921,DP03922,Rahul A,Pune,Scooter,Contract,3.98,Y
3922,DP03923,Rakesh J,Delhi,Scooter,Contract,4.32,Y
3923,DP03924,Arjun J,Mumbai,Bike,Full-time,4.59,Y
3924,DP03925,Amit P,Bengaluru,Scooter,Full-time,4.34,Y
3925,DP03926,Santosh Z,Bengaluru,Cycle,Part-time,4.1,N
3926,DP03927,Ravi T,Chennai,Car,Full-time,4.38,Y
3927,DP03928,Kiran T,Bengaluru,Cycle,Full-time,4.46,Y
3928,DP03929,Priya X,Pune,Cycle,Contract,4.2,Y
3929,DP03930,Rahul P,Chennai,Bike,Part-time,4.37,N
3930,DP03931,Arjun N,Hyderabad,Cycle,Full-time,4.31,Y
3931,DP03932,Meena H,Chennai,Bike,Full-time,4.42,N
3932,DP03933,Manoj T,Bengaluru,Scooter,Full-time,4.16,Y
3933,DP03934,Shreya K,Delhi,Bike,Part-time,4.17,Y
3934,DP03935,Rahul D,Hyderabad,Scooter,Full-time,3.95,N
3935,DP03936,Suresh B,Kolkata,Bike,Part-time,3.69,Y
3936,DP03937,Suresh B,Hyderabad,Cycle,Part-time,4.62,Y
3937,DP03938,Meena B,Chennai,Cycle,Full-time,3.75,Y
3938,DP03939,Neha C,Hyderabad,Scooter,Full-time,3.69,Y
3939,DP03940,Rakesh W,Pune,Scooter,Full-time,3.74,Y
3940,DP03941,Vikas L,Bengaluru,Bike,Full-time,4.35,Y
3941,DP03942,Nikhil B,Hyderabad,Bike,Part-time,4.3,Y
3942,DP03943,Santosh E,Mumbai,Cycle,Part-time,3.6,Y
3943,DP03944,Priya Y,Bengaluru,Scooter,Full-time,4.4,Y
3944,DP03945,Vikas L,Hyderabad,Bike,Full-time,3.95,Y
3945,DP03946,Manoj Q,Kolkata,Scooter,Full-time,4.2,Y
3946,DP03947,Nikhil H,Bengaluru,Car,Contract,3.9,Y
3947,DP03948,Ravi Z,Mumbai,Scooter,Part-time,4.24,Y
3948,DP03949,Rahul M,Pune,Bike,Full-time,4.54,Y
3949,DP03950,Shreya X,Kolkata,Bike,Full-time,4.15,Y
3950,DP03951,Rahul U,Kolkata,Bike,Full-time,4.4,Y
3951,DP03952,Amit J,Chennai,Bike,Contract,4.36,Y
3952,DP03953,Suresh F,Mumbai,Scooter,Full-time,3.8,Y
3953,DP03954,Suresh Q,Chennai,Bike,Full-time,4.45,N
3954,DP03955,Sneha B,Bengaluru,Cycle,Full-time,3.76,N
3955,DP03956,Meena M,Bengaluru,Scooter,Full-time,3.69,Y
3956,DP03957,Ananya I,Bengaluru,Bike,Full-time,4.01,N
3957,DP03958,Vikas C,Bengaluru,Bike,Contract,3.94,Y
3958,DP03959,Rahul F,Bengaluru,Scooter,Full-time,4.27,Y
3959,DP03960,Meena C,Bengaluru,Bike,Full-time,4.36,Y
3960,DP03961,Pooja R,Kolkata,Scooter,Part-time,4.51,Y
3961,DP03962,Vikas G,Delhi,Bike,Full-time,3.98,Y
3962,DP03963,Priya Y,Ahmedabad,Scooter,Contract,4.69,Y
3963,DP03964,Divya K,Chennai,Bike,Full-time,4.33,Y
3964,DP03965,Ravi M,Mumbai,Scooter,Full-time,4.42,Y
3965,DP03966,Suresh X,Kolkata,Bike,Full-time,4.3,Y
3966,DP03967,Sneha E,Bengaluru,Bike,Full-time,3.95,Y
3967,DP03968,Neha X,Chennai,Bike,Part-time,4.43,Y
3968,DP03969,Suresh Y,Delhi,Bike,Full-time,4.29,Y
3969,DP03970,Sneha Q,Mumbai,Scooter,Full-time,3.91,Y
3970,DP03971,Pooja F,Bengaluru,Cycle,Full-time,4.06,Y
3971,DP03972,Deepak D,Kolkata,Scooter,Full-time,3.87,Y
3972,DP03973,Meena K,Bengaluru,Scooter,Part-time,3.97,N
3973,DP03974,Santosh S,Hyderabad,Scooter,Part-time,4.62,N
3974,DP03975,Suresh X,Delhi,Bike,Part-time,4.11,Y
3975,DP03976,Meena C,Bengaluru,Bike,Full-time,4.41,N
3976,DP03977,Vikas W,Bengaluru,Scooter,Full-time,4.21,Y
3977,DP03978,Suresh A,Bengaluru,Car,Full-time,3.68,Y
3978,DP03979,Santosh E,Bengaluru,Bike,Part-time,4.31,N
3979,DP03980,Priya W,Delhi,Cycle,Contract,4.73,Y
3980,DP03981,Rakesh Y,Chennai,Bike,Part-time,4.62,Y
3981,DP03982,Deepak I,Delhi,Car,Full-time,4.13,N
3982,DP03983,Divya R,Bengaluru,Scooter,Part-time,3.88,Y
3983,DP03984,Ravi Q,Delhi,Car,Contract,4.36,Y
3984,DP03985,Arjun W,Bengaluru,Scooter,Full-time,4.84,Y
3985,DP03986,Ananya C,Bengaluru,Car,Part-time,4.54,Y
3986,DP03987,Rahul I,Chennai,Scooter,Full-time,4.28,Y
3987,DP03988,Ananya H,Kolkata,Cycle,Contract,4.6,Y
3988,DP03989,Arjun S,Bengaluru,Scooter,Full-time,4.14,Y
3989,DP03990,Divya E,Ahmedabad,Scooter,Part-time,3.8,Y
3990,DP03991,Kiran P,Hyderabad,Scooter,Full-time,4.16,Y
3991,DP03992,Neha H,Chennai,Bike,Part-time,3.67,Y
3992,DP03993,Neha I,Bengaluru,Cycle,Full-time,3.69,Y
3993,DP03994,Pooja M,Mumbai,Bike,Contract,3.99,Y
3994,DP03995,Rahul L,Bengaluru,Scooter,Full-time,4.82,Y
3995,DP03996,Rahul A,Delhi,Cycle,Full-time,4.85,Y
3996,DP03997,Pooja N,Mumbai,Bike,Part-time,4.32,Y
3997,DP03998,Suresh A,Delhi,Bike,Full-time,4.27,N
3998,DP03999,Priya P,Mumbai,Bike,Contract,4.88,Y
3999,DP04000,Rahul D,Chennai,Scooter,Full-time,4.38,Y
4000,DP04001,Suresh D,Bengaluru,Scooter,Contract,4.53,Y
4001,DP04002,Vikas U,Hyderabad,Scooter,Full-time,4.83,Y
4002,DP04003,Pooja Y,Mumbai,Bike,Part-time,4.33,Y
4003,DP04004,Manoj M,Mumbai,Bike,Full-time,4.28,Y
4004,DP04005,Manoj T,Delhi,Bike,Full-time,4.19,N
4005,DP04006,Amit T,Bengaluru,Cycle,Contract,3.92,Y
4006,DP04007,Arjun I,Chennai,Bike,Full-time,4.52,Y
4007,DP04008,Priya I,Mumbai,Bike,Full-time,4.26,Y
4008,DP04009,Vikas O,Pune,Bike,Full-time,4.45,Y
4009,DP04010,Vikas U,Hyderabad,Bike,Full-time,4.33,Y
4010,DP04011,Kiran T,Kolkata,Bike,Full-time,4.55,Y
4011,DP04012,Deepak B,Mumbai,Bike,Part-time,3.82,N
4012,DP04013,Rakesh B,Chennai,Scooter,Part-time,4.66,Y
4013,DP04014,Rahul N,Bengaluru,Cycle,Full-time,4.12,Y
4014,DP04015,Meena M,Delhi,Scooter,Full-time,4.71,Y
4015,DP04016,Rahul C,Hyderabad,Bike,Part-time,4.2,Y
4016,DP04017,Kiran T,Chennai,Cycle,Part-time,4.38,Y
4017,DP04018,Santosh Z,Mumbai,Bike,Part-time,4.55,Y
4018,DP04019,Pooja K,Delhi,Bike,Full-time,4.08,Y
4019,DP04020,Divya J,Ahmedabad,Scooter,Full-time,4.6,Y
4020,DP04021,Suresh T,Mumbai,Scooter,Full-time,4.09,Y
4021,DP04022,Suresh G,Kolkata,Bike,Full-time,4.36,Y
4022,DP04023,Vikas V,Bengaluru,Bike,Part-time,4.18,Y
4023,DP04024,Ananya G,Delhi,Scooter,Full-time,4.31,Y
4024,DP04025,Priya J,Bengaluru,Scooter,Full-time,4.0,Y
4025,DP04026,Priya K,Hyderabad,Bike,Contract,4.31,Y
4026,DP04027,Ananya Q,Pune,Scooter,Contract,3.71,Y
4027,DP04028,Nikhil V,Hyderabad,Bike,Part-time,4.86,N
4028,DP04029,Arjun O,Mumbai,Scooter,Full-time,4.7,Y
4029,DP04030,Deepak H,Bengaluru,Scooter,Full-time,4.32,Y
4030,DP04031,Arjun J,Kolkata,Bike,Part-time,4.07,Y
4031,DP04032,Sneha R,Ahmedabad,Cycle,Contract,4.39,Y
4032,DP04033,Kiran F,Delhi,Bike,Contract,4.32,N
4033,DP04034,Amit T,Hyderabad,Scooter,Full-time,4.27,Y
4034,DP04035,Neha R,Delhi,Bike,Contract,4.23,Y
4035,DP04036,Divya R,Bengaluru,Scooter,Contract,3.53,Y
4036,DP04037,Pooja M,Ahmedabad,Cycle,Full-time,4.02,Y
4037,DP04038,Deepak E,Ahmedabad,Car,Full-time,4.5,Y
4038,DP04039,Pooja R,Bengaluru,Scooter,Part-time,4.07,Y
4039,DP04040,Priya N,Mumbai,Bike,Part-time,4.1,Y
4040,DP04041,Rakesh Z,Chennai,Cycle,Full-time,4.01,Y
4041,DP04042,Meena P,Pune,Cycle,Part-time,4.17,Y
4042,DP04043,Suresh U,Mumbai,Bike,Part-time,4.14,Y
4043,DP04044,Pooja T,Chennai,Bike,Full-time,3.97,Y
4044,DP04045,Suresh D,Delhi,Cycle,Full-time,4.08,Y
4045,DP04046,Suresh M,Delhi,Car,Contract,4.13,Y
4046,DP04047,Priya V,Kolkata,Bike,Contract,4.11,Y
4047,DP04048,Sneha L,Pune,Scooter,Full-time,4.14,N
4048,DP04049,Meena W,Pune,Scooter,Contract,4.37,Y
4049,DP04050,Divya E,Hyderabad,Bike,Contract,4.32,N
4050,DP04051,Divya C,Chennai,Scooter,Full-time,4.2,Y
4051,DP04052,Suresh E,Mumbai,Scooter,Contract,4.51,N
4052,DP04053,Rakesh Z,Mumbai,Cycle,Contract,3.6,Y
4053,DP04054,Rakesh Z,Ahmedabad,Car,Contract,4.21,Y
4054,DP04055,Rakesh T,Bengaluru,Bike,Contract,4.25,Y
4055,DP04056,Shreya C,Ahmedabad,Cycle,Part-time,3.98,Y
4056,DP04057,Nikhil R,Delhi,Cycle,Full-time,3.58,Y
4057,DP04058,Ravi W,Bengaluru,Scooter,Part-time,3.45,Y
4058,DP04059,Manoj G,Ahmedabad,Scooter,Contract,3.74,Y
4059,DP04060,Pooja X,Mumbai,Bike,Part-time,4.19,Y
4060,DP04061,Rahul V,Mumbai,Bike,Part-time,4.29,Y
4061,DP04062,Divya W,Chennai,Bike,Part-time,4.7,Y
4062,DP04063,Rahul V,Mumbai,Bike,Contract,4.21,Y
4063,DP04064,Vikas I,Kolkata,Scooter,Part-time,4.05,Y
4064,DP04065,Pooja C,Bengaluru,Scooter,Full-time,4.01,N
4065,DP04066,Meena M,Ahmedabad,Bike,Full-time,4.42,Y
4066,DP04067,Deepak Y,Mumbai,Car,Full-time,4.79,N
4067,DP04068,Neha R,Chennai,Bike,Contract,4.36,Y
4068,DP04069,Rakesh H,Mumbai,Car,Contract,4.01,Y
4069,DP04070,Kiran Y,Mumbai,Bike,Part-time,4.75,Y
4070,DP04071,Rahul C,Delhi,Bike,Contract,4.8,Y
4071,DP04072,Rakesh X,Mumbai,Cycle,Full-time,3.83,Y
4072,DP04073,Arjun F,Ahmedabad,Scooter,Part-time,4.15,Y
4073,DP04074,Kiran C,Kolkata,Bike,Part-time,3.89,Y
4074,DP04075,Ravi B,Mumbai,Cycle,Part-time,4.02,Y
4075,DP04076,Manoj T,Kolkata,Scooter,Part-time,4.14,N
4076,DP04077,Manoj J,Mumbai,Bike,Part-time,4.18,Y
4077,DP04078,Kiran I,Delhi,Scooter,Part-time,4.54,Y
4078,DP04079,Pooja I,Kolkata,Bike,Full-time,4.29,Y
4079,DP04080,Ananya H,Kolkata,Cycle,Full-time,3.99,N
4080,DP04081,Suresh A,Mumbai,Bike,Contract,4.06,Y
4081,DP04082,Divya D,Bengaluru,Scooter,Part-time,4.14,Y
4082,DP04083,Vikas G,Pune,Cycle,Part-time,3.85,N
4083,DP04084,Nikhil L,Delhi,Car,Full-time,4.36,Y
4084,DP04085,Santosh M,Hyderabad,Scooter,Full-time,3.65,Y
4085,DP04086,Ravi B,Mumbai,Cycle,Full-time,4.17,Y
4086,DP04087,Suresh L,Bengaluru,Scooter,Full-time,3.77,Y
4087,DP04088,Neha O,Ahmedabad,Bike,Full-time,4.2,Y
4088,DP04089,Arjun B,Bengaluru,Bike,Full-time,4.21,Y
4089,DP04090,Rahul C,Delhi,Scooter,Part-time,3.64,Y
4090,DP04091,Amit A,Kolkata,Bike,Full-time,4.12,Y
4091,DP04092,Divya D,Ahmedabad,Scooter,Part-time,4.79,N
4092,DP04093,Ananya L,Hyderabad,Scooter,Full-time,4.67,N
4093,DP04094,Pooja C,Bengaluru,Scooter,Contract,4.2,N
4094,DP04095,Rakesh E,Bengaluru,Cycle,Full-time,4.26,N
4095,DP04096,Meena K,Chennai,Scooter,Contract,4.83,Y
4096,DP04097,Shreya G,Bengaluru,Bike,Full-time,3.95,Y
4097,DP04098,Rakesh O,Ahmedabad,Cycle,Full-time,4.19,Y
4098,DP04099,Rakesh N,Kolkata,Scooter,Full-time,4.08,Y
4099,DP04100,Amit X,Mumbai,Scooter,Full-time,4.79,Y
4100,DP04101,Priya L,Bengaluru,Scooter,Part-time,4.92,Y
4101,DP04102,Priya Y,Chennai,Cycle,Contract,4.05,Y
4102,DP04103,Pooja K,Bengaluru,Cycle,Full-time,4.18,Y
4103,DP04104,Arjun H,Ahmedabad,Scooter,Full-time,4.71,Y
4104,DP04105,Kiran T,Bengaluru,Cycle,Part-time,4.21,Y
4105,DP04106,Pooja H,Ahmedabad,Scooter,Full-time,4.04,Y
4106,DP04107,Deepak T,Kolkata,Bike,Full-time,4.57,N
4107,DP04108,Vikas S,Bengaluru,Scooter,Full-time,4.17,Y
4108,DP04109,Manoj C,Kolkata,Cycle,Full-time,3.73,Y
4109,DP04110,Kiran D,Chennai,Bike,Part-time,4.04,Y
4110,DP04111,Kiran Y,Delhi,Scooter,Contract,3.91,Y
4111,DP04112,Kiran C,Delhi,Cycle,Contract,3.89,Y
4112,DP04113,Meena N,Pune,Cycle,Full-time,4.31,Y
4113,DP04114,Amit Z,Kolkata,Scooter,Part-time,3.57,Y
4114,DP04115,Santosh J,Bengaluru,Cycle,Full-time,4.28,Y
4115,DP04116,Vikas H,Bengaluru,Scooter,Part-time,3.62,Y
4116,DP04117,Divya P,Bengaluru,Cycle,Part-time,4.78,Y
4117,DP04118,Pooja Y,Pune,Bike,Part-time,4.05,Y
4118,DP04119,Manoj L,Ahmedabad,Bike,Full-time,3.97,Y
4119,DP04120,Kiran F,Pune,Bike,Full-time,3.62,Y
4120,DP04121,Divya N,Delhi,Bike,Contract,4.49,Y
4121,DP04122,Divya P,Kolkata,Scooter,Part-time,4.27,N
4122,DP04123,Shreya B,Bengaluru,Scooter,Full-time,4.73,Y
4123,DP04124,Shreya H,Ahmedabad,Cycle,Contract,4.23,Y
4124,DP04125,Meena P,Bengaluru,Cycle,Full-time,4.44,Y
4125,DP04126,Kiran V,Pune,Scooter,Full-time,4.09,Y
4126,DP04127,Ravi A,Mumbai,Bike,Contract,4.17,Y
4127,DP04128,Amit O,Bengaluru,Scooter,Full-time,4.59,Y
4128,DP04129,Priya A,Delhi,Scooter,Full-time,3.92,N
4129,DP04130,Deepak K,Chennai,Bike,Part-time,4.37,Y
4130,DP04131,Nikhil J,Bengaluru,Bike,Full-time,4.57,N
4131,DP04132,Sneha T,Pune,Bike,Full-time,4.32,Y
4132,DP04133,Arjun F,Kolkata,Bike,Contract,3.44,Y
4133,DP04134,Deepak M,Bengaluru,Bike,Full-time,3.81,Y
4134,DP04135,Kiran F,Bengaluru,Scooter,Contract,4.32,Y
4135,DP04136,Priya E,Delhi,Scooter,Full-time,3.98,Y
4136,DP04137,Ananya R,Mumbai,Bike,Full-time,4.27,Y
4137,DP04138,Deepak D,Hyderabad,Bike,Contract,4.45,Y
4138,DP04139,Ananya R,Pune,Scooter,Full-time,4.27,Y
4139,DP04140,Neha E,Hyderabad,Cycle,Full-time,3.91,Y
4140,DP04141,Manoj I,Chennai,Bike,Contract,4.42,N
4141,DP04142,Ananya X,Mumbai,Scooter,Part-time,4.15,Y
4142,DP04143,Vikas G,Bengaluru,Bike,Contract,4.53,N
4143,DP04144,Rahul R,Bengaluru,Cycle,Part-time,4.62,Y
4144,DP04145,Shreya W,Pune,Scooter,Full-time,4.79,Y
4145,DP04146,Santosh P,Delhi,Scooter,Part-time,3.8,Y
4146,DP04147,Manoj O,Hyderabad,Scooter,Contract,4.62,Y
4147,DP04148,Priya D,Ahmedabad,Bike,Part-time,4.5,Y
4148,DP04149,Divya G,Delhi,Bike,Contract,4.14,Y
4149,DP04150,Santosh W,Hyderabad,Cycle,Full-time,3.92,Y
4150,DP04151,Shreya K,Ahmedabad,Cycle,Full-time,4.31,N
4151,DP04152,Divya U,Hyderabad,Bike,Contract,4.7,Y
4152,DP04153,Ravi S,Bengaluru,Bike,Contract,4.57,Y
4153,DP04154,Rakesh V,Chennai,Bike,Full-time,4.02,Y
4154,DP04155,Divya U,Bengaluru,Scooter,Contract,4.13,Y
4155,DP04156,Priya S,Hyderabad,Bike,Contract,4.65,Y
4156,DP04157,Shreya N,Bengaluru,Scooter,Part-time,4.02,Y
4157,DP04158,Vikas X,Chennai,Bike,Full-time,3.9,Y
4158,DP04159,Meena D,Bengaluru,Bike,Full-time,4.5,Y
4159,DP04160,Suresh P,Mumbai,Cycle,Full-time,4.06,Y
4160,DP04161,Divya T,Ahmedabad,Bike,Part-time,3.93,N
4161,DP04162,Rahul R,Bengaluru,Scooter,Full-time,4.16,N
4162,DP04163,Neha G,Pune,Bike,Part-time,4.24,Y
4163,DP04164,Priya Y,Hyderabad,Scooter,Full-time,3.69,Y
4164,DP04165,Santosh B,Bengaluru,Cycle,Full-time,4.52,Y
4165,DP04166,Amit Z,Chennai,Bike,Full-time,4.17,Y
4166,DP04167,Kiran F,Bengaluru,Car,Full-time,4.18,Y
4167,DP04168,Amit M,Bengaluru,Scooter,Full-time,4.02,Y
4168,DP04169,Manoj B,Bengaluru,Scooter,Part-time,4.2,Y
4169,DP04170,Suresh D,Hyderabad,Bike,Part-time,4.1,Y
4170,DP04171,Rakesh L,Chennai,Scooter,Full-time,4.53,Y
4171,DP04172,Nikhil O,Delhi,Bike,Full-time,4.27,N
4172,DP04173,Suresh E,Hyderabad,Cycle,Contract,4.17,Y
4173,DP04174,Neha M,Delhi,Bike,Full-time,3.92,Y
4174,DP04175,Pooja P,Bengaluru,Bike,Part-time,4.61,Y
4175,DP04176,Shreya P,Mumbai,Scooter,Full-time,4.24,Y
4176,DP04177,Meena S,Delhi,Scooter,Part-time,4.14,Y
4177,DP04178,Sneha N,Bengaluru,Bike,Contract,3.73,Y
4178,DP04179,Pooja B,Kolkata,Scooter,Full-time,4.75,Y
4179,DP04180,Ananya Q,Mumbai,Cycle,Part-time,3.83,Y
4180,DP04181,Santosh R,Mumbai,Cycle,Full-time,4.25,Y
4181,DP04182,Priya S,Bengaluru,Bike,Contract,4.39,Y
4182,DP04183,Santosh H,Delhi,Cycle,Full-time,3.8,N
4183,DP04184,Amit O,Delhi,Cycle,Full-time,4.04,Y
4184,DP04185,Amit L,Pune,Scooter,Full-time,4.05,Y
4185,DP04186,Vikas B,Ahmedabad,Bike,Full-time,4.39,Y
4186,DP04187,Arjun Z,Delhi,Scooter,Contract,4.5,Y
4187,DP04188,Priya O,Ahmedabad,Bike,Full-time,4.31,Y
4188,DP04189,Ananya T,Hyderabad,Bike,Full-time,3.77,Y
4189,DP04190,Kiran K,Bengaluru,Scooter,Part-time,3.99,Y
4190,DP04191,Nikhil L,Chennai,Bike,Contract,4.2,Y
4191,DP04192,Amit Y,Delhi,Car,Full-time,4.13,Y
4192,DP04193,Ananya F,Ahmedabad,Scooter,Part-time,4.41,Y
4193,DP04194,Meena L,Ahmedabad,Bike,Part-time,3.6,Y
4194,DP04195,Santosh B,Kolkata,Scooter,Full-time,4.36,Y
4195,DP04196,Kiran C,Kolkata,Bike,Part-time,4.53,Y
4196,DP04197,Manoj W,Delhi,Bike,Full-time,4.15,Y
4197,DP04198,Kiran R,Kolkata,Bike,Part-time,4.22,Y
4198,DP04199,Pooja L,Pune,Bike,Full-time,4.56,Y
4199,DP04200,Suresh M,Bengaluru,Bike,Full-time,4.56,Y
4200,DP04201,Amit U,Ahmedabad,Bike,Contract,4.32,Y
4201,DP04202,Suresh G,Bengaluru,Bike,Contract,4.64,N
4202,DP04203,Arjun R,Mumbai,Bike,Contract,4.5,Y
4203,DP04204,Amit K,Ahmedabad,Cycle,Full-time,4.49,Y
4204,DP04205,Suresh K,Chennai,Scooter,Full-time,4.05,Y
4205,DP04206,Arjun L,Mumbai,Cycle,Part-time,4.19,Y
4206,DP04207,Kiran T,Kolkata,Scooter,Full-time,4.29,Y
4207,DP04208,Kiran A,Bengaluru,Bike,Full-time,4.16,Y
4208,DP04209,Sneha M,Bengaluru,Scooter,Full-time,4.25,Y
4209,DP04210,Nikhil O,Delhi,Cycle,Full-time,3.83,Y
4210,DP04211,Shreya S,Delhi,Bike,Full-time,4.47,Y
4211,DP04212,Shreya F,Delhi,Scooter,Part-time,3.6,Y
4212,DP04213,Suresh C,Bengaluru,Cycle,Full-time,4.4,Y
4213,DP04214,Rahul I,Bengaluru,Scooter,Full-time,4.24,Y
4214,DP04215,Rakesh A,Chennai,Cycle,Contract,4.34,Y
4215,DP04216,Shreya Z,Bengaluru,Scooter,Part-time,4.33,Y
4216,DP04217,Ananya N,Hyderabad,Cycle,Full-time,3.86,Y
4217,DP04218,Divya K,Hyderabad,Bike,Full-time,4.63,Y
4218,DP04219,Arjun O,Delhi,Scooter,Part-time,3.95,Y
4219,DP04220,Vikas A,Chennai,Scooter,Full-time,4.48,Y
4220,DP04221,Amit D,Mumbai,Bike,Full-time,4.16,Y
4221,DP04222,Rahul G,Hyderabad,Scooter,Full-time,4.08,Y
4222,DP04223,Rakesh H,Ahmedabad,Bike,Part-time,3.87,Y
4223,DP04224,Kiran I,Bengaluru,Bike,Full-time,4.43,Y
4224,DP04225,Ananya B,Bengaluru,Scooter,Part-time,4.43,Y
4225,DP04226,Neha Z,Bengaluru,Bike,Part-time,4.69,Y
4226,DP04227,Rakesh J,Mumbai,Scooter,Full-time,4.56,Y
4227,DP04228,Shreya A,Mumbai,Scooter,Full-time,4.43,Y
4228,DP04229,Divya V,Pune,Bike,Full-time,4.08,Y
4229,DP04230,Kiran Q,Delhi,Bike,Part-time,4.2,Y
4230,DP04231,Kiran X,Delhi,Car,Contract,4.36,Y
4231,DP04232,Sneha B,Chennai,Bike,Part-time,4.27,Y
4232,DP04233,Pooja G,Kolkata,Car,Full-time,4.01,Y
4233,DP04234,Vikas A,Delhi,Bike,Contract,4.35,Y
4234,DP04235,Ananya Z,Pune,Bike,Full-time,4.58,Y
4235,DP04236,Sneha F,Bengaluru,Scooter,Contract,4.28,Y
4236,DP04237,Kiran P,Delhi,Scooter,Full-time,4.27,Y
4237,DP04238,Priya H,Chennai,Scooter,Full-time,4.76,N
4238,DP04239,Neha O,Ahmedabad,Scooter,Part-time,4.45,N
4239,DP04240,Rahul J,Bengaluru,Bike,Full-time,3.73,Y
4240,DP04241,Pooja O,Chennai,Scooter,Full-time,4.28,Y
4241,DP04242,Neha B,Bengaluru,Scooter,Contract,4.3,Y
4242,DP04243,Rahul Y,Bengaluru,Bike,Contract,4.28,Y
4243,DP04244,Priya D,Bengaluru,Scooter,Contract,3.71,Y
4244,DP04245,Amit W,Pune,Cycle,Part-time,4.22,Y
4245,DP04246,Manoj D,Bengaluru,Scooter,Full-time,3.82,Y
4246,DP04247,Vikas X,Bengaluru,Bike,Full-time,3.62,Y
4247,DP04248,Rahul X,Delhi,Bike,Part-time,4.37,Y
4248,DP04249,Amit Q,Delhi,Scooter,Contract,4.11,Y
4249,DP04250,Kiran F,Bengaluru,Scooter,Full-time,4.51,N
4250,DP04251,Nikhil J,Pune,Bike,Part-time,4.13,Y
4251,DP04252,Santosh O,Hyderabad,Scooter,Part-time,3.85,Y
4252,DP04253,Meena A,Mumbai,Scooter,Part-time,3.75,Y
4253,DP04254,Santosh J,Bengaluru,Scooter,Full-time,4.1,Y
4254,DP04255,Suresh X,Mumbai,Scooter,Part-time,3.89,Y
4255,DP04256,Ravi U,Mumbai,Bike,Contract,4.75,N
4256,DP04257,Rakesh C,Bengaluru,Car,Full-time,4.39,Y
4257,DP04258,Suresh U,Kolkata,Bike,Full-time,4.0,Y
4258,DP04259,Ananya U,Bengaluru,Cycle,Part-time,4.47,Y
4259,DP04260,Ananya X,Hyderabad,Bike,Contract,3.82,N
4260,DP04261,Shreya A,Mumbai,Scooter,Part-time,3.97,Y
4261,DP04262,Neha N,Bengaluru,Bike,Contract,4.24,Y
4262,DP04263,Kiran B,Kolkata,Scooter,Full-time,4.05,Y
4263,DP04264,Divya O,Bengaluru,Car,Full-time,4.26,Y
4264,DP04265,Divya A,Mumbai,Bike,Full-time,3.87,Y
4265,DP04266,Pooja X,Mumbai,Bike,Full-time,3.84,Y
4266,DP04267,Santosh P,Ahmedabad,Scooter,Full-time,4.41,Y
4267,DP04268,Manoj B,Kolkata,Bike,Full-time,3.99,Y
4268,DP04269,Kiran O,Kolkata,Scooter,Full-time,4.5,N
4269,DP04270,Santosh E,Bengaluru,Bike,Contract,3.7,Y
4270,DP04271,Priya A,Chennai,Bike,Full-time,4.08,Y
4271,DP04272,Divya O,Hyderabad,Scooter,Full-time,4.43,Y
4272,DP04273,Nikhil H,Pune,Scooter,Full-time,4.13,Y
4273,DP04274,Nikhil R,Mumbai,Scooter,Full-time,4.35,Y
4274,DP04275,Rahul J,Hyderabad,Bike,Full-time,4.29,Y
4275,DP04276,Ravi W,Mumbai,Scooter,Part-time,4.51,Y
4276,DP04277,Priya H,Delhi,Cycle,Part-time,4.2,Y
4277,DP04278,Suresh L,Mumbai,Bike,Contract,4.0,Y
4278,DP04279,Nikhil N,Kolkata,Scooter,Full-time,4.31,Y
4279,DP04280,Ananya G,Pune,Bike,Part-time,3.69,Y
4280,DP04281,Rakesh X,Delhi,Cycle,Contract,4.31,Y
4281,DP04282,Rahul T,Kolkata,Scooter,Full-time,4.2,Y
4282,DP04283,Ananya H,Delhi,Cycle,Contract,3.84,N
4283,DP04284,Neha V,Chennai,Bike,Part-time,4.85,Y
4284,DP04285,Ravi I,Hyderabad,Cycle,Full-time,4.61,Y
4285,DP04286,Vikas G,Hyderabad,Scooter,Full-time,3.87,Y
4286,DP04287,Meena Y,Ahmedabad,Bike,Part-time,4.68,N
4287,DP04288,Arjun K,Pune,Bike,Part-time,4.06,Y
4288,DP04289,Arjun X,Mumbai,Scooter,Contract,4.41,Y
4289,DP04290,Kiran D,Pune,Car,Full-time,3.46,N
4290,DP04291,Divya W,Kolkata,Scooter,Part-time,4.23,N
4291,DP04292,Rahul S,Delhi,Scooter,Full-time,3.94,Y
4292,DP04293,Vikas T,Mumbai,Scooter,Full-time,4.08,Y
4293,DP04294,Suresh J,Hyderabad,Bike,Contract,4.56,Y
4294,DP04295,Vikas G,Mumbai,Scooter,Full-time,4.01,Y
4295,DP04296,Meena L,Hyderabad,Cycle,Part-time,4.53,Y
4296,DP04297,Pooja I,Bengaluru,Bike,Part-time,4.17,N
4297,DP04298,Vikas X,Kolkata,Car,Full-time,4.75,N
4298,DP04299,Pooja H,Bengaluru,Bike,Full-time,4.26,Y
4299,DP04300,Manoj H,Hyderabad,Bike,Full-time,4.33,N
4300,DP04301,Meena V,Mumbai,Cycle,Part-time,4.56,Y
4301,DP04302,Arjun O,Mumbai,Car,Full-time,4.39,Y
4302,DP04303,Priya K,Bengaluru,Bike,Full-time,4.12,Y
4303,DP04304,Amit F,Kolkata,Scooter,Full-time,3.96,Y
4304,DP04305,Meena N,Delhi,Bike,Part-time,4.53,N
4305,DP04306,Suresh B,Chennai,Scooter,Part-time,4.18,Y
4306,DP04307,Amit V,Bengaluru,Bike,Contract,4.46,Y
4307,DP04308,Arjun F,Bengaluru,Scooter,Full-time,4.36,Y
4308,DP04309,Suresh U,Chennai,Scooter,Full-time,4.05,Y
4309,DP04310,Pooja V,Ahmedabad,Cycle,Full-time,4.13,Y
4310,DP04311,Neha T,Chennai,Scooter,Full-time,3.92,Y
4311,DP04312,Santosh U,Mumbai,Scooter,Contract,4.17,Y
4312,DP04313,Shreya Z,Bengaluru,Scooter,Part-time,4.29,N
4313,DP04314,Divya S,Hyderabad,Bike,Contract,4.64,Y
4314,DP04315,Ravi N,Kolkata,Cycle,Contract,4.19,Y
4315,DP04316,Kiran O,Chennai,Bike,Full-time,4.49,N
4316,DP04317,Divya G,Bengaluru,Scooter,Full-time,3.99,Y
4317,DP04318,Nikhil A,Ahmedabad,Scooter,Full-time,4.19,Y
4318,DP04319,Shreya Y,Hyderabad,Bike,Full-time,4.32,Y
4319,DP04320,Suresh N,Mumbai,Bike,Full-time,4.21,Y
4320,DP04321,Ravi Q,Mumbai,Car,Full-time,3.96,Y
4321,DP04322,Kiran L,Bengaluru,Car,Full-time,4.53,Y
4322,DP04323,Manoj H,Delhi,Cycle,Contract,4.09,Y
4323,DP04324,Kiran U,Mumbai,Cycle,Part-time,4.08,Y
4324,DP04325,Nikhil X,Pune,Bike,Contract,4.81,Y
4325,DP04326,Amit U,Chennai,Car,Full-time,3.99,N
4326,DP04327,Amit P,Pune,Scooter,Contract,3.84,Y
4327,DP04328,Kiran W,Mumbai,Scooter,Contract,4.26,Y
4328,DP04329,Neha K,Chennai,Bike,Part-time,4.37,Y
4329,DP04330,Rakesh X,Hyderabad,Scooter,Contract,4.18,Y
4330,DP04331,Rahul Z,Bengaluru,Scooter,Part-time,4.68,Y
4331,DP04332,Nikhil N,Mumbai,Bike,Part-time,5.0,Y
4332,DP04333,Divya E,Kolkata,Scooter,Part-time,4.35,Y
4333,DP04334,Priya M,Mumbai,Car,Full-time,4.48,Y
4334,DP04335,Nikhil B,Kolkata,Scooter,Full-time,4.47,N
4335,DP04336,Rakesh H,Kolkata,Bike,Part-time,4.15,Y
4336,DP04337,Vikas H,Delhi,Scooter,Contract,3.89,Y
4337,DP04338,Divya H,Mumbai,Scooter,Part-time,4.35,Y
4338,DP04339,Arjun X,Kolkata,Bike,Full-time,4.81,Y
4339,DP04340,Ravi G,Mumbai,Bike,Full-time,4.15,Y
4340,DP04341,Pooja O,Delhi,Bike,Part-time,3.75,Y
4341,DP04342,Shreya F,Kolkata,Bike,Full-time,4.16,Y
4342,DP04343,Amit H,Delhi,Scooter,Part-time,3.88,Y
4343,DP04344,Pooja U,Pune,Scooter,Part-time,3.99,Y
4344,DP04345,Divya R,Pune,Bike,Contract,4.42,Y
4345,DP04346,Sneha U,Mumbai,Scooter,Contract,4.38,Y
4346,DP04347,Rahul E,Pune,Bike,Part-time,4.38,Y
4347,DP04348,Ananya Q,Ahmedabad,Bike,Full-time,4.26,Y
4348,DP04349,Manoj Z,Mumbai,Bike,Part-time,4.55,Y
4349,DP04350,Rakesh U,Delhi,Cycle,Full-time,4.13,Y
4350,DP04351,Arjun Y,Pune,Bike,Full-time,4.29,Y
4351,DP04352,Manoj N,Kolkata,Car,Contract,4.02,Y
4352,DP04353,Santosh P,Mumbai,Cycle,Part-time,4.3,Y
4353,DP04354,Sneha Y,Mumbai,Bike,Part-time,3.88,Y
4354,DP04355,Shreya O,Pune,Scooter,Full-time,4.33,Y
4355,DP04356,Rakesh T,Delhi,Bike,Contract,4.18,N
4356,DP04357,Rakesh A,Bengaluru,Scooter,Full-time,3.85,Y
4357,DP04358,Manoj E,Bengaluru,Scooter,Contract,4.82,Y
4358,DP04359,Rahul J,Delhi,Bike,Part-time,4.08,Y
4359,DP04360,Meena I,Mumbai,Car,Contract,3.88,Y
4360,DP04361,Neha V,Bengaluru,Bike,Part-time,4.68,Y
4361,DP04362,Rahul Q,Chennai,Bike,Part-time,4.51,Y
4362,DP04363,Divya S,Bengaluru,Scooter,Part-time,4.06,Y
4363,DP04364,Neha P,Delhi,Cycle,Part-time,3.99,Y
4364,DP04365,Ananya O,Mumbai,Bike,Full-time,4.21,Y
4365,DP04366,Nikhil K,Bengaluru,Scooter,Full-time,4.09,Y
4366,DP04367,Vikas C,Mumbai,Scooter,Full-time,3.96,Y
4367,DP04368,Kiran M,Bengaluru,Bike,Part-time,3.71,Y
4368,DP04369,Kiran I,Bengaluru,Bike,Full-time,4.55,Y
4369,DP04370,Santosh D,Bengaluru,Cycle,Full-time,3.75,Y
4370,DP04371,Pooja R,Delhi,Car,Full-time,4.58,Y
4371,DP04372,Pooja Z,Delhi,Bike,Contract,3.99,N
4372,DP04373,Rahul R,Hyderabad,Scooter,Full-time,4.61,Y
4373,DP04374,Shreya Q,Delhi,Cycle,Contract,4.18,Y
4374,DP04375,Divya T,Bengaluru,Bike,Part-time,4.56,Y
4375,DP04376,Divya R,Kolkata,Scooter,Contract,4.03,Y
4376,DP04377,Ananya P,Hyderabad,Bike,Full-time,4.48,Y
4377,DP04378,Ananya S,Chennai,Scooter,Part-time,4.1,Y
4378,DP04379,Ananya J,Mumbai,Scooter,Full-time,4.1,Y
4379,DP04380,Ananya D,Delhi,Bike,Contract,4.49,Y
4380,DP04381,Manoj M,Bengaluru,Scooter,Part-time,4.13,N
4381,DP04382,Santosh P,Bengaluru,Scooter,Part-time,4.17,Y
4382,DP04383,Rahul S,Ahmedabad,Bike,Part-time,3.86,Y
4383,DP04384,Deepak G,Bengaluru,Bike,Full-time,4.01,Y
4384,DP04385,Arjun D,Pune,Bike,Part-time,3.94,Y
4385,DP04386,Manoj E,Kolkata,Bike,Full-time,4.55,Y
4386,DP04387,Vikas C,Ahmedabad,Cycle,Part-time,3.82,Y
4387,DP04388,Nikhil E,Mumbai,Cycle,Full-time,4.06,Y
4388,DP04389,Ananya I,Mumbai,Cycle,Full-time,3.77,N
4389,DP04390,Rakesh O,Bengaluru,Scooter,Part-time,3.87,Y
4390,DP04391,Pooja T,Kolkata,Bike,Part-time,4.62,Y
4391,DP04392,Nikhil T,Delhi,Scooter,Part-time,4.54,Y
4392,DP04393,Rahul U,Delhi,Scooter,Full-time,3.96,Y
4393,DP04394,Suresh O,Kolkata,Scooter,Part-time,4.29,Y
4394,DP04395,Manoj Z,Delhi,Scooter,Full-time,3.86,Y
4395,DP04396,Arjun C,Bengaluru,Bike,Full-time,4.31,N
4396,DP04397,Ravi F,Mumbai,Scooter,Full-time,4.04,Y
4397,DP04398,Deepak W,Bengaluru,Scooter,Part-time,4.46,N
4398,DP04399,Rahul I,Ahmedabad,Bike,Full-time,3.85,N
4399,DP04400,Ravi I,Bengaluru,Bike,Contract,4.69,Y
4400,DP04401,Sneha F,Hyderabad,Bike,Contract,4.35,Y
4401,DP04402,Suresh P,Delhi,Scooter,Full-time,3.86,Y
4402,DP04403,Manoj G,Bengaluru,Scooter,Part-time,4.46,Y
4403,DP04404,Santosh V,Hyderabad,Bike,Full-time,4.18,Y
4404,DP04405,Ananya Q,Mumbai,Car,Full-time,4.52,Y
4405,DP04406,Meena R,Mumbai,Scooter,Full-time,4.11,Y
4406,DP04407,Ananya J,Chennai,Scooter,Part-time,4.03,Y
4407,DP04408,Deepak D,Ahmedabad,Scooter,Part-time,4.13,Y
4408,DP04409,Meena K,Delhi,Bike,Part-time,4.34,Y
4409,DP04410,Deepak F,Delhi,Scooter,Full-time,3.97,Y
4410,DP04411,Sneha L,Kolkata,Bike,Full-time,4.09,N
4411,DP04412,Nikhil D,Pune,Car,Part-time,4.14,Y
4412,DP04413,Sneha T,Kolkata,Bike,Full-time,4.35,Y
4413,DP04414,Nikhil W,Kolkata,Car,Contract,4.58,Y
4414,DP04415,Deepak E,Mumbai,Bike,Full-time,4.4,Y
4415,DP04416,Santosh R,Chennai,Scooter,Full-time,4.8,Y
4416,DP04417,Sneha Q,Bengaluru,Cycle,Full-time,4.83,Y
4417,DP04418,Ananya K,Bengaluru,Bike,Full-time,4.15,Y
4418,DP04419,Deepak M,Kolkata,Cycle,Contract,4.4,Y
4419,DP04420,Vikas Z,Chennai,Scooter,Part-time,4.31,Y
4420,DP04421,Rahul X,Kolkata,Scooter,Part-time,4.73,Y
4421,DP04422,Ravi D,Bengaluru,Cycle,Full-time,3.75,N
4422,DP04423,Arjun S,Mumbai,Bike,Part-time,4.24,Y
4423,DP04424,Vikas I,Kolkata,Bike,Contract,4.4,Y
4424,DP04425,Ananya J,Bengaluru,Car,Full-time,4.89,Y
4425,DP04426,Rahul M,Bengaluru,Scooter,Contract,4.04,N
4426,DP04427,Sneha L,Ahmedabad,Bike,Full-time,4.12,Y
4427,DP04428,Priya M,Kolkata,Car,Part-time,4.32,Y
4428,DP04429,Amit B,Hyderabad,Bike,Part-time,4.24,Y
4429,DP04430,Suresh R,Ahmedabad,Scooter,Part-time,3.99,Y
4430,DP04431,Santosh R,Mumbai,Scooter,Full-time,4.23,Y
4431,DP04432,Sneha A,Kolkata,Scooter,Full-time,4.08,Y
4432,DP04433,Suresh O,Kolkata,Scooter,Part-time,3.95,Y
4433,DP04434,Amit T,Hyderabad,Scooter,Full-time,3.98,Y
4434,DP04435,Vikas T,Ahmedabad,Cycle,Part-time,3.7,Y
4435,DP04436,Ravi C,Pune,Cycle,Full-time,3.99,Y
4436,DP04437,Rakesh B,Delhi,Bike,Contract,4.43,Y
4437,DP04438,Neha N,Ahmedabad,Cycle,Full-time,4.05,Y
4438,DP04439,Santosh F,Mumbai,Scooter,Full-time,3.98,Y
4439,DP04440,Priya J,Ahmedabad,Bike,Part-time,4.17,Y
4440,DP04441,Neha J,Chennai,Bike,Part-time,4.78,Y
4441,DP04442,Manoj C,Chennai,Scooter,Contract,4.51,Y
4442,DP04443,Kiran P,Ahmedabad,Bike,Contract,4.07,N
4443,DP04444,Nikhil J,Chennai,Cycle,Full-time,3.78,Y
4444,DP04445,Pooja T,Bengaluru,Cycle,Full-time,4.32,Y
4445,DP04446,Nikhil R,Delhi,Bike,Full-time,4.31,Y
4446,DP04447,Manoj W,Kolkata,Scooter,Contract,4.14,Y
4447,DP04448,Ravi S,Delhi,Scooter,Full-time,4.52,N
4448,DP04449,Santosh Y,Kolkata,Scooter,Full-time,3.91,Y
4449,DP04450,Ravi J,Delhi,Cycle,Full-time,4.23,Y
4450,DP04451,Divya E,Mumbai,Cycle,Full-time,4.2,Y
4451,DP04452,Vikas Z,Bengaluru,Bike,Full-time,4.41,Y
4452,DP04453,Sneha O,Bengaluru,Scooter,Full-time,4.41,Y
4453,DP04454,Amit Y,Bengaluru,Scooter,Full-time,3.74,Y
4454,DP04455,Rakesh L,Chennai,Bike,Part-time,3.99,Y
4455,DP04456,Pooja G,Bengaluru,Scooter,Part-time,4.05,Y
4456,DP04457,Deepak E,Hyderabad,Cycle,Part-time,4.33,Y
4457,DP04458,Rahul D,Bengaluru,Bike,Full-time,3.73,Y
4458,DP04459,Arjun X,Mumbai,Scooter,Full-time,3.91,Y
4459,DP04460,Rahul P,Pune,Bike,Full-time,4.3,Y
4460,DP04461,Santosh B,Kolkata,Scooter,Full-time,3.84,Y
4461,DP04462,Nikhil O,Ahmedabad,Scooter,Part-time,4.59,N
4462,DP04463,Priya V,Bengaluru,Bike,Contract,4.32,Y
4463,DP04464,Santosh F,Mumbai,Scooter,Contract,4.62,Y
4464,DP04465,Kiran J,Mumbai,Bike,Full-time,4.07,Y
4465,DP04466,Priya V,Bengaluru,Bike,Contract,3.57,Y
4466,DP04467,Divya Q,Ahmedabad,Bike,Part-time,4.52,N
4467,DP04468,Rahul J,Hyderabad,Bike,Full-time,4.18,N
4468,DP04469,Santosh K,Bengaluru,Scooter,Part-time,4.05,Y
4469,DP04470,Meena U,Kolkata,Scooter,Full-time,4.35,Y
4470,DP04471,Shreya C,Chennai,Bike,Full-time,4.6,Y
4471,DP04472,Nikhil A,Hyderabad,Scooter,Full-time,4.03,Y
4472,DP04473,Vikas F,Kolkata,Scooter,Contract,3.6,Y
4473,DP04474,Santosh B,Pune,Car,Full-time,4.15,N
4474,DP04475,Nikhil V,Pune,Scooter,Full-time,3.74,Y
4475,DP04476,Amit S,Delhi,Bike,Full-time,4.57,Y
4476,DP04477,Kiran Y,Bengaluru,Scooter,Full-time,3.94,Y
4477,DP04478,Vikas N,Bengaluru,Scooter,Contract,4.52,Y
4478,DP04479,Neha I,Hyderabad,Bike,Part-time,4.07,Y
4479,DP04480,Ananya L,Ahmedabad,Bike,Full-time,3.94,Y
4480,DP04481,Arjun M,Bengaluru,Bike,Part-time,3.56,Y
4481,DP04482,Suresh W,Bengaluru,Scooter,Part-time,4.23,Y
4482,DP04483,Shreya D,Delhi,Scooter,Full-time,4.48,Y
4483,DP04484,Rahul H,Hyderabad,Scooter,Full-time,4.24,Y
4484,DP04485,Arjun I,Bengaluru,Bike,Full-time,4.44,Y
4485,DP04486,Ananya B,Bengaluru,Bike,Contract,4.79,Y
4486,DP04487,Santosh S,Ahmedabad,Scooter,Full-time,4.59,N
4487,DP04488,Rakesh F,Bengaluru,Bike,Part-time,4.34,Y
4488,DP04489,Divya U,Chennai,Scooter,Full-time,4.3,Y
4489,DP04490,Rahul I,Delhi,Bike,Full-time,4.52,Y
4490,DP04491,Nikhil S,Hyderabad,Bike,Full-time,4.27,Y
4491,DP04492,Vikas J,Bengaluru,Bike,Part-time,4.58,Y
4492,DP04493,Deepak B,Mumbai,Cycle,Full-time,4.26,Y
4493,DP04494,Rahul O,Delhi,Bike,Full-time,4.48,Y
4494,DP04495,Pooja E,Bengaluru,Scooter,Full-time,4.43,N
4495,DP04496,Meena J,Chennai,Scooter,Full-time,4.62,Y
4496,DP04497,Arjun D,Bengaluru,Car,Full-time,4.03,Y
4497,DP04498,Pooja A,Mumbai,Scooter,Full-time,4.84,Y
4498,DP04499,Kiran D,Delhi,Bike,Contract,4.48,Y
4499,DP04500,Amit Z,Bengaluru,Cycle,Contract,4.3,Y
4500,DP04501,Rahul O,Bengaluru,Bike,Contract,3.82,N
4501,DP04502,Nikhil Q,Delhi,Bike,Full-time,4.64,Y
4502,DP04503,Arjun I,Pune,Bike,Part-time,4.25,Y
4503,DP04504,Pooja H,Delhi,Bike,Full-time,4.71,Y
4504,DP04505,Meena I,Bengaluru,Bike,Full-time,4.28,Y
4505,DP04506,Santosh O,Bengaluru,Bike,Contract,4.18,Y
4506,DP04507,Shreya X,Ahmedabad,Scooter,Contract,4.33,Y
4507,DP04508,Amit H,Bengaluru,Car,Contract,4.03,Y
4508,DP04509,Priya J,Kolkata,Scooter,Full-time,4.4,Y
4509,DP04510,Shreya L,Bengaluru,Scooter,Part-time,4.02,Y
4510,DP04511,Vikas Y,Bengaluru,Car,Full-time,4.44,Y
4511,DP04512,Deepak D,Delhi,Cycle,Contract,4.52,Y
4512,DP04513,Manoj V,Delhi,Scooter,Part-time,3.66,N
4513,DP04514,Arjun Y,Bengaluru,Scooter,Contract,4.2,N
4514,DP04515,Amit J,Kolkata,Bike,Full-time,4.51,Y
4515,DP04516,Kiran P,Hyderabad,Bike,Part-time,4.48,Y
4516,DP04517,Vikas U,Ahmedabad,Bike,Contract,4.22,Y
4517,DP04518,Arjun O,Delhi,Bike,Full-time,4.12,Y
4518,DP04519,Nikhil Y,Delhi,Cycle,Full-time,4.68,Y
4519,DP04520,Ravi B,Bengaluru,Scooter,Full-time,4.32,Y
4520,DP04521,Nikhil V,Kolkata,Bike,Full-time,3.88,Y
4521,DP04522,Suresh I,Mumbai,Bike,Part-time,4.28,N
4522,DP04523,Manoj O,Kolkata,Scooter,Part-time,4.14,N
4523,DP04524,Neha C,Kolkata,Bike,Part-time,3.72,Y
4524,DP04525,Santosh E,Bengaluru,Bike,Full-time,3.9,Y
4525,DP04526,Vikas D,Mumbai,Scooter,Part-time,4.37,Y
4526,DP04527,Rakesh P,Kolkata,Bike,Full-time,4.67,Y
4527,DP04528,Ravi X,Delhi,Scooter,Part-time,4.03,Y
4528,DP04529,Kiran E,Mumbai,Bike,Full-time,4.0,Y
4529,DP04530,Ravi A,Chennai,Car,Full-time,3.8,Y
4530,DP04531,Manoj G,Bengaluru,Bike,Full-time,3.91,Y
4531,DP04532,Vikas J,Chennai,Bike,Contract,4.12,N
4532,DP04533,Divya R,Bengaluru,Cycle,Full-time,4.32,N
4533,DP04534,Rahul C,Ahmedabad,Scooter,Part-time,4.26,Y
4534,DP04535,Amit Z,Hyderabad,Scooter,Full-time,4.76,Y
4535,DP04536,Meena J,Pune,Scooter,Full-time,4.73,N
4536,DP04537,Deepak H,Delhi,Scooter,Part-time,4.25,Y
4537,DP04538,Sneha M,Hyderabad,Scooter,Part-time,3.54,N
4538,DP04539,Ananya H,Bengaluru,Bike,Full-time,3.66,N
4539,DP04540,Vikas D,Delhi,Bike,Full-time,4.34,Y
4540,DP04541,Kiran N,Bengaluru,Scooter,Full-time,4.49,Y
4541,DP04542,Ravi L,Delhi,Scooter,Full-time,4.1,Y
4542,DP04543,Sneha J,Delhi,Scooter,Part-time,4.02,Y
4543,DP04544,Ravi K,Mumbai,Bike,Full-time,4.52,Y
4544,DP04545,Shreya V,Chennai,Bike,Full-time,4.35,Y
4545,DP04546,Amit U,Hyderabad,Scooter,Full-time,4.21,Y
4546,DP04547,Priya X,Ahmedabad,Bike,Full-time,3.82,Y
4547,DP04548,Amit V,Bengaluru,Car,Part-time,4.19,Y
4548,DP04549,Ananya Q,Bengaluru,Car,Full-time,4.18,Y
4549,DP04550,Arjun L,Delhi,Scooter,Full-time,4.22,Y
4550,DP04551,Nikhil L,Mumbai,Scooter,Full-time,3.77,N
4551,DP04552,Ananya G,Hyderabad,Bike,Part-time,4.43,Y
4552,DP04553,Kiran O,Delhi,Cycle,Part-time,4.45,Y
4553,DP04554,Nikhil J,Delhi,Cycle,Full-time,4.0,Y
4554,DP04555,Arjun W,Kolkata,Scooter,Part-time,4.57,Y
4555,DP04556,Rakesh C,Mumbai,Bike,Full-time,4.35,Y
4556,DP04557,Kiran B,Bengaluru,Bike,Full-time,4.31,Y
4557,DP04558,Meena Q,Chennai,Scooter,Full-time,4.1,Y
4558,DP04559,Sneha D,Kolkata,Bike,Full-time,4.43,Y
4559,DP04560,Meena G,Kolkata,Scooter,Full-time,4.2,Y
4560,DP04561,Rahul S,Chennai,Bike,Full-time,4.58,N
4561,DP04562,Shreya C,Mumbai,Bike,Full-time,4.34,Y
4562,DP04563,Neha M,Mumbai,Scooter,Full-time,3.96,Y
4563,DP04564,Deepak Y,Ahmedabad,Scooter,Contract,4.42,N
4564,DP04565,Meena H,Kolkata,Bike,Full-time,4.01,Y
4565,DP04566,Ananya C,Bengaluru,Scooter,Part-time,4.18,Y
4566,DP04567,Vikas P,Hyderabad,Scooter,Full-time,4.2,Y
4567,DP04568,Arjun R,Delhi,Cycle,Full-time,4.39,Y
4568,DP04569,Pooja O,Hyderabad,Scooter,Full-time,4.73,N
4569,DP04570,Suresh U,Delhi,Bike,Contract,3.87,Y
4570,DP04571,Amit Q,Bengaluru,Bike,Part-time,4.05,Y
4571,DP04572,Rahul K,Hyderabad,Bike,Full-time,4.6,N
4572,DP04573,Rakesh F,Kolkata,Bike,Part-time,4.33,N
4573,DP04574,Meena Z,Chennai,Bike,Contract,4.64,Y
4574,DP04575,Divya H,Bengaluru,Bike,Part-time,4.07,Y
4575,DP04576,Kiran K,Pune,Bike,Full-time,3.81,Y
4576,DP04577,Shreya O,Pune,Bike,Full-time,3.92,Y
4577,DP04578,Nikhil L,Kolkata,Scooter,Part-time,4.41,Y
4578,DP04579,Vikas W,Chennai,Bike,Part-time,4.01,Y
4579,DP04580,Kiran Q,Kolkata,Car,Full-time,3.61,Y
4580,DP04581,Ananya R,Hyderabad,Scooter,Full-time,4.05,Y
4581,DP04582,Santosh M,Kolkata,Scooter,Full-time,4.22,Y
4582,DP04583,Neha Z,Delhi,Cycle,Part-time,4.49,Y
4583,DP04584,Meena W,Delhi,Cycle,Contract,4.59,N
4584,DP04585,Vikas M,Ahmedabad,Bike,Contract,4.19,Y
4585,DP04586,Meena Z,Mumbai,Cycle,Contract,4.1,Y
4586,DP04587,Deepak Y,Pune,Scooter,Full-time,4.3,Y
4587,DP04588,Suresh C,Bengaluru,Bike,Full-time,3.76,Y
4588,DP04589,Ravi E,Mumbai,Cycle,Part-time,4.26,Y
4589,DP04590,Rahul J,Ahmedabad,Scooter,Full-time,4.48,Y
4590,DP04591,Arjun Q,Mumbai,Cycle,Part-time,4.1,Y
4591,DP04592,Nikhil D,Bengaluru,Bike,Part-time,4.08,Y
4592,DP04593,Kiran Z,Bengaluru,Scooter,Contract,4.22,Y
4593,DP04594,Meena Q,Ahmedabad,Bike,Full-time,4.62,N
4594,DP04595,Kiran P,Mumbai,Scooter,Full-time,4.49,N
4595,DP04596,Kiran W,Pune,Scooter,Part-time,4.02,N
4596,DP04597,Manoj T,Bengaluru,Scooter,Part-time,4.05,Y
4597,DP04598,Divya W,Delhi,Bike,Full-time,4.36,Y
4598,DP04599,Pooja E,Bengaluru,Cycle,Part-time,4.44,N
4599,DP04600,Manoj L,Bengaluru,Scooter,Full-time,4.85,Y
4600,DP04601,Amit A,Hyderabad,Scooter,Full-time,4.09,Y
4601,DP04602,Shreya P,Hyderabad,Scooter,Full-time,4.23,Y
4602,DP04603,Santosh I,Delhi,Bike,Full-time,4.23,Y
4603,DP04604,Pooja T,Mumbai,Scooter,Part-time,3.83,Y
4604,DP04605,Vikas H,Bengaluru,Bike,Part-time,3.91,N
4605,DP04606,Vikas D,Hyderabad,Scooter,Contract,4.16,Y
4606,DP04607,Suresh U,Delhi,Bike,Part-time,4.39,N
4607,DP04608,Neha T,Ahmedabad,Bike,Full-time,4.12,Y
4608,DP04609,Kiran R,Bengaluru,Scooter,Full-time,4.27,Y
4609,DP04610,Nikhil K,Hyderabad,Scooter,Part-time,4.23,Y
4610,DP04611,Amit U,Delhi,Bike,Part-time,4.03,Y
4611,DP04612,Manoj E,Pune,Bike,Full-time,4.26,Y
4612,DP04613,Rakesh U,Bengaluru,Bike,Full-time,4.22,Y
4613,DP04614,Divya P,Ahmedabad,Bike,Part-time,3.79,Y
4614,DP04615,Manoj G,Ahmedabad,Scooter,Part-time,4.22,Y
4615,DP04616,Rakesh D,Mumbai,Bike,Part-time,3.95,Y
4616,DP04617,Kiran A,Hyderabad,Scooter,Contract,3.89,N
4617,DP04618,Santosh F,Delhi,Bike,Full-time,4.21,Y
4618,DP04619,Kiran H,Chennai,Scooter,Part-time,4.76,Y
4619,DP04620,Pooja U,Bengaluru,Scooter,Full-time,4.14,Y
4620,DP04621,Ananya J,Hyderabad,Bike,Full-time,3.81,Y
4621,DP04622,Neha Y,Kolkata,Scooter,Contract,3.83,Y
4622,DP04623,Rakesh V,Chennai,Bike,Full-time,4.39,Y
4623,DP04624,Suresh Y,Pune,Bike,Part-time,3.74,Y
4624,DP04625,Santosh W,Ahmedabad,Bike,Full-time,3.65,Y
4625,DP04626,Priya M,Kolkata,Bike,Part-time,3.99,Y
4626,DP04627,Suresh Y,Bengaluru,Scooter,Part-time,4.08,Y
4627,DP04628,Meena Z,Ahmedabad,Scooter,Full-time,3.91,Y
4628,DP04629,Deepak L,Hyderabad,Car,Part-time,4.39,Y
4629,DP04630,Suresh D,Bengaluru,Bike,Full-time,3.6,Y
4630,DP04631,Deepak B,Delhi,Scooter,Full-time,3.98,Y
4631,DP04632,Meena J,Bengaluru,Bike,Part-time,4.0,Y
4632,DP04633,Rakesh S,Pune,Cycle,Full-time,3.83,Y
4633,DP04634,Shreya U,Mumbai,Cycle,Contract,4.21,Y
4634,DP04635,Pooja Z,Mumbai,Bike,Contract,4.18,Y
4635,DP04636,Divya F,Bengaluru,Scooter,Full-time,4.38,Y
4636,DP04637,Shreya E,Bengaluru,Bike,Part-time,4.06,Y
4637,DP04638,Shreya A,Delhi,Scooter,Full-time,4.36,Y
4638,DP04639,Kiran S,Bengaluru,Scooter,Contract,4.12,N
4639,DP04640,Deepak V,Bengaluru,Bike,Full-time,4.0,Y
4640,DP04641,Nikhil T,Chennai,Scooter,Full-time,4.23,Y
4641,DP04642,Divya O,Chennai,Bike,Full-time,3.84,Y
4642,DP04643,Ananya T,Bengaluru,Scooter,Part-time,3.77,Y
4643,DP04644,Ananya H,Bengaluru,Scooter,Part-time,4.5,Y
4644,DP04645,Deepak T,Hyderabad,Bike,Contract,4.31,Y
4645,DP04646,Vikas T,Ahmedabad,Cycle,Part-time,4.38,Y
4646,DP04647,Manoj V,Ahmedabad,Bike,Part-time,3.96,Y
4647,DP04648,Amit V,Bengaluru,Scooter,Part-time,4.21,Y
4648,DP04649,Sneha X,Delhi,Scooter,Part-time,4.69,Y
4649,DP04650,Arjun X,Kolkata,Bike,Part-time,4.36,Y
4650,DP04651,Rahul E,Delhi,Scooter,Full-time,4.63,Y
4651,DP04652,Vikas Y,Chennai,Bike,Part-time,3.97,Y
4652,DP04653,Kiran D,Mumbai,Bike,Full-time,3.87,N
4653,DP04654,Shreya P,Delhi,Cycle,Full-time,4.07,Y
4654,DP04655,Deepak O,Delhi,Scooter,Part-time,4.19,Y
4655,DP04656,Santosh Q,Bengaluru,Scooter,Part-time,4.39,Y
4656,DP04657,Rakesh W,Mumbai,Cycle,Part-time,3.98,N
4657,DP04658,Ananya V,Bengaluru,Cycle,Part-time,4.46,Y
4658,DP04659,Deepak U,Pune,Bike,Full-time,4.26,Y
4659,DP04660,Arjun A,Bengaluru,Cycle,Contract,3.93,Y
4660,DP04661,Rahul X,Bengaluru,Bike,Full-time,4.1,Y
4661,DP04662,Arjun X,Pune,Bike,Contract,4.26,N
4662,DP04663,Ananya D,Pune,Bike,Full-time,3.8,Y
4663,DP04664,Sneha T,Bengaluru,Scooter,Contract,4.51,Y
4664,DP04665,Rakesh C,Chennai,Bike,Full-time,4.11,Y
4665,DP04666,Sneha F,Delhi,Cycle,Part-time,4.07,Y
4666,DP04667,Suresh I,Bengaluru,Scooter,Full-time,4.03,N
4667,DP04668,Arjun M,Bengaluru,Bike,Full-time,4.08,Y
4668,DP04669,Arjun S,Mumbai,Scooter,Contract,4.17,Y
4669,DP04670,Ravi K,Kolkata,Bike,Full-time,4.35,Y
4670,DP04671,Deepak B,Delhi,Bike,Full-time,3.55,N
4671,DP04672,Manoj U,Hyderabad,Scooter,Contract,4.37,Y
4672,DP04673,Santosh E,Chennai,Scooter,Part-time,3.95,Y
4673,DP04674,Manoj A,Delhi,Car,Part-time,3.86,Y
4674,DP04675,Neha Y,Delhi,Scooter,Full-time,4.09,Y
4675,DP04676,Divya N,Mumbai,Bike,Part-time,4.9,Y
4676,DP04677,Suresh K,Bengaluru,Bike,Part-time,4.18,Y
4677,DP04678,Ravi O,Bengaluru,Cycle,Full-time,4.59,Y
4678,DP04679,Divya O,Mumbai,Scooter,Full-time,4.1,Y
4679,DP04680,Neha G,Mumbai,Bike,Part-time,4.31,Y
4680,DP04681,Rahul N,Delhi,Scooter,Part-time,3.83,Y
4681,DP04682,Ananya J,Hyderabad,Bike,Full-time,3.78,Y
4682,DP04683,Rakesh Z,Delhi,Scooter,Full-time,4.53,Y
4683,DP04684,Rakesh K,Kolkata,Scooter,Full-time,4.15,N
4684,DP04685,Suresh S,Delhi,Scooter,Full-time,4.63,Y
4685,DP04686,Rakesh G,Kolkata,Scooter,Full-time,4.07,Y
4686,DP04687,Shreya N,Kolkata,Scooter,Part-time,4.11,N
4687,DP04688,Rahul C,Delhi,Scooter,Full-time,4.06,Y
4688,DP04689,Ananya W,Bengaluru,Scooter,Contract,3.57,N
4689,DP04690,Ravi F,Hyderabad,Scooter,Full-time,4.86,Y
4690,DP04691,Arjun X,Kolkata,Scooter,Part-time,4.22,Y
4691,DP04692,Meena P,Delhi,Cycle,Full-time,4.09,Y
4692,DP04693,Priya F,Mumbai,Scooter,Contract,4.72,Y
4693,DP04694,Meena F,Mumbai,Bike,Contract,3.6,Y
4694,DP04695,Santosh O,Chennai,Car,Contract,5.0,N
4695,DP04696,Santosh C,Bengaluru,Car,Full-time,4.28,Y
4696,DP04697,Vikas W,Kolkata,Car,Full-time,4.2,N
4697,DP04698,Priya S,Hyderabad,Scooter,Full-time,4.65,Y
4698,DP04699,Ananya L,Delhi,Cycle,Part-time,4.3,Y
4699,DP04700,Ananya A,Mumbai,Scooter,Part-time,4.06,Y
4700,DP04701,Arjun N,Kolkata,Bike,Part-time,4.28,Y
4701,DP04702,Rahul E,Bengaluru,Bike,Full-time,4.32,Y
4702,DP04703,Kiran V,Kolkata,Scooter,Full-time,3.97,Y
4703,DP04704,Manoj W,Hyderabad,Bike,Full-time,3.95,Y
4704,DP04705,Meena C,Pune,Cycle,Contract,3.69,Y
4705,DP04706,Kiran Y,Chennai,Scooter,Full-time,4.17,Y
4706,DP04707,Rakesh G,Chennai,Cycle,Contract,4.63,Y
4707,DP04708,Arjun L,Mumbai,Scooter,Full-time,4.43,Y
4708,DP04709,Priya G,Bengaluru,Bike,Contract,4.11,Y
4709,DP04710,Santosh F,Bengaluru,Scooter,Contract,4.25,Y
4710,DP04711,Manoj Z,Bengaluru,Scooter,Contract,3.96,Y
4711,DP04712,Rahul M,Kolkata,Scooter,Full-time,4.18,Y
4712,DP04713,Pooja U,Ahmedabad,Bike,Part-time,4.27,Y
4713,DP04714,Nikhil Z,Kolkata,Bike,Part-time,4.1,Y
4714,DP04715,Vikas S,Kolkata,Car,Part-time,4.65,Y
4715,DP04716,Sneha M,Ahmedabad,Bike,Full-time,4.24,N
4716,DP04717,Meena H,Chennai,Bike,Contract,4.24,N
4717,DP04718,Divya Z,Bengaluru,Scooter,Part-time,4.1,Y
4718,DP04719,Sneha Z,Mumbai,Scooter,Contract,4.62,Y
4719,DP04720,Kiran K,Kolkata,Car,Full-time,4.03,Y
4720,DP04721,Arjun W,Kolkata,Scooter,Part-time,4.47,Y
4721,DP04722,Nikhil C,Chennai,Scooter,Full-time,4.36,N
4722,DP04723,Nikhil N,Bengaluru,Scooter,Full-time,3.78,Y
4723,DP04724,Priya B,Pune,Bike,Part-time,4.82,Y
4724,DP04725,Santosh M,Delhi,Scooter,Full-time,4.16,Y
4725,DP04726,Vikas O,Ahmedabad,Car,Full-time,3.92,N
4726,DP04727,Kiran S,Bengaluru,Cycle,Full-time,3.96,Y
4727,DP04728,Shreya I,Mumbai,Bike,Full-time,4.55,Y
4728,DP04729,Priya R,Delhi,Scooter,Part-time,3.88,Y
4729,DP04730,Suresh N,Hyderabad,Bike,Full-time,3.89,Y
4730,DP04731,Santosh H,Bengaluru,Bike,Full-time,3.7,Y
4731,DP04732,Kiran R,Hyderabad,Car,Full-time,4.1,Y
4732,DP04733,Divya I,Hyderabad,Scooter,Contract,4.02,Y
4733,DP04734,Arjun G,Mumbai,Bike,Part-time,4.46,Y
4734,DP04735,Kiran Y,Pune,Bike,Full-time,4.03,Y
4735,DP04736,Rakesh V,Chennai,Scooter,Full-time,4.42,Y
4736,DP04737,Vikas N,Ahmedabad,Scooter,Part-time,4.18,Y
4737,DP04738,Deepak T,Kolkata,Bike,Full-time,4.22,Y
4738,DP04739,Rahul E,Delhi,Car,Contract,3.85,Y
4739,DP04740,Shreya U,Mumbai,Scooter,Part-time,4.24,Y
4740,DP04741,Vikas K,Bengaluru,Scooter,Part-time,4.28,N
4741,DP04742,Shreya R,Mumbai,Cycle,Part-time,4.21,Y
4742,DP04743,Nikhil T,Bengaluru,Bike,Full-time,3.96,Y
4743,DP04744,Deepak L,Pune,Bike,Full-time,3.91,Y
4744,DP04745,Vikas F,Bengaluru,Bike,Full-time,4.24,Y
4745,DP04746,Divya O,Kolkata,Bike,Full-time,4.32,Y
4746,DP04747,Neha O,Chennai,Bike,Full-time,4.15,Y
4747,DP04748,Sneha L,Mumbai,Bike,Part-time,4.77,Y
4748,DP04749,Vikas U,Hyderabad,Scooter,Contract,4.23,N
4749,DP04750,Ananya Z,Ahmedabad,Cycle,Full-time,4.18,Y
4750,DP04751,Meena O,Kolkata,Scooter,Contract,4.3,N
4751,DP04752,Rakesh C,Mumbai,Scooter,Part-time,4.3,Y
4752,DP04753,Suresh M,Mumbai,Bike,Full-time,4.05,Y
4753,DP04754,Divya Q,Bengaluru,Car,Full-time,4.74,Y
4754,DP04755,Meena H,Delhi,Scooter,Full-time,4.33,N
4755,DP04756,Nikhil Y,Ahmedabad,Bike,Part-time,3.6,Y
4756,DP04757,Arjun L,Bengaluru,Scooter,Part-time,3.91,Y
4757,DP04758,Manoj U,Delhi,Bike,Full-time,3.86,Y
4758,DP04759,Vikas O,Delhi,Bike,Part-time,4.65,Y
4759,DP04760,Shreya L,Hyderabad,Scooter,Full-time,4.21,Y
4760,DP04761,Priya X,Mumbai,Scooter,Full-time,4.16,Y
4761,DP04762,Neha O,Hyderabad,Cycle,Full-time,4.03,Y
4762,DP04763,Shreya P,Mumbai,Cycle,Contract,3.89,Y
4763,DP04764,Divya C,Delhi,Scooter,Full-time,4.56,Y
4764,DP04765,Deepak C,Bengaluru,Bike,Full-time,4.44,Y
4765,DP04766,Deepak G,Mumbai,Scooter,Contract,4.37,Y
4766,DP04767,Pooja K,Ahmedabad,Scooter,Part-time,3.9,Y
4767,DP04768,Arjun M,Pune,Scooter,Full-time,4.24,Y
4768,DP04769,Vikas Y,Delhi,Bike,Full-time,3.68,Y
4769,DP04770,Divya G,Hyderabad,Bike,Full-time,3.35,Y
4770,DP04771,Santosh Q,Hyderabad,Scooter,Part-time,4.11,Y
4771,DP04772,Deepak L,Bengaluru,Bike,Contract,4.12,Y
4772,DP04773,Suresh O,Delhi,Bike,Full-time,4.0,Y
4773,DP04774,Priya G,Bengaluru,Scooter,Part-time,3.81,N
4774,DP04775,Pooja H,Ahmedabad,Cycle,Part-time,4.56,N
4775,DP04776,Priya I,Hyderabad,Bike,Contract,3.96,N
4776,DP04777,Nikhil A,Bengaluru,Car,Full-time,4.24,Y
4777,DP04778,Divya T,Delhi,Bike,Contract,4.12,Y
4778,DP04779,Shreya D,Chennai,Scooter,Contract,4.33,Y
4779,DP04780,Shreya B,Chennai,Cycle,Part-time,4.36,Y
4780,DP04781,Nikhil L,Chennai,Bike,Full-time,4.31,Y
4781,DP04782,Priya O,Bengaluru,Scooter,Full-time,4.21,Y
4782,DP04783,Sneha O,Mumbai,Bike,Full-time,4.38,Y
4783,DP04784,Rakesh G,Delhi,Scooter,Part-time,4.46,Y
4784,DP04785,Rakesh S,Delhi,Scooter,Full-time,4.17,Y
4785,DP04786,Vikas W,Mumbai,Cycle,Full-time,4.59,N
4786,DP04787,Pooja K,Chennai,Bike,Full-time,4.22,Y
4787,DP04788,Meena C,Mumbai,Bike,Part-time,4.08,Y
4788,DP04789,Santosh W,Bengaluru,Scooter,Full-time,4.05,Y
4789,DP04790,Pooja P,Bengaluru,Bike,Part-time,3.9,N
4790,DP04791,Ravi J,Bengaluru,Scooter,Full-time,3.97,Y
4791,DP04792,Vikas I,Delhi,Cycle,Full-time,4.96,Y
4792,DP04793,Kiran R,Mumbai,Bike,Full-time,4.45,Y
4793,DP04794,Vikas H,Bengaluru,Bike,Contract,3.96,Y
4794,DP04795,Sneha A,Bengaluru,Scooter,Part-time,4.37,Y
4795,DP04796,Manoj U,Kolkata,Scooter,Full-time,4.48,Y
4796,DP04797,Kiran C,Mumbai,Car,Full-time,4.84,Y
4797,DP04798,Divya C,Bengaluru,Cycle,Contract,4.23,Y
4798,DP04799,Divya R,Pune,Bike,Full-time,4.57,Y
4799,DP04800,Kiran A,Delhi,Scooter,Full-time,4.59,Y
4800,DP04801,Divya P,Delhi,Scooter,Contract,4.17,Y
4801,DP04802,Rakesh P,Pune,Cycle,Part-time,3.84,Y
4802,DP04803,Vikas J,Bengaluru,Cycle,Part-time,4.01,Y
4803,DP04804,Pooja W,Delhi,Scooter,Full-time,4.15,N
4804,DP04805,Ravi I,Mumbai,Car,Full-time,3.97,Y
4805,DP04806,Manoj D,Bengaluru,Scooter,Full-time,4.09,Y
4806,DP04807,Santosh U,Kolkata,Cycle,Part-time,3.76,Y
4807,DP04808,Pooja E,Chennai,Bike,Contract,4.0,Y
4808,DP04809,Pooja T,Chennai,Bike,Contract,4.38,Y
4809,DP04810,Amit D,Ahmedabad,Bike,Full-time,4.13,Y
4810,DP04811,Amit S,Hyderabad,Cycle,Part-time,3.86,Y
4811,DP04812,Neha D,Chennai,Scooter,Part-time,4.5,Y
4812,DP04813,Suresh E,Bengaluru,Scooter,Part-time,4.31,N
4813,DP04814,Shreya Z,Pune,Scooter,Full-time,4.43,Y
4814,DP04815,Divya T,Bengaluru,Cycle,Full-time,4.58,Y
4815,DP04816,Suresh I,Bengaluru,Scooter,Part-time,3.94,Y
4816,DP04817,Santosh S,Bengaluru,Bike,Contract,4.25,Y
4817,DP04818,Nikhil X,Mumbai,Bike,Full-time,3.88,Y
4818,DP04819,Neha D,Hyderabad,Scooter,Part-time,4.42,Y
4819,DP04820,Kiran Q,Chennai,Cycle,Full-time,4.06,Y
4820,DP04821,Ananya V,Kolkata,Scooter,Full-time,4.29,Y
4821,DP04822,Divya Y,Mumbai,Bike,Contract,3.58,Y
4822,DP04823,Rakesh Z,Hyderabad,Scooter,Part-time,4.16,Y
4823,DP04824,Santosh C,Mumbai,Bike,Full-time,4.65,Y
4824,DP04825,Kiran E,Kolkata,Bike,Full-time,4.32,Y
4825,DP04826,Neha Y,Kolkata,Scooter,Full-time,4.36,Y
4826,DP04827,Divya R,Kolkata,Scooter,Full-time,3.96,Y
4827,DP04828,Suresh P,Ahmedabad,Cycle,Part-time,4.16,Y
4828,DP04829,Suresh Y,Hyderabad,Scooter,Part-time,4.45,Y
4829,DP04830,Pooja A,Delhi,Bike,Part-time,4.55,Y
4830,DP04831,Pooja Y,Mumbai,Bike,Full-time,3.95,Y
4831,DP04832,Divya X,Bengaluru,Scooter,Contract,3.92,Y
4832,DP04833,Kiran Q,Pune,Scooter,Full-time,4.28,Y
4833,DP04834,Suresh W,Mumbai,Scooter,Contract,4.02,N
4834,DP04835,Deepak M,Hyderabad,Scooter,Full-time,4.33,Y
4835,DP04836,Sneha G,Bengaluru,Bike,Full-time,4.24,Y
4836,DP04837,Santosh Y,Bengaluru,Bike,Full-time,4.31,Y
4837,DP04838,Priya S,Bengaluru,Bike,Contract,5.0,Y
4838,DP04839,Manoj N,Bengaluru,Bike,Contract,3.61,Y
4839,DP04840,Kiran N,Hyderabad,Scooter,Contract,4.15,Y
4840,DP04841,Priya S,Delhi,Scooter,Full-time,4.9,Y
4841,DP04842,Manoj L,Bengaluru,Scooter,Full-time,4.77,Y
4842,DP04843,Divya U,Mumbai,Scooter,Full-time,4.51,Y
4843,DP04844,Meena O,Delhi,Scooter,Full-time,3.72,Y
4844,DP04845,Neha W,Kolkata,Scooter,Full-time,4.49,Y
4845,DP04846,Sneha L,Delhi,Scooter,Part-time,4.74,Y
4846,DP04847,Santosh D,Ahmedabad,Scooter,Full-time,4.2,Y
4847,DP04848,Pooja S,Mumbai,Scooter,Full-time,3.88,Y
4848,DP04849,Divya P,Kolkata,Bike,Part-time,4.03,Y
4849,DP04850,Manoj K,Bengaluru,Scooter,Full-time,4.08,Y
4850,DP04851,Kiran J,Hyderabad,Scooter,Part-time,4.55,Y
4851,DP04852,Shreya O,Hyderabad,Bike,Full-time,4.57,Y
4852,DP04853,Suresh Z,Bengaluru,Bike,Contract,4.32,Y
4853,DP04854,Suresh U,Delhi,Scooter,Full-time,4.07,Y
4854,DP04855,Shreya O,Bengaluru,Cycle,Part-time,4.47,Y
4855,DP04856,Manoj J,Chennai,Bike,Full-time,4.56,Y
4856,DP04857,Deepak C,Chennai,Bike,Contract,4.3,Y
4857,DP04858,Priya T,Kolkata,Bike,Contract,4.56,Y
4858,DP04859,Divya B,Kolkata,Bike,Part-time,4.04,N
4859,DP04860,Nikhil R,Mumbai,Scooter,Part-time,4.38,Y
4860,DP04861,Suresh I,Bengaluru,Cycle,Full-time,4.01,Y
4861,DP04862,Pooja W,Bengaluru,Bike,Full-time,4.46,Y
4862,DP04863,Amit S,Kolkata,Scooter,Part-time,4.62,Y
4863,DP04864,Nikhil J,Mumbai,Scooter,Part-time,4.05,Y
4864,DP04865,Neha O,Pune,Scooter,Full-time,4.37,Y
4865,DP04866,Rahul K,Chennai,Scooter,Full-time,4.75,N
4866,DP04867,Neha J,Mumbai,Bike,Full-time,4.05,Y
4867,DP04868,Nikhil O,Mumbai,Scooter,Part-time,4.22,N
4868,DP04869,Ananya M,Ahmedabad,Scooter,Contract,4.09,Y
4869,DP04870,Pooja L,Bengaluru,Scooter,Full-time,4.03,Y
4870,DP04871,Sneha W,Bengaluru,Bike,Full-time,4.5,Y
4871,DP04872,Neha A,Delhi,Cycle,Part-time,3.82,N
4872,DP04873,Rahul A,Ahmedabad,Bike,Contract,4.17,Y
4873,DP04874,Rakesh J,Chennai,Scooter,Full-time,4.15,Y
4874,DP04875,Amit V,Delhi,Scooter,Contract,4.03,Y
4875,DP04876,Amit W,Pune,Scooter,Full-time,4.3,Y
4876,DP04877,Vikas K,Delhi,Cycle,Part-time,4.11,N
4877,DP04878,Priya F,Ahmedabad,Scooter,Full-time,4.37,Y
4878,DP04879,Vikas I,Ahmedabad,Bike,Full-time,4.56,Y
4879,DP04880,Ananya Z,Chennai,Scooter,Full-time,3.55,N
4880,DP04881,Neha J,Kolkata,Scooter,Full-time,3.82,Y
4881,DP04882,Pooja L,Pune,Scooter,Full-time,4.23,Y
4882,DP04883,Santosh M,Bengaluru,Cycle,Part-time,4.5,N
4883,DP04884,Nikhil Y,Delhi,Bike,Contract,3.85,Y
4884,DP04885,Ananya W,Bengaluru,Bike,Contract,4.36,Y
4885,DP04886,Pooja R,Ahmedabad,Scooter,Part-time,4.17,Y
4886,DP04887,Ravi H,Delhi,Bike,Full-time,3.94,Y
4887,DP04888,Manoj X,Bengaluru,Scooter,Contract,4.18,Y
4888,DP04889,Vikas J,Mumbai,Cycle,Part-time,4.13,N
4889,DP04890,Arjun F,Delhi,Bike,Full-time,4.08,N
4890,DP04891,Meena W,Mumbai,Scooter,Part-time,4.1,Y
4891,DP04892,Meena R,Mumbai,Bike,Part-time,3.74,Y
4892,DP04893,Rahul O,Delhi,Bike,Contract,3.91,Y
4893,DP04894,Divya X,Ahmedabad,Scooter,Contract,4.37,Y
4894,DP04895,Neha K,Bengaluru,Bike,Contract,4.17,Y
4895,DP04896,Meena K,Ahmedabad,Bike,Contract,4.36,Y
4896,DP04897,Deepak S,Chennai,Bike,Full-time,4.43,Y
4897,DP04898,Divya D,Bengaluru,Scooter,Full-time,4.4,Y
4898,DP04899,Divya N,Kolkata,Bike,Full-time,4.72,Y
4899,DP04900,Pooja I,Bengaluru,Bike,Contract,3.46,Y
4900,DP04901,Meena O,Bengaluru,Cycle,Full-time,4.15,Y
4901,DP04902,Sneha P,Kolkata,Bike,Part-time,4.14,N
4902,DP04903,Rahul G,Chennai,Bike,Part-time,4.06,Y
4903,DP04904,Sneha T,Mumbai,Cycle,Part-time,4.47,Y
4904,DP04905,Divya K,Delhi,Scooter,Full-time,4.24,N
4905,DP04906,Shreya N,Mumbai,Scooter,Full-time,3.7,Y
4906,DP04907,Divya C,Pune,Scooter,Full-time,3.98,Y
4907,DP04908,Amit V,Bengaluru,Scooter,Full-time,4.23,Y
4908,DP04909,Shreya D,Delhi,Scooter,Full-time,4.28,Y
4909,DP04910,Priya B,Ahmedabad,Scooter,Full-time,3.99,N
4910,DP04911,Suresh K,Bengaluru,Bike,Part-time,4.14,Y
4911,DP04912,Divya Z,Kolkata,Scooter,Full-time,4.69,Y
4912,DP04913,Nikhil C,Chennai,Cycle,Part-time,3.63,Y
4913,DP04914,Nikhil H,Delhi,Bike,Contract,4.25,Y
4914,DP04915,Priya U,Hyderabad,Scooter,Full-time,4.15,Y
4915,DP04916,Ananya C,Bengaluru,Car,Part-time,4.08,Y
4916,DP04917,Santosh C,Bengaluru,Bike,Full-time,4.38,Y
4917,DP04918,Rahul R,Kolkata,Cycle,Full-time,4.61,Y
4918,DP04919,Sneha R,Bengaluru,Scooter,Part-time,4.04,Y
4919,DP04920,Amit C,Mumbai,Bike,Contract,3.98,Y
4920,DP04921,Arjun Z,Delhi,Scooter,Full-time,4.16,Y
4921,DP04922,Kiran T,Bengaluru,Scooter,Full-time,4.27,N
4922,DP04923,Priya Z,Delhi,Scooter,Full-time,4.15,Y
4923,DP04924,Shreya S,Ahmedabad,Bike,Full-time,4.41,Y
4924,DP04925,Ravi D,Bengaluru,Cycle,Part-time,4.36,Y
4925,DP04926,Manoj S,Bengaluru,Cycle,Full-time,4.33,Y
4926,DP04927,Amit F,Kolkata,Bike,Full-time,4.17,N
4927,DP04928,Ravi X,Kolkata,Car,Part-time,3.92,Y
4928,DP04929,Manoj A,Kolkata,Scooter,Full-time,4.16,N
4929,DP04930,Kiran G,Chennai,Cycle,Part-time,4.03,Y
4930,DP04931,Shreya S,Ahmedabad,Scooter,Part-time,4.41,Y
4931,DP04932,Priya M,Chennai,Scooter,Part-time,4.35,Y
4932,DP04933,Rahul D,Pune,Bike,Full-time,4.28,Y
4933,DP04934,Priya M,Delhi,Scooter,Full-time,4.14,N
4934,DP04935,Divya U,Bengaluru,Scooter,Full-time,4.21,Y
4935,DP04936,Manoj T,Bengaluru,Bike,Part-time,4.27,Y
4936,DP04937,Rahul X,Mumbai,Cycle,Full-time,4.91,Y
4937,DP04938,Divya K,Chennai,Scooter,Full-time,4.2,Y
4938,DP04939,Arjun M,Delhi,Scooter,Full-time,4.34,Y
4939,DP04940,Pooja S,Mumbai,Scooter,Part-time,4.67,Y
4940,DP04941,Shreya W,Bengaluru,Car,Full-time,4.16,Y
4941,DP04942,Santosh S,Mumbai,Bike,Part-time,4.1,Y
4942,DP04943,Kiran O,Chennai,Bike,Full-time,4.5,Y
4943,DP04944,Vikas I,Delhi,Scooter,Full-time,3.91,Y
4944,DP04945,Pooja G,Kolkata,Bike,Full-time,3.74,Y
4945,DP04946,Divya G,Pune,Scooter,Full-time,4.57,Y
4946,DP04947,Rahul X,Chennai,Cycle,Full-time,4.55,Y
4947,DP04948,Manoj O,Bengaluru,Scooter,Full-time,3.46,Y
4948,DP04949,Ravi N,Mumbai,Bike,Part-time,4.08,Y
4949,DP04950,Rahul Y,Ahmedabad,Bike,Contract,4.06,Y
4950,DP04951,Manoj H,Hyderabad,Bike,Part-time,4.11,Y
4951,DP04952,Kiran W,Delhi,Scooter,Part-time,3.73,Y
4952,DP04953,Sneha Q,Hyderabad,Scooter,Full-time,3.91,Y
4953,DP04954,Pooja U,Delhi,Cycle,Full-time,4.15,Y
4954,DP04955,Amit O,Chennai,Scooter,Part-time,4.63,Y
4955,DP04956,Manoj Y,Bengaluru,Scooter,Full-time,4.13,Y
4956,DP04957,Ananya O,Kolkata,Bike,Part-time,4.55,Y
4957,DP04958,Santosh N,Pune,Bike,Full-time,4.38,Y
4958,DP04959,Kiran P,Kolkata,Bike,Part-time,4.14,Y
4959,DP04960,Amit Q,Ahmedabad,Scooter,Full-time,4.04,Y
4960,DP04961,Suresh W,Hyderabad,Scooter,Part-time,4.11,Y
4961,DP04962,Divya L,Ahmedabad,Scooter,Full-time,4.5,Y
4962,DP04963,Vikas E,Kolkata,Cycle,Part-time,3.62,Y
4963,DP04964,Santosh S,Chennai,Bike,Part-time,4.35,Y
4964,DP04965,Amit M,Mumbai,Scooter,Part-time,3.68,Y
4965,DP04966,Shreya G,Kolkata,Bike,Contract,3.83,Y
4966,DP04967,Deepak T,Mumbai,Scooter,Part-time,4.34,Y
4967,DP04968,Pooja Z,Bengaluru,Bike,Full-time,5.0,Y
4968,DP04969,Manoj K,Hyderabad,Scooter,Full-time,3.94,N
4969,DP04970,Ananya T,Ahmedabad,Bike,Full-time,4.67,Y
4970,DP04971,Arjun H,Bengaluru,Bike,Contract,4.03,Y
4971,DP04972,Manoj Z,Hyderabad,Scooter,Full-time,3.84,Y
4972,DP04973,Divya E,Ahmedabad,Bike,Full-time,4.49,Y
4973,DP04974,Amit H,Mumbai,Bike,Part-time,4.22,Y
4974,DP04975,Shreya L,Mumbai,Bike,Contract,4.34,Y
4975,DP04976,Rakesh Z,Chennai,Bike,Full-time,4.3,Y
4976,DP04977,Priya O,Bengaluru,Cycle,Full-time,4.35,Y
4977,DP04978,Rakesh N,Mumbai,Scooter,Full-time,4.57,Y
4978,DP04979,Santosh O,Bengaluru,Bike,Full-time,4.4,Y
4979,DP04980,Suresh S,Chennai,Cycle,Contract,4.26,Y
4980,DP04981,Vikas J,Bengaluru,Bike,Part-time,4.61,Y
4981,DP04982,Deepak O,Bengaluru,Car,Full-time,4.42,Y
4982,DP04983,Divya K,Mumbai,Scooter,Full-time,3.95,Y
4983,DP04984,Deepak H,Pune,Bike,Full-time,4.76,Y
4984,DP04985,Divya N,Bengaluru,Car,Part-time,4.14,Y
4985,DP04986,Neha Y,Delhi,Car,Full-time,4.2,Y
4986,DP04987,Nikhil T,Bengaluru,Bike,Part-time,4.56,Y
4987,DP04988,Sneha B,Kolkata,Cycle,Full-time,4.26,Y
4988,DP04989,Divya Z,Bengaluru,Cycle,Full-time,4.08,Y
4989,DP04990,Suresh W,Chennai,Bike,Part-time,4.45,Y
4990,DP04991,Suresh H,Bengaluru,Scooter,Contract,4.34,Y
4991,DP04992,Vikas Y,Delhi,Scooter,Part-time,3.98,Y
4992,DP04993,Santosh L,Bengaluru,Scooter,Contract,4.26,Y
4993,DP04994,Rakesh G,Pune,Scooter,Part-time,4.86,Y
4994,DP04995,Suresh O,Chennai,Bike,Full-time,4.31,Y
4995,DP04996,Ravi S,Bengaluru,Scooter,Full-time,4.2,Y
4996,DP04997,Ravi E,Bengaluru,Car,Full-time,3.74,Y
4997,DP04998,Sneha S,Bengaluru,Scooter,Part-time,3.69,Y
4998,DP04999,Priya B,Bengaluru,Scooter,Full-time,4.31,Y
4999,DP05000,Suresh H,Ahmedabad,Cycle,Full-time,4.76,N
5000,DP05001,Shreya X,Delhi,Cycle,Full-time,3.64,Y
5001,DP05002,Kiran N,Delhi,Scooter,Full-time,4.32,Y
5002,DP05003,Pooja L,Ahmedabad,Scooter,Full-time,3.88,Y
5003,DP05004,Amit T,Pune,Bike,Full-time,3.92,Y
5004,DP05005,Shreya H,Delhi,Bike,Full-time,3.99,Y
5005,DP05006,Suresh J,Delhi,Scooter,Full-time,4.27,Y
5006,DP05007,Rakesh D,Kolkata,Scooter,Part-time,4.22,Y
5007,DP05008,Priya Q,Hyderabad,Cycle,Part-time,4.13,Y
5008,DP05009,Manoj S,Chennai,Scooter,Part-time,4.12,N
5009,DP05010,Shreya V,Hyderabad,Scooter,Contract,4.1,Y
5010,DP05011,Shreya P,Mumbai,Scooter,Part-time,4.29,Y
5011,DP05012,Deepak G,Hyderabad,Scooter,Full-time,4.0,N
5012,DP05013,Pooja O,Chennai,Bike,Full-time,4.17,Y
5013,DP05014,Shreya M,Hyderabad,Scooter,Part-time,3.89,Y
5014,DP05015,Meena B,Kolkata,Bike,Full-time,3.84,Y
5015,DP05016,Shreya M,Bengaluru,Cycle,Full-time,3.79,Y
5016,DP05017,Manoj M,Delhi,Scooter,Part-time,4.24,Y
5017,DP05018,Divya C,Delhi,Bike,Part-time,3.88,Y
5018,DP05019,Divya P,Chennai,Scooter,Full-time,3.8,Y
5019,DP05020,Amit I,Kolkata,Scooter,Full-time,4.22,Y
5020,DP05021,Nikhil F,Bengaluru,Scooter,Part-time,4.25,Y
5021,DP05022,Pooja N,Kolkata,Cycle,Full-time,4.22,N
5022,DP05023,Santosh E,Bengaluru,Bike,Contract,4.3,Y
5023,DP05024,Amit Q,Delhi,Car,Full-time,4.14,Y
5024,DP05025,Nikhil O,Kolkata,Scooter,Part-time,3.86,Y
5025,DP05026,Suresh A,Ahmedabad,Bike,Full-time,3.68,Y
5026,DP05027,Santosh K,Delhi,Cycle,Part-time,4.13,Y
5027,DP05028,Divya Z,Chennai,Scooter,Contract,4.11,Y
5028,DP05029,Vikas U,Hyderabad,Bike,Full-time,3.8,Y
5029,DP05030,Sneha X,Hyderabad,Cycle,Contract,4.27,Y
5030,DP05031,Amit Z,Bengaluru,Bike,Full-time,3.82,Y
5031,DP05032,Shreya T,Pune,Scooter,Contract,4.27,Y
5032,DP05033,Rakesh B,Kolkata,Cycle,Part-time,4.3,Y
5033,DP05034,Ananya E,Bengaluru,Bike,Full-time,3.89,Y
5034,DP05035,Ananya O,Bengaluru,Scooter,Full-time,3.94,Y
5035,DP05036,Meena K,Kolkata,Bike,Full-time,3.99,Y
5036,DP05037,Suresh F,Bengaluru,Scooter,Part-time,4.21,Y
5037,DP05038,Priya O,Mumbai,Bike,Contract,5.0,Y
5038,DP05039,Amit M,Hyderabad,Bike,Part-time,4.1,Y
5039,DP05040,Rahul H,Bengaluru,Car,Full-time,4.03,Y
5040,DP05041,Divya V,Pune,Scooter,Full-time,4.21,Y
5041,DP05042,Nikhil H,Chennai,Scooter,Part-time,4.38,Y
5042,DP05043,Shreya L,Delhi,Scooter,Full-time,4.23,Y
5043,DP05044,Manoj E,Bengaluru,Car,Full-time,4.48,Y
5044,DP05045,Neha R,Mumbai,Scooter,Full-time,4.06,Y
5045,DP05046,Rahul W,Bengaluru,Scooter,Contract,4.61,N
5046,DP05047,Arjun Z,Bengaluru,Cycle,Full-time,4.06,Y
5047,DP05048,Meena M,Hyderabad,Car,Full-time,4.65,Y
5048,DP05049,Neha E,Bengaluru,Bike,Part-time,4.05,Y
5049,DP05050,Rakesh G,Ahmedabad,Bike,Part-time,4.08,Y
5050,DP05051,Shreya Y,Ahmedabad,Car,Full-time,4.42,Y
5051,DP05052,Meena W,Bengaluru,Scooter,Part-time,4.02,N
5052,DP05053,Santosh I,Kolkata,Scooter,Full-time,4.51,Y
5053,DP05054,Priya X,Ahmedabad,Cycle,Full-time,4.31,Y
5054,DP05055,Ravi T,Chennai,Scooter,Full-time,4.2,Y
5055,DP05056,Pooja C,Mumbai,Cycle,Full-time,4.45,Y
5056,DP05057,Amit N,Pune,Scooter,Full-time,3.62,Y
5057,DP05058,Rahul A,Kolkata,Scooter,Full-time,4.22,Y
5058,DP05059,Shreya G,Delhi,Cycle,Part-time,4.02,Y
5059,DP05060,Meena S,Bengaluru,Scooter,Part-time,4.42,Y
5060,DP05061,Pooja G,Pune,Car,Part-time,4.25,Y
5061,DP05062,Pooja A,Bengaluru,Scooter,Part-time,4.41,N
5062,DP05063,Suresh U,Mumbai,Bike,Full-time,4.25,Y
5063,DP05064,Divya F,Delhi,Cycle,Part-time,4.13,Y
5064,DP05065,Pooja R,Chennai,Scooter,Part-time,4.26,Y
5065,DP05066,Ananya Y,Delhi,Cycle,Contract,4.21,Y
5066,DP05067,Sneha T,Kolkata,Cycle,Full-time,4.07,Y
5067,DP05068,Amit N,Mumbai,Cycle,Full-time,4.31,N
5068,DP05069,Priya U,Ahmedabad,Scooter,Contract,4.19,Y
5069,DP05070,Suresh J,Delhi,Bike,Part-time,4.44,Y
5070,DP05071,Meena H,Pune,Cycle,Contract,3.58,N
5071,DP05072,Meena N,Delhi,Bike,Part-time,4.15,Y
5072,DP05073,Ananya W,Kolkata,Cycle,Contract,4.49,Y
5073,DP05074,Deepak Z,Mumbai,Bike,Full-time,4.48,Y
5074,DP05075,Arjun C,Pune,Scooter,Full-time,4.33,Y
5075,DP05076,Rakesh K,Hyderabad,Scooter,Contract,4.23,Y
5076,DP05077,Deepak V,Pune,Scooter,Contract,4.11,Y
5077,DP05078,Ananya K,Bengaluru,Scooter,Contract,3.63,Y
5078,DP05079,Priya E,Chennai,Bike,Full-time,4.42,Y
5079,DP05080,Vikas S,Mumbai,Scooter,Full-time,4.2,Y
5080,DP05081,Suresh W,Bengaluru,Bike,Full-time,3.91,Y
5081,DP05082,Rahul G,Pune,Cycle,Part-time,3.67,Y
5082,DP05083,Divya A,Kolkata,Cycle,Part-time,3.86,Y
5083,DP05084,Nikhil X,Bengaluru,Scooter,Contract,3.99,Y
5084,DP05085,Manoj J,Mumbai,Scooter,Full-time,4.07,Y
5085,DP05086,Vikas S,Mumbai,Cycle,Contract,3.85,Y
5086,DP05087,Rakesh T,Delhi,Bike,Part-time,4.75,Y
5087,DP05088,Shreya K,Ahmedabad,Cycle,Contract,4.17,Y
5088,DP05089,Deepak B,Hyderabad,Scooter,Part-time,4.24,Y
5089,DP05090,Ravi X,Bengaluru,Scooter,Part-time,4.27,N
5090,DP05091,Priya W,Hyderabad,Scooter,Part-time,3.84,Y
5091,DP05092,Nikhil U,Bengaluru,Scooter,Part-time,4.25,Y
5092,DP05093,Arjun R,Mumbai,Scooter,Contract,4.36,N
5093,DP05094,Shreya W,Bengaluru,Bike,Full-time,4.54,Y
5094,DP05095,Divya P,Bengaluru,Bike,Full-time,4.49,Y
5095,DP05096,Ravi P,Bengaluru,Scooter,Contract,4.61,Y
5096,DP05097,Pooja A,Chennai,Scooter,Contract,4.23,N
5097,DP05098,Nikhil J,Pune,Bike,Full-time,4.21,Y
5098,DP05099,Neha I,Hyderabad,Scooter,Part-time,4.9,Y
5099,DP05100,Ananya S,Bengaluru,Scooter,Full-time,3.94,N
5100,DP05101,Santosh P,Bengaluru,Scooter,Part-time,4.55,Y
5101,DP05102,Vikas V,Kolkata,Bike,Full-time,4.04,Y
5102,DP05103,Deepak E,Hyderabad,Scooter,Full-time,4.01,Y
5103,DP05104,Shreya V,Hyderabad,Bike,Full-time,3.67,Y
5104,DP05105,Manoj O,Bengaluru,Scooter,Part-time,4.36,Y
5105,DP05106,Rahul O,Bengaluru,Scooter,Contract,4.2,Y
5106,DP05107,Neha W,Bengaluru,Scooter,Part-time,4.37,Y
5107,DP05108,Ravi Q,Hyderabad,Cycle,Part-time,4.62,Y
5108,DP05109,Priya E,Chennai,Bike,Full-time,4.25,Y
5109,DP05110,Pooja L,Pune,Cycle,Full-time,4.22,Y
5110,DP05111,Arjun G,Delhi,Cycle,Full-time,4.81,Y
5111,DP05112,Nikhil V,Delhi,Cycle,Full-time,4.33,N
5112,DP05113,Santosh N,Chennai,Bike,Full-time,4.18,Y
5113,DP05114,Rakesh J,Chennai,Cycle,Part-time,4.38,Y
5114,DP05115,Santosh B,Kolkata,Cycle,Part-time,4.0,Y
5115,DP05116,Arjun O,Chennai,Bike,Contract,3.99,Y
5116,DP05117,Manoj N,Delhi,Scooter,Contract,4.45,Y
5117,DP05118,Sneha B,Mumbai,Scooter,Full-time,4.35,N
5118,DP05119,Manoj Q,Hyderabad,Cycle,Part-time,4.47,Y
5119,DP05120,Kiran P,Bengaluru,Bike,Part-time,3.93,Y
5120,DP05121,Arjun V,Delhi,Bike,Contract,4.33,Y
5121,DP05122,Meena D,Bengaluru,Scooter,Full-time,4.35,Y
5122,DP05123,Deepak T,Chennai,Cycle,Part-time,4.25,Y
5123,DP05124,Suresh Q,Bengaluru,Cycle,Full-time,4.7,Y
5124,DP05125,Ravi K,Ahmedabad,Bike,Contract,3.7,Y
5125,DP05126,Pooja S,Chennai,Scooter,Full-time,3.87,Y
5126,DP05127,Sneha W,Ahmedabad,Scooter,Full-time,4.18,Y
5127,DP05128,Ananya O,Kolkata,Scooter,Full-time,4.13,Y
5128,DP05129,Divya Z,Bengaluru,Bike,Full-time,4.03,Y
5129,DP05130,Divya H,Bengaluru,Scooter,Full-time,4.05,Y
5130,DP05131,Nikhil H,Ahmedabad,Scooter,Full-time,4.14,Y
5131,DP05132,Rahul B,Delhi,Cycle,Contract,4.17,Y
5132,DP05133,Kiran M,Hyderabad,Bike,Part-time,4.21,N
5133,DP05134,Divya U,Mumbai,Cycle,Part-time,4.04,Y
5134,DP05135,Rakesh A,Bengaluru,Scooter,Full-time,3.96,Y
5135,DP05136,Vikas C,Ahmedabad,Bike,Part-time,4.45,Y
5136,DP05137,Pooja Q,Kolkata,Cycle,Part-time,3.73,Y
5137,DP05138,Santosh R,Delhi,Bike,Part-time,4.34,Y
5138,DP05139,Rakesh Y,Ahmedabad,Scooter,Full-time,4.26,Y
5139,DP05140,Rakesh C,Pune,Bike,Part-time,4.49,Y
5140,DP05141,Ananya K,Kolkata,Scooter,Full-time,4.23,Y
5141,DP05142,Priya V,Hyderabad,Bike,Full-time,4.14,Y
5142,DP05143,Shreya B,Bengaluru,Bike,Part-time,4.4,Y
5143,DP05144,Divya K,Pune,Bike,Part-time,4.14,Y
5144,DP05145,Rahul Q,Chennai,Cycle,Contract,4.01,Y
5145,DP05146,Divya H,Bengaluru,Bike,Part-time,4.03,Y
5146,DP05147,Neha A,Bengaluru,Bike,Full-time,4.37,Y
5147,DP05148,Rahul H,Hyderabad,Bike,Full-time,4.07,Y
5148,DP05149,Ravi S,Bengaluru,Scooter,Part-time,4.26,Y
5149,DP05150,Sneha U,Pune,Bike,Full-time,4.75,Y
5150,DP05151,Deepak Z,Bengaluru,Car,Full-time,3.85,Y
5151,DP05152,Rahul L,Bengaluru,Bike,Full-time,3.94,Y
5152,DP05153,Nikhil G,Mumbai,Scooter,Full-time,3.98,Y
5153,DP05154,Suresh V,Delhi,Bike,Contract,4.27,Y
5154,DP05155,Kiran I,Bengaluru,Scooter,Full-time,4.27,Y
5155,DP05156,Nikhil Y,Kolkata,Scooter,Full-time,4.96,Y
5156,DP05157,Suresh S,Hyderabad,Scooter,Part-time,4.24,Y
5157,DP05158,Rakesh L,Delhi,Cycle,Full-time,4.1,Y
5158,DP05159,Meena F,Hyderabad,Scooter,Full-time,4.19,Y
5159,DP05160,Deepak U,Pune,Scooter,Full-time,4.34,Y
5160,DP05161,Santosh W,Pune,Scooter,Part-time,4.73,Y
5161,DP05162,Santosh L,Bengaluru,Scooter,Part-time,4.17,Y
5162,DP05163,Rahul Q,Bengaluru,Car,Full-time,4.22,Y
5163,DP05164,Ravi W,Bengaluru,Cycle,Full-time,4.09,Y
5164,DP05165,Manoj Q,Mumbai,Scooter,Part-time,4.59,Y
5165,DP05166,Rakesh S,Bengaluru,Bike,Full-time,3.81,Y
5166,DP05167,Priya J,Mumbai,Cycle,Part-time,4.41,Y
5167,DP05168,Pooja R,Mumbai,Car,Full-time,4.35,Y
5168,DP05169,Sneha X,Bengaluru,Bike,Contract,4.11,N
5169,DP05170,Deepak M,Mumbai,Car,Full-time,4.59,Y
5170,DP05171,Arjun X,Kolkata,Scooter,Part-time,4.11,Y
5171,DP05172,Manoj H,Mumbai,Bike,Part-time,4.57,Y
5172,DP05173,Manoj W,Chennai,Cycle,Part-time,4.13,Y
5173,DP05174,Vikas A,Mumbai,Scooter,Full-time,3.4,Y
5174,DP05175,Santosh Q,Pune,Scooter,Full-time,4.43,Y
5175,DP05176,Suresh A,Bengaluru,Bike,Contract,3.92,N
5176,DP05177,Sneha X,Chennai,Bike,Part-time,3.97,Y
5177,DP05178,Shreya K,Kolkata,Scooter,Part-time,3.81,Y
5178,DP05179,Deepak Y,Kolkata,Scooter,Part-time,4.64,Y
5179,DP05180,Ananya E,Bengaluru,Bike,Full-time,4.27,Y
5180,DP05181,Ravi N,Mumbai,Scooter,Full-time,4.22,N
5181,DP05182,Santosh E,Bengaluru,Bike,Part-time,4.55,Y
5182,DP05183,Sneha B,Ahmedabad,Bike,Full-time,4.05,Y
5183,DP05184,Manoj W,Hyderabad,Scooter,Full-time,4.51,Y
5184,DP05185,Meena X,Bengaluru,Scooter,Full-time,4.39,Y
5185,DP05186,Nikhil U,Pune,Bike,Full-time,3.6,Y
5186,DP05187,Suresh V,Delhi,Car,Full-time,4.06,Y
5187,DP05188,Priya U,Bengaluru,Scooter,Part-time,4.06,Y
5188,DP05189,Ananya Q,Hyderabad,Bike,Part-time,4.31,Y
5189,DP05190,Pooja M,Bengaluru,Bike,Contract,3.72,Y
5190,DP05191,Manoj B,Ahmedabad,Bike,Full-time,4.33,Y
5191,DP05192,Sneha G,Bengaluru,Car,Part-time,4.25,Y
5192,DP05193,Ravi P,Kolkata,Scooter,Part-time,4.24,N
5193,DP05194,Arjun V,Pune,Scooter,Part-time,4.33,Y
5194,DP05195,Vikas F,Hyderabad,Bike,Full-time,4.38,Y
5195,DP05196,Sneha K,Pune,Scooter,Part-time,4.3,Y
5196,DP05197,Arjun R,Kolkata,Scooter,Full-time,4.57,Y
5197,DP05198,Shreya X,Bengaluru,Bike,Full-time,4.02,Y
5198,DP05199,Amit D,Bengaluru,Bike,Full-time,4.24,Y
5199,DP05200,Deepak H,Hyderabad,Scooter,Contract,3.76,Y
5200,DP05201,Manoj P,Mumbai,Scooter,Full-time,4.15,Y
5201,DP05202,Rakesh Q,Chennai,Scooter,Full-time,4.61,Y
5202,DP05203,Suresh M,Bengaluru,Bike,Full-time,3.93,Y
5203,DP05204,Rahul Q,Bengaluru,Cycle,Full-time,4.23,Y
5204,DP05205,Meena G,Ahmedabad,Scooter,Full-time,4.02,N
5205,DP05206,Suresh V,Delhi,Bike,Contract,4.12,Y
5206,DP05207,Vikas W,Bengaluru,Cycle,Full-time,4.08,Y
5207,DP05208,Rahul A,Bengaluru,Scooter,Contract,4.11,Y
5208,DP05209,Nikhil S,Mumbai,Scooter,Full-time,4.07,Y
5209,DP05210,Rakesh F,Bengaluru,Car,Contract,4.16,Y
5210,DP05211,Suresh B,Hyderabad,Scooter,Full-time,3.96,Y
5211,DP05212,Nikhil V,Kolkata,Scooter,Part-time,4.32,Y
5212,DP05213,Meena K,Bengaluru,Cycle,Full-time,4.07,Y
5213,DP05214,Divya A,Chennai,Bike,Full-time,4.36,Y
5214,DP05215,Deepak O,Ahmedabad,Scooter,Full-time,4.34,Y
5215,DP05216,Divya B,Bengaluru,Bike,Full-time,3.9,Y
5216,DP05217,Ananya R,Delhi,Scooter,Contract,4.36,N
5217,DP05218,Deepak A,Mumbai,Bike,Part-time,4.33,Y
5218,DP05219,Ananya D,Ahmedabad,Scooter,Contract,3.91,Y
5219,DP05220,Amit U,Delhi,Scooter,Full-time,4.62,Y
5220,DP05221,Ravi G,Delhi,Scooter,Part-time,4.2,N
5221,DP05222,Ananya P,Hyderabad,Scooter,Full-time,3.91,Y
5222,DP05223,Ananya U,Chennai,Bike,Part-time,4.21,Y
5223,DP05224,Manoj K,Bengaluru,Bike,Part-time,4.37,N
5224,DP05225,Manoj G,Bengaluru,Cycle,Full-time,4.19,Y
5225,DP05226,Sneha X,Hyderabad,Scooter,Part-time,4.46,Y
5226,DP05227,Shreya I,Kolkata,Bike,Full-time,4.67,Y
5227,DP05228,Priya T,Delhi,Bike,Full-time,4.35,Y
5228,DP05229,Pooja Q,Delhi,Cycle,Contract,4.45,Y
5229,DP05230,Ravi M,Ahmedabad,Scooter,Contract,4.13,Y
5230,DP05231,Arjun L,Hyderabad,Scooter,Part-time,4.13,Y
5231,DP05232,Manoj G,Hyderabad,Scooter,Full-time,3.91,N
5232,DP05233,Arjun T,Mumbai,Scooter,Full-time,3.85,Y
5233,DP05234,Santosh B,Ahmedabad,Scooter,Part-time,4.52,Y
5234,DP05235,Amit A,Kolkata,Bike,Contract,3.93,Y
5235,DP05236,Neha U,Ahmedabad,Bike,Part-time,4.18,Y
5236,DP05237,Santosh V,Bengaluru,Cycle,Contract,4.57,Y
5237,DP05238,Vikas M,Bengaluru,Bike,Full-time,4.6,Y
5238,DP05239,Santosh P,Bengaluru,Scooter,Part-time,4.21,N
5239,DP05240,Santosh Z,Delhi,Bike,Contract,4.17,Y
5240,DP05241,Manoj W,Pune,Scooter,Full-time,4.36,Y
5241,DP05242,Ravi E,Chennai,Bike,Part-time,3.69,Y
5242,DP05243,Ananya K,Delhi,Scooter,Contract,4.28,N
5243,DP05244,Nikhil X,Chennai,Scooter,Full-time,4.67,Y
5244,DP05245,Vikas Q,Bengaluru,Bike,Part-time,3.79,Y
5245,DP05246,Deepak X,Delhi,Scooter,Full-time,4.58,Y
5246,DP05247,Kiran W,Mumbai,Bike,Contract,3.89,Y
5247,DP05248,Nikhil B,Bengaluru,Scooter,Part-time,4.25,N
5248,DP05249,Meena D,Kolkata,Scooter,Part-time,4.08,Y
5249,DP05250,Rakesh S,Hyderabad,Cycle,Full-time,3.81,Y
5250,DP05251,Ravi Y,Bengaluru,Bike,Contract,4.55,Y
5251,DP05252,Santosh D,Pune,Bike,Full-time,3.93,Y
5252,DP05253,Ananya Z,Bengaluru,Bike,Full-time,4.01,N
5253,DP05254,Arjun J,Mumbai,Bike,Part-time,4.79,Y
5254,DP05255,Manoj Y,Hyderabad,Bike,Contract,4.67,N
5255,DP05256,Manoj I,Chennai,Scooter,Part-time,4.13,Y
5256,DP05257,Nikhil U,Ahmedabad,Bike,Contract,3.85,N
5257,DP05258,Vikas A,Chennai,Bike,Full-time,4.34,Y
5258,DP05259,Sneha C,Chennai,Bike,Contract,4.38,N
5259,DP05260,Arjun D,Kolkata,Cycle,Part-time,4.31,Y
5260,DP05261,Divya I,Kolkata,Bike,Full-time,4.0,Y
5261,DP05262,Nikhil L,Kolkata,Cycle,Full-time,3.58,Y
5262,DP05263,Kiran Z,Chennai,Car,Full-time,4.2,Y
5263,DP05264,Suresh O,Delhi,Cycle,Full-time,4.31,Y
5264,DP05265,Deepak C,Delhi,Scooter,Full-time,4.23,Y
5265,DP05266,Nikhil N,Delhi,Scooter,Part-time,4.02,Y
5266,DP05267,Shreya P,Bengaluru,Scooter,Part-time,4.74,Y
5267,DP05268,Vikas C,Chennai,Bike,Part-time,4.16,Y
5268,DP05269,Neha W,Bengaluru,Scooter,Full-time,4.1,Y
5269,DP05270,Santosh M,Pune,Bike,Part-time,3.59,Y
5270,DP05271,Ravi D,Hyderabad,Scooter,Part-time,4.85,Y
5271,DP05272,Suresh I,Bengaluru,Cycle,Full-time,4.5,Y
5272,DP05273,Manoj O,Pune,Scooter,Full-time,4.34,Y
5273,DP05274,Ravi L,Pune,Bike,Full-time,4.46,Y
5274,DP05275,Pooja F,Bengaluru,Scooter,Full-time,4.2,Y
5275,DP05276,Shreya S,Ahmedabad,Bike,Part-time,4.7,Y
5276,DP05277,Ravi Z,Chennai,Scooter,Full-time,4.27,Y
5277,DP05278,Kiran N,Ahmedabad,Bike,Part-time,3.8,Y
5278,DP05279,Pooja D,Delhi,Bike,Full-time,4.15,Y
5279,DP05280,Nikhil T,Bengaluru,Scooter,Part-time,4.02,Y
5280,DP05281,Kiran F,Hyderabad,Bike,Full-time,4.4,Y
5281,DP05282,Ravi H,Mumbai,Bike,Full-time,4.4,Y
5282,DP05283,Suresh S,Delhi,Scooter,Part-time,4.88,Y
5283,DP05284,Sneha V,Bengaluru,Bike,Part-time,4.54,N
5284,DP05285,Priya G,Bengaluru,Scooter,Full-time,3.71,Y
5285,DP05286,Arjun X,Mumbai,Bike,Part-time,4.17,Y
5286,DP05287,Meena G,Ahmedabad,Scooter,Full-time,4.59,Y
5287,DP05288,Ravi C,Bengaluru,Scooter,Full-time,4.34,Y
5288,DP05289,Amit D,Bengaluru,Scooter,Contract,4.4,Y
5289,DP05290,Rahul T,Bengaluru,Scooter,Contract,3.72,Y
5290,DP05291,Ananya R,Bengaluru,Cycle,Contract,3.83,Y
5291,DP05292,Rakesh J,Bengaluru,Scooter,Contract,4.3,N
5292,DP05293,Deepak A,Mumbai,Bike,Part-time,4.06,Y
5293,DP05294,Deepak R,Pune,Scooter,Contract,3.85,N
5294,DP05295,Arjun I,Kolkata,Bike,Part-time,4.0,Y
5295,DP05296,Neha B,Bengaluru,Scooter,Full-time,4.69,Y
5296,DP05297,Neha C,Chennai,Cycle,Full-time,4.29,Y
5297,DP05298,Deepak M,Ahmedabad,Bike,Full-time,4.28,Y
5298,DP05299,Priya S,Bengaluru,Bike,Part-time,4.25,Y
5299,DP05300,Arjun P,Bengaluru,Bike,Full-time,3.48,Y
5300,DP05301,Manoj B,Mumbai,Car,Part-time,4.17,Y
5301,DP05302,Neha P,Delhi,Cycle,Contract,3.74,Y
5302,DP05303,Amit A,Delhi,Cycle,Part-time,4.02,Y
5303,DP05304,Amit T,Bengaluru,Scooter,Full-time,3.92,Y
5304,DP05305,Shreya H,Bengaluru,Bike,Full-time,4.36,Y
5305,DP05306,Arjun Z,Pune,Scooter,Part-time,4.17,Y
5306,DP05307,Nikhil W,Delhi,Cycle,Full-time,4.51,Y
5307,DP05308,Priya A,Delhi,Bike,Part-time,4.05,Y
5308,DP05309,Sneha R,Pune,Cycle,Full-time,4.74,Y
5309,DP05310,Sneha K,Bengaluru,Scooter,Full-time,4.15,Y
5310,DP05311,Ananya O,Bengaluru,Bike,Full-time,4.28,Y
5311,DP05312,Ananya L,Bengaluru,Bike,Full-time,4.3,N
5312,DP05313,Rakesh Q,Hyderabad,Scooter,Full-time,4.42,Y
5313,DP05314,Rahul Y,Bengaluru,Bike,Contract,4.21,Y
5314,DP05315,Manoj Y,Mumbai,Bike,Part-time,3.46,Y
5315,DP05316,Arjun A,Hyderabad,Bike,Full-time,4.18,Y
5316,DP05317,Neha N,Kolkata,Cycle,Contract,4.23,Y
5317,DP05318,Divya Y,Mumbai,Scooter,Contract,4.0,Y
5318,DP05319,Manoj I,Mumbai,Cycle,Full-time,4.08,Y
5319,DP05320,Deepak X,Bengaluru,Bike,Full-time,4.38,Y
5320,DP05321,Pooja T,Kolkata,Bike,Part-time,4.52,Y
5321,DP05322,Santosh H,Kolkata,Car,Part-time,4.18,Y
5322,DP05323,Nikhil N,Delhi,Bike,Full-time,4.1,N
5323,DP05324,Ananya P,Bengaluru,Bike,Full-time,4.42,Y
5324,DP05325,Shreya V,Chennai,Scooter,Full-time,4.1,Y
5325,DP05326,Pooja D,Hyderabad,Cycle,Part-time,4.27,Y
5326,DP05327,Sneha P,Pune,Scooter,Part-time,4.76,Y
5327,DP05328,Deepak V,Bengaluru,Cycle,Part-time,4.19,Y
5328,DP05329,Ananya W,Bengaluru,Scooter,Part-time,4.22,Y
5329,DP05330,Meena B,Mumbai,Bike,Contract,4.36,Y
5330,DP05331,Meena O,Pune,Bike,Part-time,4.34,Y
5331,DP05332,Shreya Q,Bengaluru,Scooter,Full-time,3.99,Y
5332,DP05333,Deepak L,Delhi,Bike,Full-time,4.52,Y
5333,DP05334,Rahul E,Bengaluru,Scooter,Full-time,4.1,Y
5334,DP05335,Santosh K,Bengaluru,Cycle,Part-time,3.76,Y
5335,DP05336,Shreya B,Pune,Scooter,Full-time,4.48,Y
5336,DP05337,Deepak M,Mumbai,Scooter,Contract,4.17,Y
5337,DP05338,Sneha M,Bengaluru,Scooter,Contract,4.52,Y
5338,DP05339,Arjun A,Chennai,Scooter,Full-time,4.46,Y
5339,DP05340,Rakesh W,Ahmedabad,Scooter,Full-time,4.4,Y
5340,DP05341,Manoj X,Hyderabad,Scooter,Part-time,4.3,Y
5341,DP05342,Vikas C,Ahmedabad,Scooter,Full-time,4.33,Y
5342,DP05343,Neha A,Chennai,Car,Part-time,4.11,Y
5343,DP05344,Deepak U,Chennai,Scooter,Full-time,4.37,Y
5344,DP05345,Manoj K,Mumbai,Scooter,Full-time,4.73,Y
5345,DP05346,Shreya P,Mumbai,Bike,Part-time,4.48,Y
5346,DP05347,Nikhil D,Pune,Bike,Part-time,4.28,Y
5347,DP05348,Suresh L,Bengaluru,Bike,Full-time,4.19,Y
5348,DP05349,Kiran S,Bengaluru,Bike,Full-time,4.07,Y
5349,DP05350,Priya J,Delhi,Bike,Full-time,4.45,N
5350,DP05351,Sneha I,Mumbai,Scooter,Part-time,4.36,Y
5351,DP05352,Ananya X,Bengaluru,Scooter,Full-time,4.21,Y
5352,DP05353,Arjun G,Bengaluru,Car,Full-time,4.03,Y
5353,DP05354,Priya T,Bengaluru,Bike,Full-time,4.68,Y
5354,DP05355,Rakesh K,Mumbai,Cycle,Full-time,4.64,Y
5355,DP05356,Rahul S,Bengaluru,Scooter,Full-time,4.3,Y
5356,DP05357,Vikas S,Bengaluru,Cycle,Full-time,4.09,Y
5357,DP05358,Kiran W,Bengaluru,Bike,Part-time,4.06,Y
5358,DP05359,Meena W,Bengaluru,Scooter,Full-time,4.26,Y
5359,DP05360,Rahul S,Chennai,Cycle,Part-time,4.23,Y
5360,DP05361,Priya H,Delhi,Bike,Full-time,4.26,Y
5361,DP05362,Rakesh C,Mumbai,Scooter,Full-time,4.22,N
5362,DP05363,Rakesh Y,Bengaluru,Scooter,Contract,4.01,N
5363,DP05364,Suresh S,Pune,Scooter,Contract,3.92,Y
5364,DP05365,Nikhil W,Delhi,Cycle,Full-time,3.95,Y
5365,DP05366,Arjun M,Bengaluru,Bike,Full-time,4.14,Y
5366,DP05367,Santosh Y,Hyderabad,Cycle,Contract,4.41,Y
5367,DP05368,Divya C,Bengaluru,Scooter,Contract,4.54,Y
5368,DP05369,Ravi I,Hyderabad,Car,Part-time,4.84,Y
5369,DP05370,Sneha Y,Bengaluru,Bike,Contract,4.59,Y
5370,DP05371,Meena G,Mumbai,Bike,Contract,3.89,Y
5371,DP05372,Amit D,Bengaluru,Bike,Contract,3.87,Y
5372,DP05373,Vikas N,Delhi,Scooter,Part-time,4.33,Y
5373,DP05374,Deepak T,Pune,Bike,Full-time,4.34,N
5374,DP05375,Meena B,Hyderabad,Scooter,Full-time,3.72,Y
5375,DP05376,Divya C,Bengaluru,Bike,Full-time,4.54,Y
5376,DP05377,Kiran A,Bengaluru,Cycle,Full-time,3.73,N
5377,DP05378,Deepak V,Hyderabad,Car,Contract,3.71,Y
5378,DP05379,Nikhil U,Delhi,Bike,Contract,4.75,Y
5379,DP05380,Santosh C,Hyderabad,Cycle,Part-time,4.71,Y
5380,DP05381,Sneha S,Mumbai,Scooter,Contract,3.72,Y
5381,DP05382,Neha B,Ahmedabad,Bike,Contract,4.0,Y
5382,DP05383,Meena N,Hyderabad,Scooter,Contract,4.75,Y
5383,DP05384,Sneha N,Bengaluru,Scooter,Full-time,4.48,Y
5384,DP05385,Rahul I,Ahmedabad,Bike,Part-time,4.48,Y
5385,DP05386,Amit I,Mumbai,Bike,Full-time,3.97,Y
5386,DP05387,Kiran S,Bengaluru,Bike,Full-time,3.74,Y
5387,DP05388,Rakesh G,Chennai,Cycle,Full-time,3.97,Y
5388,DP05389,Manoj T,Mumbai,Scooter,Contract,3.92,Y
5389,DP05390,Deepak C,Kolkata,Cycle,Part-time,4.19,Y
5390,DP05391,Ravi D,Hyderabad,Scooter,Contract,4.2,Y
5391,DP05392,Suresh G,Ahmedabad,Scooter,Full-time,4.16,Y
5392,DP05393,Manoj R,Bengaluru,Car,Contract,4.42,Y
5393,DP05394,Divya F,Mumbai,Scooter,Full-time,3.94,Y
5394,DP05395,Deepak M,Delhi,Cycle,Part-time,4.53,Y
5395,DP05396,Amit Y,Bengaluru,Bike,Part-time,4.23,Y
5396,DP05397,Divya F,Mumbai,Scooter,Full-time,4.12,N
5397,DP05398,Kiran B,Bengaluru,Cycle,Part-time,3.86,Y
5398,DP05399,Shreya F,Bengaluru,Bike,Contract,4.49,N
5399,DP05400,Divya Y,Kolkata,Cycle,Full-time,4.04,Y
5400,DP05401,Suresh T,Bengaluru,Scooter,Full-time,3.73,Y
5401,DP05402,Priya N,Hyderabad,Bike,Full-time,3.55,Y
5402,DP05403,Priya B,Bengaluru,Scooter,Full-time,4.36,Y
5403,DP05404,Santosh B,Pune,Bike,Part-time,3.82,Y
5404,DP05405,Deepak X,Pune,Bike,Part-time,4.14,Y
5405,DP05406,Sneha P,Bengaluru,Cycle,Full-time,4.18,Y
5406,DP05407,Santosh O,Pune,Cycle,Full-time,3.74,Y
5407,DP05408,Priya R,Mumbai,Scooter,Part-time,4.45,Y
5408,DP05409,Amit T,Delhi,Scooter,Full-time,4.51,Y
5409,DP05410,Divya K,Mumbai,Scooter,Part-time,4.91,Y
5410,DP05411,Sneha K,Bengaluru,Cycle,Full-time,3.8,N
5411,DP05412,Arjun V,Mumbai,Bike,Part-time,4.16,Y
5412,DP05413,Pooja Q,Pune,Scooter,Part-time,4.08,Y
5413,DP05414,Neha B,Hyderabad,Car,Full-time,4.25,Y
5414,DP05415,Ravi B,Delhi,Scooter,Contract,4.54,Y
5415,DP05416,Pooja Z,Hyderabad,Scooter,Part-time,3.99,Y
5416,DP05417,Suresh J,Hyderabad,Cycle,Part-time,4.4,Y
5417,DP05418,Manoj A,Delhi,Scooter,Contract,4.47,Y
5418,DP05419,Amit J,Bengaluru,Scooter,Full-time,3.4,Y
5419,DP05420,Shreya X,Delhi,Scooter,Full-time,4.44,Y
5420,DP05421,Deepak P,Mumbai,Cycle,Full-time,4.04,Y
5421,DP05422,Divya P,Hyderabad,Bike,Full-time,4.07,Y
5422,DP05423,Vikas I,Bengaluru,Scooter,Full-time,3.82,Y
5423,DP05424,Neha O,Hyderabad,Bike,Part-time,4.32,Y
5424,DP05425,Pooja J,Bengaluru,Scooter,Full-time,4.19,Y
5425,DP05426,Santosh Z,Delhi,Scooter,Part-time,3.78,Y
5426,DP05427,Suresh L,Kolkata,Scooter,Part-time,4.79,Y
5427,DP05428,Priya K,Mumbai,Scooter,Part-time,3.62,Y
5428,DP05429,Divya A,Mumbai,Bike,Full-time,4.05,N
5429,DP05430,Ananya G,Mumbai,Bike,Contract,3.79,Y
5430,DP05431,Deepak E,Ahmedabad,Scooter,Contract,4.33,Y
5431,DP05432,Divya Z,Chennai,Cycle,Full-time,4.17,Y
5432,DP05433,Vikas U,Hyderabad,Bike,Contract,3.89,Y
5433,DP05434,Santosh G,Mumbai,Bike,Full-time,3.72,N
5434,DP05435,Meena X,Hyderabad,Bike,Part-time,3.99,Y
5435,DP05436,Meena C,Hyderabad,Bike,Full-time,4.18,Y
5436,DP05437,Amit V,Delhi,Bike,Full-time,4.24,Y
5437,DP05438,Nikhil B,Kolkata,Scooter,Part-time,4.01,Y
5438,DP05439,Ananya A,Bengaluru,Scooter,Full-time,4.84,Y
5439,DP05440,Pooja I,Delhi,Cycle,Part-time,4.88,Y
5440,DP05441,Ravi Q,Delhi,Car,Contract,4.35,Y
5441,DP05442,Rakesh U,Ahmedabad,Bike,Contract,3.66,N
5442,DP05443,Divya U,Ahmedabad,Scooter,Part-time,4.12,Y
5443,DP05444,Rahul S,Delhi,Bike,Full-time,4.02,N
5444,DP05445,Rakesh C,Pune,Scooter,Full-time,4.19,Y
5445,DP05446,Santosh K,Kolkata,Bike,Part-time,4.27,Y
5446,DP05447,Divya K,Bengaluru,Bike,Part-time,4.03,Y
5447,DP05448,Vikas S,Pune,Bike,Contract,4.63,Y
5448,DP05449,Manoj U,Hyderabad,Cycle,Full-time,4.53,Y
5449,DP05450,Neha U,Mumbai,Bike,Part-time,4.68,Y
5450,DP05451,Deepak V,Delhi,Cycle,Part-time,4.37,Y
5451,DP05452,Santosh T,Chennai,Car,Full-time,3.93,Y
5452,DP05453,Rakesh M,Kolkata,Car,Part-time,4.13,Y
5453,DP05454,Priya I,Bengaluru,Scooter,Full-time,3.9,N
5454,DP05455,Kiran K,Bengaluru,Bike,Part-time,4.23,N
5455,DP05456,Divya B,Delhi,Bike,Full-time,3.87,N
5456,DP05457,Manoj H,Kolkata,Bike,Contract,4.11,Y
5457,DP05458,Divya I,Bengaluru,Bike,Contract,4.44,N
5458,DP05459,Vikas T,Bengaluru,Scooter,Full-time,3.89,Y
5459,DP05460,Ananya U,Chennai,Bike,Contract,4.52,Y
5460,DP05461,Ananya Z,Delhi,Cycle,Full-time,3.95,Y
5461,DP05462,Suresh T,Mumbai,Bike,Contract,4.47,Y
5462,DP05463,Amit E,Bengaluru,Scooter,Full-time,4.66,N
5463,DP05464,Neha N,Hyderabad,Scooter,Full-time,4.03,Y
5464,DP05465,Suresh F,Pune,Bike,Full-time,4.46,Y
5465,DP05466,Meena R,Bengaluru,Scooter,Full-time,4.12,Y
5466,DP05467,Ravi P,Pune,Car,Part-time,4.1,Y
5467,DP05468,Pooja T,Kolkata,Scooter,Contract,4.25,Y
5468,DP05469,Ravi J,Bengaluru,Scooter,Full-time,3.58,Y
5469,DP05470,Shreya B,Ahmedabad,Bike,Contract,3.9,Y
5470,DP05471,Rahul H,Pune,Bike,Part-time,4.12,Y
5471,DP05472,Manoj J,Bengaluru,Scooter,Part-time,4.19,Y
5472,DP05473,Ananya V,Chennai,Bike,Contract,4.05,Y
5473,DP05474,Shreya I,Mumbai,Cycle,Full-time,4.31,Y
5474,DP05475,Rakesh C,Bengaluru,Bike,Contract,4.09,Y
5475,DP05476,Amit A,Mumbai,Scooter,Contract,3.94,Y
5476,DP05477,Shreya P,Chennai,Bike,Contract,4.45,Y
5477,DP05478,Nikhil T,Delhi,Bike,Full-time,4.37,Y
5478,DP05479,Neha M,Chennai,Scooter,Part-time,4.1,Y
5479,DP05480,Rahul X,Bengaluru,Scooter,Full-time,4.47,Y
5480,DP05481,Suresh B,Ahmedabad,Car,Part-time,3.97,Y
5481,DP05482,Suresh O,Bengaluru,Scooter,Full-time,3.82,N
5482,DP05483,Pooja O,Bengaluru,Bike,Contract,4.18,Y
5483,DP05484,Ananya V,Mumbai,Bike,Part-time,4.37,Y
5484,DP05485,Neha C,Pune,Scooter,Part-time,4.38,Y
5485,DP05486,Kiran J,Mumbai,Scooter,Contract,4.15,Y
5486,DP05487,Divya B,Pune,Bike,Full-time,4.17,Y
5487,DP05488,Kiran O,Ahmedabad,Scooter,Full-time,4.05,N
5488,DP05489,Divya H,Mumbai,Scooter,Full-time,4.02,Y
5489,DP05490,Neha E,Mumbai,Scooter,Contract,4.13,Y
5490,DP05491,Rakesh R,Mumbai,Bike,Part-time,4.19,Y
5491,DP05492,Arjun V,Bengaluru,Cycle,Contract,4.33,Y
5492,DP05493,Santosh C,Pune,Scooter,Full-time,3.94,N
5493,DP05494,Manoj E,Bengaluru,Bike,Part-time,3.94,Y
5494,DP05495,Rahul T,Kolkata,Bike,Part-time,4.14,Y
5495,DP05496,Ananya T,Bengaluru,Car,Full-time,4.44,Y
5496,DP05497,Suresh F,Hyderabad,Bike,Part-time,4.06,Y
5497,DP05498,Vikas S,Delhi,Scooter,Full-time,4.32,Y
5498,DP05499,Nikhil T,Bengaluru,Scooter,Part-time,4.0,Y
5499,DP05500,Santosh I,Delhi,Car,Part-time,4.21,Y
5500,DP05501,Ravi D,Kolkata,Bike,Full-time,4.39,Y
5501,DP05502,Rakesh T,Ahmedabad,Scooter,Full-time,3.64,Y
5502,DP05503,Meena R,Hyderabad,Cycle,Full-time,4.34,Y
5503,DP05504,Divya S,Delhi,Bike,Full-time,4.4,N
5504,DP05505,Ravi F,Hyderabad,Scooter,Part-time,3.93,Y
5505,DP05506,Rakesh G,Kolkata,Cycle,Full-time,4.31,N
5506,DP05507,Suresh T,Chennai,Bike,Full-time,4.24,Y
5507,DP05508,Meena I,Bengaluru,Cycle,Contract,4.2,Y
5508,DP05509,Suresh X,Ahmedabad,Bike,Contract,3.84,Y
5509,DP05510,Ravi P,Bengaluru,Scooter,Full-time,4.46,Y
5510,DP05511,Kiran F,Mumbai,Bike,Contract,4.3,Y
5511,DP05512,Divya K,Delhi,Scooter,Part-time,4.16,Y
5512,DP05513,Kiran N,Mumbai,Bike,Full-time,4.23,N
5513,DP05514,Sneha U,Mumbai,Scooter,Part-time,4.31,N
5514,DP05515,Santosh W,Mumbai,Bike,Contract,4.36,Y
5515,DP05516,Shreya Z,Mumbai,Bike,Contract,4.21,Y
5516,DP05517,Santosh O,Bengaluru,Cycle,Full-time,4.1,Y
5517,DP05518,Neha W,Pune,Bike,Part-time,3.96,N
5518,DP05519,Amit J,Bengaluru,Bike,Full-time,4.52,N
5519,DP05520,Ravi S,Hyderabad,Car,Full-time,4.13,Y
5520,DP05521,Arjun G,Chennai,Scooter,Full-time,4.11,Y
5521,DP05522,Pooja O,Mumbai,Scooter,Contract,4.27,Y
5522,DP05523,Pooja E,Pune,Scooter,Full-time,4.12,Y
5523,DP05524,Ananya W,Chennai,Car,Full-time,4.5,Y
5524,DP05525,Sneha Z,Kolkata,Bike,Full-time,4.11,Y
5525,DP05526,Rakesh Q,Delhi,Bike,Full-time,4.16,Y
5526,DP05527,Divya Y,Mumbai,Bike,Contract,4.94,Y
5527,DP05528,Sneha O,Delhi,Bike,Part-time,3.58,Y
5528,DP05529,Deepak G,Kolkata,Bike,Full-time,3.96,Y
5529,DP05530,Divya I,Chennai,Scooter,Full-time,3.86,Y
5530,DP05531,Ananya C,Bengaluru,Bike,Part-time,4.53,Y
5531,DP05532,Pooja G,Bengaluru,Scooter,Contract,4.29,Y
5532,DP05533,Divya Z,Pune,Bike,Full-time,4.48,Y
5533,DP05534,Pooja G,Mumbai,Scooter,Full-time,3.93,Y
5534,DP05535,Vikas R,Ahmedabad,Bike,Contract,4.34,Y
5535,DP05536,Rahul P,Bengaluru,Scooter,Contract,4.16,Y
5536,DP05537,Neha Q,Bengaluru,Cycle,Full-time,4.03,Y
5537,DP05538,Divya S,Mumbai,Bike,Contract,3.84,Y
5538,DP05539,Rahul T,Bengaluru,Car,Full-time,4.11,Y
5539,DP05540,Santosh V,Bengaluru,Bike,Full-time,4.76,Y
5540,DP05541,Vikas S,Delhi,Cycle,Part-time,3.33,Y
5541,DP05542,Kiran K,Bengaluru,Scooter,Part-time,4.25,Y
5542,DP05543,Kiran S,Chennai,Scooter,Part-time,4.34,Y
5543,DP05544,Arjun P,Pune,Car,Part-time,4.04,Y
5544,DP05545,Suresh Z,Delhi,Bike,Full-time,4.1,Y
5545,DP05546,Amit F,Ahmedabad,Scooter,Full-time,3.5,N
5546,DP05547,Priya T,Delhi,Bike,Full-time,4.36,Y
5547,DP05548,Pooja S,Delhi,Scooter,Part-time,4.16,Y
5548,DP05549,Shreya H,Chennai,Cycle,Full-time,4.21,Y
5549,DP05550,Nikhil X,Hyderabad,Bike,Full-time,4.21,Y
5550,DP05551,Neha V,Bengaluru,Car,Full-time,4.45,Y
5551,DP05552,Rakesh H,Mumbai,Bike,Part-time,4.17,Y
5552,DP05553,Arjun Y,Chennai,Scooter,Part-time,4.13,Y
5553,DP05554,Rahul C,Pune,Scooter,Part-time,4.36,Y
5554,DP05555,Ananya I,Mumbai,Scooter,Full-time,4.07,N
5555,DP05556,Pooja G,Bengaluru,Scooter,Contract,3.54,Y
5556,DP05557,Suresh T,Bengaluru,Bike,Full-time,3.96,Y
5557,DP05558,Kiran S,Hyderabad,Scooter,Full-time,4.31,Y
5558,DP05559,Kiran Q,Hyderabad,Scooter,Part-time,4.85,Y
5559,DP05560,Kiran L,Kolkata,Scooter,Part-time,4.5,N
5560,DP05561,Priya P,Bengaluru,Bike,Full-time,4.27,Y
5561,DP05562,Suresh D,Kolkata,Bike,Full-time,4.17,Y
5562,DP05563,Sneha I,Ahmedabad,Cycle,Full-time,4.05,Y
5563,DP05564,Divya W,Chennai,Bike,Contract,4.45,Y
5564,DP05565,Priya R,Delhi,Bike,Part-time,3.8,Y
5565,DP05566,Amit F,Pune,Cycle,Full-time,4.15,Y
5566,DP05567,Arjun J,Pune,Scooter,Full-time,3.64,Y
5567,DP05568,Manoj O,Chennai,Bike,Full-time,4.22,Y
5568,DP05569,Rakesh K,Delhi,Car,Full-time,4.5,Y
5569,DP05570,Amit M,Chennai,Cycle,Full-time,4.65,Y
5570,DP05571,Kiran X,Bengaluru,Scooter,Full-time,4.24,Y
5571,DP05572,Priya Y,Pune,Scooter,Full-time,4.35,Y
5572,DP05573,Deepak B,Hyderabad,Scooter,Full-time,4.43,N
5573,DP05574,Suresh B,Hyderabad,Scooter,Contract,3.44,Y
5574,DP05575,Meena P,Mumbai,Scooter,Part-time,4.27,Y
5575,DP05576,Vikas B,Pune,Bike,Full-time,4.05,Y
5576,DP05577,Sneha T,Chennai,Bike,Full-time,3.97,Y
5577,DP05578,Shreya A,Delhi,Scooter,Full-time,4.02,Y
5578,DP05579,Meena Q,Ahmedabad,Bike,Full-time,4.47,Y
5579,DP05580,Meena D,Delhi,Scooter,Contract,4.24,N
5580,DP05581,Manoj F,Bengaluru,Bike,Part-time,3.8,Y
5581,DP05582,Rahul R,Delhi,Cycle,Part-time,4.93,Y
5582,DP05583,Kiran A,Delhi,Scooter,Full-time,4.02,Y
5583,DP05584,Meena O,Kolkata,Bike,Full-time,3.89,Y
5584,DP05585,Vikas T,Ahmedabad,Scooter,Full-time,4.39,Y
5585,DP05586,Sneha H,Pune,Bike,Part-time,4.21,N
5586,DP05587,Neha O,Ahmedabad,Cycle,Full-time,4.56,Y
5587,DP05588,Santosh X,Mumbai,Scooter,Full-time,4.1,N
5588,DP05589,Shreya O,Bengaluru,Bike,Full-time,3.85,N
5589,DP05590,Meena D,Mumbai,Cycle,Contract,4.34,N
5590,DP05591,Shreya U,Bengaluru,Scooter,Full-time,3.9,Y
5591,DP05592,Santosh X,Pune,Cycle,Full-time,4.37,Y
5592,DP05593,Shreya T,Bengaluru,Cycle,Part-time,4.01,Y
5593,DP05594,Ananya H,Delhi,Bike,Full-time,3.94,Y
5594,DP05595,Suresh C,Hyderabad,Scooter,Full-time,4.27,Y
5595,DP05596,Nikhil Q,Mumbai,Scooter,Full-time,4.25,Y
5596,DP05597,Nikhil G,Mumbai,Bike,Full-time,3.69,Y
5597,DP05598,Santosh G,Hyderabad,Car,Contract,4.74,Y
5598,DP05599,Meena B,Bengaluru,Bike,Full-time,4.15,Y
5599,DP05600,Santosh Y,Hyderabad,Scooter,Full-time,4.56,Y
5600,DP05601,Ravi P,Mumbai,Cycle,Full-time,4.01,Y
5601,DP05602,Vikas X,Delhi,Scooter,Full-time,4.53,Y
5602,DP05603,Ananya T,Mumbai,Bike,Full-time,4.07,Y
5603,DP05604,Rahul H,Chennai,Bike,Contract,3.94,Y
5604,DP05605,Sneha Z,Delhi,Cycle,Full-time,4.51,N
5605,DP05606,Sneha Z,Kolkata,Scooter,Part-time,4.25,N
5606,DP05607,Sneha A,Bengaluru,Bike,Part-time,4.13,Y
5607,DP05608,Sneha L,Hyderabad,Scooter,Full-time,4.09,Y
5608,DP05609,Kiran X,Kolkata,Car,Full-time,4.06,N
5609,DP05610,Vikas P,Delhi,Cycle,Full-time,3.88,Y
5610,DP05611,Nikhil M,Bengaluru,Scooter,Full-time,4.39,Y
5611,DP05612,Divya P,Ahmedabad,Cycle,Contract,3.82,Y
5612,DP05613,Shreya Z,Mumbai,Scooter,Contract,4.58,Y
5613,DP05614,Santosh Y,Bengaluru,Scooter,Full-time,4.33,Y
5614,DP05615,Manoj P,Mumbai,Bike,Full-time,4.28,Y
5615,DP05616,Arjun W,Mumbai,Bike,Full-time,3.79,Y
5616,DP05617,Rakesh A,Bengaluru,Cycle,Full-time,4.08,N
5617,DP05618,Neha I,Chennai,Bike,Full-time,4.54,Y
5618,DP05619,Santosh P,Hyderabad,Bike,Part-time,3.9,Y
5619,DP05620,Vikas X,Kolkata,Scooter,Full-time,4.02,Y
5620,DP05621,Nikhil A,Bengaluru,Scooter,Contract,4.7,Y
5621,DP05622,Ravi T,Chennai,Scooter,Full-time,4.2,Y
5622,DP05623,Suresh S,Hyderabad,Cycle,Full-time,3.88,Y
5623,DP05624,Ananya E,Kolkata,Bike,Full-time,4.09,Y
5624,DP05625,Pooja Z,Ahmedabad,Bike,Full-time,4.55,Y
5625,DP05626,Priya H,Pune,Bike,Full-time,4.02,Y
5626,DP05627,Priya D,Mumbai,Scooter,Full-time,3.59,Y
5627,DP05628,Sneha Z,Delhi,Scooter,Full-time,4.28,Y
5628,DP05629,Meena L,Chennai,Cycle,Contract,3.95,Y
5629,DP05630,Arjun D,Bengaluru,Scooter,Full-time,3.91,N
5630,DP05631,Neha H,Delhi,Scooter,Contract,3.78,Y
5631,DP05632,Vikas R,Kolkata,Scooter,Full-time,4.25,Y
5632,DP05633,Deepak B,Hyderabad,Cycle,Full-time,4.71,Y
5633,DP05634,Ananya P,Bengaluru,Car,Full-time,3.5,Y
5634,DP05635,Rahul M,Mumbai,Scooter,Full-time,4.26,Y
5635,DP05636,Arjun B,Bengaluru,Bike,Full-time,4.5,Y
5636,DP05637,Ananya J,Bengaluru,Bike,Part-time,3.83,Y
5637,DP05638,Divya U,Bengaluru,Scooter,Full-time,4.0,Y
5638,DP05639,Deepak M,Hyderabad,Scooter,Full-time,3.76,N
5639,DP05640,Suresh B,Mumbai,Scooter,Part-time,4.33,Y
5640,DP05641,Manoj L,Delhi,Scooter,Part-time,4.16,Y
5641,DP05642,Vikas K,Bengaluru,Scooter,Contract,4.3,Y
5642,DP05643,Rahul T,Ahmedabad,Scooter,Contract,4.16,Y
5643,DP05644,Divya Z,Kolkata,Scooter,Full-time,3.95,Y
5644,DP05645,Pooja S,Bengaluru,Scooter,Part-time,4.04,Y
5645,DP05646,Pooja A,Mumbai,Cycle,Full-time,4.86,N
5646,DP05647,Vikas A,Mumbai,Scooter,Full-time,3.71,Y
5647,DP05648,Meena Y,Bengaluru,Cycle,Full-time,4.35,Y
5648,DP05649,Manoj F,Bengaluru,Car,Contract,4.49,Y
5649,DP05650,Shreya M,Bengaluru,Car,Part-time,4.66,Y
5650,DP05651,Vikas Q,Delhi,Scooter,Full-time,4.72,N
5651,DP05652,Vikas Q,Mumbai,Scooter,Contract,4.5,Y
5652,DP05653,Pooja B,Kolkata,Bike,Part-time,4.27,Y
5653,DP05654,Suresh I,Delhi,Scooter,Contract,4.38,Y
5654,DP05655,Kiran L,Ahmedabad,Bike,Full-time,4.11,Y
5655,DP05656,Kiran V,Pune,Cycle,Full-time,4.19,Y
5656,DP05657,Arjun K,Mumbai,Bike,Full-time,3.96,Y
5657,DP05658,Shreya F,Chennai,Bike,Full-time,3.88,Y
5658,DP05659,Meena A,Chennai,Scooter,Full-time,4.34,Y
5659,DP05660,Manoj N,Ahmedabad,Bike,Full-time,4.17,Y
5660,DP05661,Kiran H,Kolkata,Scooter,Part-time,4.17,Y
5661,DP05662,Pooja L,Delhi,Scooter,Part-time,4.12,Y
5662,DP05663,Priya W,Mumbai,Scooter,Contract,4.12,Y
5663,DP05664,Ravi M,Delhi,Scooter,Part-time,3.62,Y
5664,DP05665,Rakesh Z,Bengaluru,Bike,Full-time,4.07,Y
5665,DP05666,Vikas M,Delhi,Cycle,Part-time,3.84,Y
5666,DP05667,Suresh B,Chennai,Scooter,Full-time,4.16,Y
5667,DP05668,Rakesh Z,Bengaluru,Bike,Contract,3.57,Y
5668,DP05669,Santosh Z,Delhi,Cycle,Contract,4.65,Y
5669,DP05670,Neha F,Chennai,Scooter,Full-time,4.16,Y
5670,DP05671,Ravi M,Bengaluru,Bike,Contract,3.94,Y
5671,DP05672,Neha N,Mumbai,Cycle,Contract,4.13,Y
5672,DP05673,Meena Y,Bengaluru,Bike,Full-time,4.23,Y
5673,DP05674,Vikas W,Kolkata,Scooter,Part-time,4.38,Y
5674,DP05675,Pooja I,Bengaluru,Cycle,Full-time,4.34,Y
5675,DP05676,Divya T,Hyderabad,Scooter,Full-time,3.98,Y
5676,DP05677,Santosh L,Bengaluru,Bike,Full-time,4.16,Y
5677,DP05678,Ananya T,Delhi,Cycle,Full-time,3.83,Y
5678,DP05679,Rahul C,Pune,Scooter,Full-time,4.85,Y
5679,DP05680,Rakesh U,Bengaluru,Car,Full-time,3.97,Y
5680,DP05681,Neha K,Bengaluru,Bike,Part-time,3.63,Y
5681,DP05682,Ananya V,Bengaluru,Cycle,Full-time,3.88,Y
5682,DP05683,Deepak Z,Kolkata,Scooter,Part-time,4.3,Y
5683,DP05684,Neha J,Pune,Bike,Full-time,3.72,N
5684,DP05685,Santosh T,Hyderabad,Scooter,Contract,3.85,Y
5685,DP05686,Deepak S,Bengaluru,Cycle,Contract,4.26,Y
5686,DP05687,Amit H,Delhi,Scooter,Contract,4.52,Y
5687,DP05688,Pooja H,Bengaluru,Bike,Part-time,3.79,Y
5688,DP05689,Neha H,Ahmedabad,Bike,Full-time,4.33,Y
5689,DP05690,Priya A,Bengaluru,Bike,Part-time,4.07,N
5690,DP05691,Santosh T,Mumbai,Scooter,Full-time,4.28,Y
5691,DP05692,Pooja K,Hyderabad,Scooter,Full-time,4.55,Y
5692,DP05693,Ravi A,Bengaluru,Cycle,Part-time,3.94,N
5693,DP05694,Deepak O,Delhi,Bike,Contract,4.27,Y
5694,DP05695,Sneha J,Ahmedabad,Scooter,Part-time,4.17,Y
5695,DP05696,Meena P,Delhi,Scooter,Full-time,4.09,Y
5696,DP05697,Rakesh S,Chennai,Scooter,Full-time,3.88,Y
5697,DP05698,Ananya Q,Ahmedabad,Bike,Full-time,4.25,Y
5698,DP05699,Nikhil X,Mumbai,Scooter,Part-time,4.22,Y
5699,DP05700,Amit N,Delhi,Scooter,Part-time,4.09,Y
5700,DP05701,Meena N,Bengaluru,Scooter,Part-time,4.18,Y
5701,DP05702,Vikas Y,Ahmedabad,Bike,Full-time,4.43,Y
5702,DP05703,Suresh H,Pune,Bike,Part-time,4.14,Y
5703,DP05704,Rahul F,Chennai,Scooter,Full-time,4.39,Y
5704,DP05705,Shreya P,Delhi,Scooter,Part-time,4.58,Y
5705,DP05706,Deepak Q,Kolkata,Scooter,Contract,3.83,Y
5706,DP05707,Divya I,Kolkata,Scooter,Part-time,4.58,Y
5707,DP05708,Shreya Z,Bengaluru,Bike,Full-time,3.94,Y
5708,DP05709,Rahul J,Bengaluru,Bike,Contract,4.59,Y
5709,DP05710,Deepak B,Delhi,Bike,Part-time,4.16,Y
5710,DP05711,Vikas J,Mumbai,Cycle,Full-time,4.59,Y
5711,DP05712,Amit E,Bengaluru,Bike,Full-time,3.92,Y
5712,DP05713,Deepak J,Ahmedabad,Cycle,Contract,4.45,Y
5713,DP05714,Shreya Y,Chennai,Scooter,Full-time,4.5,N
5714,DP05715,Neha T,Chennai,Bike,Contract,3.76,Y
5715,DP05716,Arjun V,Pune,Scooter,Contract,3.96,Y
5716,DP05717,Divya I,Bengaluru,Scooter,Full-time,4.35,Y
5717,DP05718,Manoj C,Bengaluru,Bike,Part-time,4.24,Y
5718,DP05719,Ravi X,Mumbai,Scooter,Full-time,4.61,Y
5719,DP05720,Deepak B,Kolkata,Cycle,Part-time,4.11,Y
5720,DP05721,Amit H,Delhi,Scooter,Contract,3.61,Y
5721,DP05722,Rahul Z,Ahmedabad,Bike,Part-time,4.66,Y
5722,DP05723,Kiran D,Pune,Scooter,Full-time,4.02,Y
5723,DP05724,Rahul R,Chennai,Scooter,Part-time,4.13,Y
5724,DP05725,Neha M,Kolkata,Bike,Part-time,4.54,Y
5725,DP05726,Sneha Z,Pune,Scooter,Full-time,4.07,Y
5726,DP05727,Priya W,Mumbai,Scooter,Contract,4.15,Y
5727,DP05728,Priya U,Bengaluru,Scooter,Full-time,4.24,Y
5728,DP05729,Divya T,Kolkata,Cycle,Contract,4.16,Y
5729,DP05730,Nikhil H,Chennai,Car,Full-time,4.32,Y
5730,DP05731,Divya W,Bengaluru,Scooter,Part-time,4.38,Y
5731,DP05732,Suresh B,Hyderabad,Scooter,Contract,4.55,Y
5732,DP05733,Divya B,Bengaluru,Bike,Full-time,3.9,Y
5733,DP05734,Manoj C,Bengaluru,Bike,Part-time,3.54,Y
5734,DP05735,Neha J,Ahmedabad,Bike,Part-time,4.05,Y
5735,DP05736,Arjun J,Ahmedabad,Bike,Full-time,4.62,Y
5736,DP05737,Ravi D,Chennai,Scooter,Full-time,3.59,Y
5737,DP05738,Deepak E,Bengaluru,Cycle,Contract,3.91,N
5738,DP05739,Pooja B,Delhi,Scooter,Full-time,4.34,Y
5739,DP05740,Rakesh Y,Mumbai,Scooter,Full-time,4.16,Y
5740,DP05741,Rahul A,Bengaluru,Cycle,Full-time,4.51,Y
5741,DP05742,Arjun F,Hyderabad,Cycle,Contract,4.15,N
5742,DP05743,Manoj R,Bengaluru,Bike,Contract,4.41,Y
5743,DP05744,Shreya E,Bengaluru,Bike,Part-time,3.93,Y
5744,DP05745,Arjun J,Chennai,Scooter,Contract,4.27,Y
5745,DP05746,Priya N,Delhi,Scooter,Full-time,4.52,Y
5746,DP05747,Vikas G,Mumbai,Scooter,Full-time,4.65,Y
5747,DP05748,Ravi T,Mumbai,Scooter,Part-time,4.42,Y
5748,DP05749,Santosh W,Delhi,Cycle,Contract,4.85,Y
5749,DP05750,Manoj F,Mumbai,Bike,Contract,4.0,Y
5750,DP05751,Vikas J,Hyderabad,Scooter,Full-time,4.34,Y
5751,DP05752,Kiran T,Chennai,Scooter,Contract,4.33,Y
5752,DP05753,Amit H,Bengaluru,Cycle,Full-time,4.36,Y
5753,DP05754,Amit O,Pune,Car,Contract,4.05,Y
5754,DP05755,Neha X,Mumbai,Bike,Part-time,4.4,Y
5755,DP05756,Arjun V,Pune,Scooter,Full-time,3.64,Y
5756,DP05757,Nikhil N,Ahmedabad,Scooter,Full-time,3.87,Y
5757,DP05758,Priya X,Chennai,Bike,Contract,4.57,Y
5758,DP05759,Manoj G,Bengaluru,Bike,Full-time,4.02,Y
5759,DP05760,Ravi N,Hyderabad,Bike,Full-time,4.6,Y
5760,DP05761,Shreya D,Hyderabad,Cycle,Full-time,4.35,Y
5761,DP05762,Nikhil S,Ahmedabad,Scooter,Contract,4.5,Y
5762,DP05763,Ravi O,Chennai,Cycle,Contract,4.78,Y
5763,DP05764,Rakesh X,Kolkata,Bike,Full-time,4.13,Y
5764,DP05765,Pooja C,Mumbai,Scooter,Part-time,4.02,Y
5765,DP05766,Vikas B,Mumbai,Bike,Full-time,3.61,Y
5766,DP05767,Ananya Y,Delhi,Cycle,Full-time,3.83,Y
5767,DP05768,Divya N,Bengaluru,Bike,Full-time,3.32,Y
5768,DP05769,Shreya V,Hyderabad,Cycle,Contract,4.63,Y
5769,DP05770,Amit W,Hyderabad,Bike,Full-time,4.46,N
5770,DP05771,Nikhil L,Bengaluru,Scooter,Full-time,4.15,Y
5771,DP05772,Nikhil Q,Pune,Bike,Contract,5.0,Y
5772,DP05773,Vikas N,Ahmedabad,Bike,Part-time,4.37,Y
5773,DP05774,Santosh S,Pune,Bike,Full-time,4.78,Y
5774,DP05775,Manoj P,Delhi,Bike,Part-time,3.61,Y
5775,DP05776,Manoj L,Ahmedabad,Bike,Part-time,3.64,Y
5776,DP05777,Shreya S,Hyderabad,Scooter,Part-time,4.24,Y
5777,DP05778,Deepak D,Bengaluru,Bike,Full-time,4.19,Y
5778,DP05779,Kiran H,Pune,Scooter,Contract,3.68,N
5779,DP05780,Nikhil O,Delhi,Cycle,Part-time,3.87,Y
5780,DP05781,Shreya E,Bengaluru,Bike,Full-time,4.56,Y
5781,DP05782,Manoj Q,Chennai,Bike,Contract,3.66,Y
5782,DP05783,Pooja L,Bengaluru,Bike,Contract,4.41,Y
5783,DP05784,Divya Z,Delhi,Scooter,Part-time,3.81,Y
5784,DP05785,Rahul Y,Hyderabad,Cycle,Contract,4.7,Y
5785,DP05786,Sneha Y,Hyderabad,Cycle,Full-time,3.85,Y
5786,DP05787,Ananya N,Hyderabad,Bike,Full-time,4.31,Y
5787,DP05788,Arjun M,Chennai,Bike,Full-time,3.98,Y
5788,DP05789,Shreya H,Bengaluru,Scooter,Part-time,3.99,Y
5789,DP05790,Nikhil O,Delhi,Scooter,Contract,4.44,Y
5790,DP05791,Kiran Q,Chennai,Scooter,Full-time,4.41,Y
5791,DP05792,Deepak M,Bengaluru,Scooter,Full-time,4.35,Y
5792,DP05793,Divya M,Mumbai,Bike,Full-time,3.88,Y
5793,DP05794,Manoj N,Delhi,Scooter,Contract,4.8,N
5794,DP05795,Amit B,Bengaluru,Scooter,Full-time,4.27,Y
5795,DP05796,Vikas J,Pune,Scooter,Full-time,3.83,Y
5796,DP05797,Pooja N,Bengaluru,Bike,Full-time,4.18,Y
5797,DP05798,Neha X,Delhi,Bike,Full-time,4.39,N
5798,DP05799,Divya Z,Mumbai,Scooter,Part-time,4.46,Y
5799,DP05800,Ananya U,Bengaluru,Scooter,Full-time,3.8,Y
5800,DP05801,Ravi Z,Kolkata,Cycle,Full-time,3.9,N
5801,DP05802,Arjun D,Hyderabad,Cycle,Full-time,4.26,Y
5802,DP05803,Vikas W,Kolkata,Scooter,Part-time,4.12,N
5803,DP05804,Shreya W,Kolkata,Bike,Part-time,4.13,N
5804,DP05805,Deepak Q,Kolkata,Scooter,Contract,4.25,Y
5805,DP05806,Rahul B,Chennai,Bike,Full-time,4.04,Y
5806,DP05807,Rakesh I,Hyderabad,Scooter,Part-time,3.98,Y
5807,DP05808,Kiran D,Chennai,Bike,Full-time,4.56,N
5808,DP05809,Amit P,Delhi,Bike,Full-time,4.16,N
5809,DP05810,Deepak B,Bengaluru,Scooter,Part-time,4.36,Y
5810,DP05811,Santosh B,Bengaluru,Scooter,Contract,4.67,Y
5811,DP05812,Santosh P,Kolkata,Scooter,Full-time,4.48,Y
5812,DP05813,Arjun F,Mumbai,Scooter,Contract,3.91,Y
5813,DP05814,Manoj U,Pune,Scooter,Part-time,3.81,N
5814,DP05815,Rahul F,Chennai,Scooter,Full-time,4.5,Y
5815,DP05816,Meena N,Delhi,Bike,Full-time,4.09,Y
5816,DP05817,Santosh X,Delhi,Scooter,Contract,4.4,Y
5817,DP05818,Rahul U,Chennai,Cycle,Full-time,3.65,Y
5818,DP05819,Ravi A,Pune,Bike,Part-time,4.07,Y
5819,DP05820,Manoj O,Bengaluru,Cycle,Full-time,3.99,N
5820,DP05821,Priya Y,Bengaluru,Bike,Part-time,4.22,Y
5821,DP05822,Ananya H,Mumbai,Bike,Full-time,4.0,Y
5822,DP05823,Nikhil P,Mumbai,Scooter,Part-time,4.37,N
5823,DP05824,Shreya A,Hyderabad,Bike,Part-time,3.8,Y
5824,DP05825,Divya K,Delhi,Bike,Full-time,4.87,N
5825,DP05826,Rakesh N,Bengaluru,Cycle,Full-time,4.33,Y
5826,DP05827,Amit R,Kolkata,Bike,Part-time,4.1,Y
5827,DP05828,Shreya W,Mumbai,Car,Part-time,3.43,Y
5828,DP05829,Priya K,Bengaluru,Scooter,Full-time,4.57,Y
5829,DP05830,Sneha G,Delhi,Bike,Full-time,4.5,Y
5830,DP05831,Suresh F,Ahmedabad,Cycle,Full-time,4.13,Y
5831,DP05832,Deepak G,Delhi,Scooter,Contract,3.71,Y
5832,DP05833,Sneha G,Delhi,Cycle,Full-time,4.36,N
5833,DP05834,Priya H,Mumbai,Bike,Full-time,4.45,Y
5834,DP05835,Nikhil Y,Bengaluru,Bike,Contract,4.65,N
5835,DP05836,Manoj L,Delhi,Bike,Full-time,4.23,Y
5836,DP05837,Shreya S,Kolkata,Scooter,Part-time,4.34,Y
5837,DP05838,Santosh L,Bengaluru,Scooter,Full-time,4.34,Y
5838,DP05839,Deepak U,Bengaluru,Scooter,Part-time,4.68,Y
5839,DP05840,Ravi B,Mumbai,Scooter,Part-time,4.36,Y
5840,DP05841,Suresh U,Bengaluru,Scooter,Part-time,4.43,Y
5841,DP05842,Vikas P,Kolkata,Scooter,Full-time,3.87,Y
5842,DP05843,Deepak A,Chennai,Scooter,Contract,4.13,Y
5843,DP05844,Rahul P,Delhi,Bike,Full-time,4.6,Y
5844,DP05845,Pooja P,Bengaluru,Bike,Full-time,4.07,Y
5845,DP05846,Rahul U,Delhi,Bike,Part-time,3.99,N
5846,DP05847,Suresh H,Kolkata,Bike,Full-time,4.61,Y
5847,DP05848,Vikas B,Delhi,Scooter,Full-time,4.03,Y
5848,DP05849,Santosh L,Bengaluru,Scooter,Full-time,4.23,Y
5849,DP05850,Nikhil S,Delhi,Scooter,Part-time,3.8,Y
5850,DP05851,Neha V,Ahmedabad,Scooter,Part-time,4.23,Y
5851,DP05852,Manoj B,Bengaluru,Scooter,Contract,4.75,N
5852,DP05853,Ravi V,Hyderabad,Cycle,Full-time,4.4,Y
5853,DP05854,Nikhil Y,Ahmedabad,Scooter,Full-time,4.29,Y
5854,DP05855,Amit V,Bengaluru,Scooter,Full-time,4.18,Y
5855,DP05856,Neha B,Bengaluru,Scooter,Full-time,4.2,Y
5856,DP05857,Divya Z,Bengaluru,Scooter,Full-time,4.42,Y
5857,DP05858,Rahul A,Bengaluru,Scooter,Full-time,4.59,Y
5858,DP05859,Shreya Y,Ahmedabad,Bike,Full-time,4.31,Y
5859,DP05860,Suresh Z,Hyderabad,Car,Part-time,4.42,Y
5860,DP05861,Sneha F,Bengaluru,Bike,Part-time,3.83,N
5861,DP05862,Pooja D,Bengaluru,Bike,Full-time,4.29,Y
5862,DP05863,Deepak V,Bengaluru,Bike,Part-time,4.44,Y
5863,DP05864,Meena J,Delhi,Scooter,Contract,4.38,Y
5864,DP05865,Meena N,Bengaluru,Car,Contract,3.68,Y
5865,DP05866,Deepak Q,Mumbai,Bike,Full-time,4.26,Y
5866,DP05867,Rahul L,Chennai,Cycle,Full-time,4.0,Y
5867,DP05868,Manoj W,Pune,Bike,Part-time,4.35,N
5868,DP05869,Pooja I,Bengaluru,Bike,Full-time,4.04,Y
5869,DP05870,Rahul E,Mumbai,Cycle,Full-time,4.23,Y
5870,DP05871,Arjun D,Bengaluru,Bike,Part-time,4.17,N
5871,DP05872,Ravi I,Delhi,Scooter,Full-time,4.3,Y
5872,DP05873,Divya P,Hyderabad,Bike,Full-time,4.27,Y
5873,DP05874,Kiran I,Pune,Scooter,Contract,4.26,N
5874,DP05875,Ananya D,Delhi,Bike,Full-time,4.27,N
5875,DP05876,Rakesh Q,Pune,Scooter,Full-time,4.63,Y
5876,DP05877,Pooja U,Chennai,Bike,Part-time,4.24,Y
5877,DP05878,Sneha R,Mumbai,Scooter,Part-time,3.32,Y
5878,DP05879,Sneha K,Ahmedabad,Bike,Full-time,4.36,Y
5879,DP05880,Vikas C,Mumbai,Scooter,Full-time,3.88,Y
5880,DP05881,Divya A,Delhi,Cycle,Full-time,4.28,Y
5881,DP05882,Neha W,Bengaluru,Scooter,Full-time,4.43,Y
5882,DP05883,Nikhil W,Bengaluru,Car,Full-time,4.08,Y
5883,DP05884,Priya Q,Bengaluru,Scooter,Full-time,4.38,Y
5884,DP05885,Arjun Z,Kolkata,Scooter,Contract,4.05,N
5885,DP05886,Vikas I,Mumbai,Bike,Full-time,4.49,Y
5886,DP05887,Vikas Y,Hyderabad,Bike,Contract,4.35,Y
5887,DP05888,Arjun I,Hyderabad,Bike,Full-time,4.66,N
5888,DP05889,Vikas H,Kolkata,Cycle,Part-time,4.16,N
5889,DP05890,Priya U,Mumbai,Cycle,Full-time,3.95,Y
5890,DP05891,Priya R,Hyderabad,Cycle,Part-time,4.0,Y
5891,DP05892,Kiran R,Mumbai,Bike,Full-time,4.6,Y
5892,DP05893,Meena K,Delhi,Bike,Full-time,3.98,Y
5893,DP05894,Deepak M,Kolkata,Cycle,Part-time,4.58,Y
5894,DP05895,Kiran N,Kolkata,Scooter,Contract,4.3,Y
5895,DP05896,Ananya F,Pune,Scooter,Contract,4.25,Y
5896,DP05897,Kiran X,Chennai,Cycle,Part-time,4.38,Y
5897,DP05898,Meena Z,Ahmedabad,Scooter,Full-time,4.24,Y
5898,DP05899,Rahul S,Ahmedabad,Scooter,Full-time,4.61,Y
5899,DP05900,Kiran P,Mumbai,Bike,Full-time,4.44,N
5900,DP05901,Vikas D,Mumbai,Scooter,Full-time,4.66,Y
5901,DP05902,Sneha Q,Ahmedabad,Cycle,Full-time,4.44,N
5902,DP05903,Vikas R,Mumbai,Bike,Full-time,4.02,Y
5903,DP05904,Rakesh H,Bengaluru,Scooter,Full-time,4.05,Y
5904,DP05905,Vikas C,Bengaluru,Scooter,Full-time,4.01,Y
5905,DP05906,Amit U,Mumbai,Bike,Full-time,3.43,Y
5906,DP05907,Nikhil Q,Chennai,Scooter,Full-time,4.06,Y
5907,DP05908,Sneha D,Bengaluru,Scooter,Full-time,3.85,Y
5908,DP05909,Divya Y,Ahmedabad,Scooter,Full-time,4.62,Y
5909,DP05910,Nikhil Q,Hyderabad,Bike,Full-time,4.39,Y
5910,DP05911,Santosh D,Bengaluru,Bike,Full-time,4.01,Y
5911,DP05912,Rahul C,Bengaluru,Bike,Full-time,3.97,Y
5912,DP05913,Santosh R,Kolkata,Bike,Part-time,3.95,Y
5913,DP05914,Nikhil M,Hyderabad,Scooter,Contract,4.55,Y
5914,DP05915,Suresh W,Ahmedabad,Scooter,Full-time,4.38,Y
5915,DP05916,Deepak T,Bengaluru,Scooter,Full-time,4.52,Y
5916,DP05917,Ravi K,Ahmedabad,Bike,Contract,4.46,Y
5917,DP05918,Vikas E,Mumbai,Cycle,Contract,4.19,Y
5918,DP05919,Neha B,Bengaluru,Bike,Part-time,4.02,Y
5919,DP05920,Ravi F,Chennai,Cycle,Part-time,4.39,Y
5920,DP05921,Sneha X,Pune,Scooter,Part-time,4.58,N
5921,DP05922,Ravi O,Delhi,Bike,Full-time,4.13,Y
5922,DP05923,Vikas C,Hyderabad,Bike,Full-time,4.43,Y
5923,DP05924,Rakesh G,Mumbai,Scooter,Part-time,4.71,N
5924,DP05925,Priya V,Mumbai,Scooter,Full-time,4.37,Y
5925,DP05926,Sneha N,Bengaluru,Scooter,Full-time,3.84,Y
5926,DP05927,Pooja E,Bengaluru,Scooter,Contract,4.07,Y
5927,DP05928,Rakesh A,Pune,Bike,Full-time,3.74,Y
5928,DP05929,Rakesh C,Mumbai,Cycle,Contract,4.28,Y
5929,DP05930,Rahul B,Bengaluru,Bike,Part-time,4.1,Y
5930,DP05931,Rahul H,Bengaluru,Scooter,Part-time,4.08,Y
5931,DP05932,Meena S,Mumbai,Bike,Full-time,3.63,Y
5932,DP05933,Pooja K,Bengaluru,Scooter,Full-time,3.66,Y
5933,DP05934,Vikas B,Delhi,Car,Full-time,3.84,Y
5934,DP05935,Santosh T,Kolkata,Bike,Full-time,4.05,Y
5935,DP05936,Amit P,Kolkata,Bike,Full-time,3.98,N
5936,DP05937,Pooja F,Delhi,Car,Part-time,4.68,Y
5937,DP05938,Rakesh F,Ahmedabad,Scooter,Part-time,4.05,Y
5938,DP05939,Priya M,Delhi,Cycle,Full-time,3.96,Y
5939,DP05940,Meena Y,Pune,Bike,Full-time,3.75,Y
5940,DP05941,Vikas F,Delhi,Scooter,Part-time,4.11,Y
5941,DP05942,Priya H,Kolkata,Bike,Full-time,4.44,Y
5942,DP05943,Vikas U,Pune,Bike,Full-time,4.42,N
5943,DP05944,Manoj S,Bengaluru,Bike,Part-time,4.73,Y
5944,DP05945,Manoj H,Mumbai,Scooter,Part-time,4.03,Y
5945,DP05946,Kiran C,Bengaluru,Bike,Part-time,4.49,Y
5946,DP05947,Sneha F,Ahmedabad,Bike,Contract,3.85,N
5947,DP05948,Neha G,Bengaluru,Bike,Contract,4.06,Y
5948,DP05949,Sneha V,Hyderabad,Scooter,Full-time,4.05,Y
5949,DP05950,Amit X,Bengaluru,Cycle,Full-time,4.83,Y
5950,DP05951,Divya P,Hyderabad,Scooter,Part-time,3.44,Y
5951,DP05952,Deepak X,Ahmedabad,Scooter,Full-time,4.47,N
5952,DP05953,Divya P,Chennai,Scooter,Contract,4.06,Y
5953,DP05954,Suresh I,Pune,Cycle,Contract,3.73,N
5954,DP05955,Meena Z,Delhi,Bike,Part-time,4.09,Y
5955,DP05956,Nikhil H,Pune,Scooter,Part-time,4.06,N
5956,DP05957,Shreya J,Bengaluru,Scooter,Part-time,3.89,Y
5957,DP05958,Nikhil B,Bengaluru,Bike,Full-time,4.21,Y
5958,DP05959,Divya S,Bengaluru,Car,Contract,4.0,Y
5959,DP05960,Neha K,Bengaluru,Cycle,Contract,4.01,Y
5960,DP05961,Pooja H,Mumbai,Bike,Contract,4.54,Y
5961,DP05962,Divya P,Bengaluru,Scooter,Part-time,4.37,Y
5962,DP05963,Neha X,Bengaluru,Car,Full-time,3.99,Y
5963,DP05964,Divya J,Delhi,Scooter,Contract,4.3,Y
5964,DP05965,Nikhil D,Bengaluru,Car,Part-time,4.37,Y
5965,DP05966,Vikas Q,Mumbai,Scooter,Full-time,4.31,N
5966,DP05967,Suresh Q,Bengaluru,Scooter,Full-time,3.54,Y
5967,DP05968,Suresh E,Chennai,Scooter,Part-time,4.4,Y
5968,DP05969,Santosh V,Delhi,Scooter,Full-time,4.92,Y
5969,DP05970,Manoj Z,Bengaluru,Scooter,Full-time,4.85,Y
5970,DP05971,Sneha F,Pune,Scooter,Full-time,3.88,Y
5971,DP05972,Ravi Z,Mumbai,Bike,Full-time,4.5,Y
5972,DP05973,Meena L,Bengaluru,Bike,Part-time,4.47,Y
5973,DP05974,Arjun U,Mumbai,Car,Part-time,4.77,Y
5974,DP05975,Rahul Y,Pune,Cycle,Full-time,4.17,Y
5975,DP05976,Vikas P,Delhi,Scooter,Part-time,4.37,Y
5976,DP05977,Sneha G,Bengaluru,Bike,Contract,4.39,Y
5977,DP05978,Suresh P,Chennai,Scooter,Full-time,4.43,Y
5978,DP05979,Priya P,Chennai,Bike,Part-time,4.16,Y
5979,DP05980,Ravi L,Ahmedabad,Scooter,Part-time,4.39,Y
5980,DP05981,Priya S,Bengaluru,Bike,Part-time,4.34,Y
5981,DP05982,Kiran Q,Hyderabad,Scooter,Full-time,4.39,Y
5982,DP05983,Rakesh R,Bengaluru,Cycle,Full-time,4.78,Y
5983,DP05984,Suresh M,Mumbai,Scooter,Full-time,3.95,Y
5984,DP05985,Sneha I,Bengaluru,Scooter,Full-time,4.27,Y
5985,DP05986,Ananya G,Kolkata,Bike,Part-time,4.14,Y
5986,DP05987,Suresh W,Chennai,Car,Contract,4.65,Y
5987,DP05988,Shreya M,Chennai,Bike,Full-time,4.3,Y
5988,DP05989,Kiran U,Hyderabad,Cycle,Full-time,4.52,Y
5989,DP05990,Rahul I,Delhi,Cycle,Full-time,4.31,Y
5990,DP05991,Suresh F,Bengaluru,Scooter,Full-time,4.51,Y
5991,DP05992,Ananya Q,Bengaluru,Bike,Full-time,4.29,Y
5992,DP05993,Suresh F,Delhi,Scooter,Contract,4.06,Y
5993,DP05994,Nikhil T,Bengaluru,Cycle,Part-time,4.18,Y
5994,DP05995,Arjun N,Bengaluru,Scooter,Full-time,4.69,Y
5995,DP05996,Kiran E,Pune,Cycle,Full-time,3.51,N
5996,DP05997,Shreya H,Bengaluru,Bike,Full-time,3.86,Y
5997,DP05998,Amit Q,Chennai,Scooter,Full-time,4.31,Y
5998,DP05999,Amit C,Pune,Scooter,Part-time,3.75,Y
5999,DP06000,Deepak R,Ahmedabad,Cycle,Contract,3.91,Y
6000,DP06001,Deepak F,Delhi,Cycle,Full-time,3.81,Y
6001,DP06002,Santosh Y,Hyderabad,Bike,Full-time,4.59,Y
6002,DP06003,Deepak F,Delhi,Car,Contract,3.97,Y
6003,DP06004,Rakesh W,Pune,Cycle,Full-time,4.45,Y
6004,DP06005,Neha F,Mumbai,Bike,Full-time,3.69,N
6005,DP06006,Kiran P,Mumbai,Scooter,Part-time,3.99,N
6006,DP06007,Kiran M,Bengaluru,Scooter,Full-time,4.15,N
6007,DP06008,Rakesh Z,Bengaluru,Bike,Full-time,4.41,Y
6008,DP06009,Arjun M,Kolkata,Scooter,Part-time,4.27,Y
6009,DP06010,Santosh T,Kolkata,Scooter,Part-time,4.68,Y
6010,DP06011,Nikhil R,Chennai,Cycle,Part-time,4.68,Y
6011,DP06012,Ananya K,Delhi,Bike,Part-time,4.15,Y
6012,DP06013,Neha M,Bengaluru,Bike,Full-time,4.68,Y
6013,DP06014,Priya X,Mumbai,Scooter,Part-time,4.03,Y
6014,DP06015,Deepak E,Pune,Bike,Full-time,4.07,Y
6015,DP06016,Neha N,Mumbai,Cycle,Full-time,3.91,Y
6016,DP06017,Rakesh W,Mumbai,Scooter,Part-time,4.25,Y
6017,DP06018,Deepak H,Chennai,Car,Full-time,3.88,Y
6018,DP06019,Ananya U,Chennai,Cycle,Part-time,3.65,N
6019,DP06020,Amit N,Delhi,Bike,Full-time,3.95,Y
6020,DP06021,Meena J,Chennai,Scooter,Full-time,4.33,Y
6021,DP06022,Meena H,Chennai,Scooter,Part-time,3.8,Y
6022,DP06023,Vikas B,Bengaluru,Scooter,Full-time,3.84,Y
6023,DP06024,Priya R,Kolkata,Bike,Full-time,4.22,Y
6024,DP06025,Divya I,Bengaluru,Cycle,Part-time,4.11,Y
6025,DP06026,Santosh D,Pune,Scooter,Contract,3.9,Y
6026,DP06027,Priya J,Bengaluru,Scooter,Full-time,3.66,Y
6027,DP06028,Meena I,Ahmedabad,Bike,Part-time,4.63,Y
6028,DP06029,Arjun O,Ahmedabad,Bike,Full-time,4.41,Y
6029,DP06030,Rahul F,Delhi,Scooter,Full-time,3.97,N
6030,DP06031,Rakesh B,Chennai,Car,Full-time,4.4,Y
6031,DP06032,Deepak D,Hyderabad,Cycle,Full-time,4.24,Y
6032,DP06033,Neha J,Mumbai,Scooter,Full-time,4.01,Y
6033,DP06034,Santosh G,Delhi,Scooter,Contract,3.98,N
6034,DP06035,Suresh N,Chennai,Cycle,Full-time,4.06,Y
6035,DP06036,Rakesh P,Pune,Bike,Full-time,4.2,Y
6036,DP06037,Nikhil O,Delhi,Bike,Part-time,3.86,Y
6037,DP06038,Divya M,Mumbai,Bike,Full-time,3.83,Y
6038,DP06039,Meena I,Delhi,Scooter,Part-time,3.51,Y
6039,DP06040,Ravi P,Bengaluru,Scooter,Contract,4.42,Y
6040,DP06041,Manoj Q,Hyderabad,Cycle,Full-time,4.29,Y
6041,DP06042,Neha L,Mumbai,Scooter,Part-time,4.55,Y
6042,DP06043,Kiran U,Bengaluru,Scooter,Contract,3.89,N
6043,DP06044,Sneha B,Pune,Bike,Contract,4.03,Y
6044,DP06045,Ravi J,Delhi,Scooter,Contract,4.2,Y
6045,DP06046,Suresh U,Bengaluru,Scooter,Full-time,4.08,Y
6046,DP06047,Ananya H,Kolkata,Scooter,Full-time,4.34,Y
6047,DP06048,Nikhil B,Bengaluru,Cycle,Full-time,4.17,Y
6048,DP06049,Deepak J,Hyderabad,Bike,Contract,3.96,N
6049,DP06050,Arjun C,Mumbai,Bike,Contract,4.28,Y
6050,DP06051,Pooja J,Kolkata,Scooter,Full-time,4.41,Y
6051,DP06052,Pooja R,Chennai,Car,Contract,4.58,Y
6052,DP06053,Rahul S,Pune,Bike,Full-time,4.02,Y
6053,DP06054,Priya Y,Pune,Cycle,Full-time,4.38,Y
6054,DP06055,Sneha M,Hyderabad,Scooter,Part-time,4.46,Y
6055,DP06056,Deepak T,Pune,Bike,Contract,3.96,Y
6056,DP06057,Priya E,Hyderabad,Bike,Full-time,4.4,N
6057,DP06058,Shreya R,Bengaluru,Scooter,Part-time,3.97,Y
6058,DP06059,Nikhil E,Ahmedabad,Scooter,Part-time,3.92,Y
6059,DP06060,Ravi V,Ahmedabad,Scooter,Full-time,4.61,Y
6060,DP06061,Suresh B,Chennai,Bike,Full-time,4.31,Y
6061,DP06062,Meena P,Ahmedabad,Cycle,Part-time,3.61,Y
6062,DP06063,Divya F,Pune,Scooter,Part-time,3.87,Y
6063,DP06064,Vikas L,Bengaluru,Cycle,Contract,3.96,Y
6064,DP06065,Nikhil Q,Ahmedabad,Bike,Full-time,4.48,Y
6065,DP06066,Shreya X,Ahmedabad,Scooter,Part-time,4.37,Y
6066,DP06067,Meena S,Mumbai,Cycle,Part-time,4.29,Y
6067,DP06068,Amit M,Mumbai,Bike,Part-time,3.98,N
6068,DP06069,Pooja C,Bengaluru,Scooter,Contract,4.74,Y
6069,DP06070,Kiran R,Mumbai,Bike,Full-time,3.87,Y
6070,DP06071,Sneha C,Hyderabad,Bike,Contract,4.1,N
6071,DP06072,Arjun N,Bengaluru,Scooter,Full-time,4.23,Y
6072,DP06073,Vikas J,Mumbai,Cycle,Contract,4.25,Y
6073,DP06074,Meena Z,Ahmedabad,Scooter,Contract,4.2,N
6074,DP06075,Nikhil T,Hyderabad,Bike,Contract,4.12,Y
6075,DP06076,Ananya W,Pune,Scooter,Full-time,3.87,Y
6076,DP06077,Vikas V,Bengaluru,Bike,Full-time,4.2,Y
6077,DP06078,Kiran K,Mumbai,Bike,Contract,4.09,Y
6078,DP06079,Divya D,Bengaluru,Scooter,Full-time,4.01,Y
6079,DP06080,Vikas M,Delhi,Scooter,Full-time,4.66,Y
6080,DP06081,Nikhil I,Bengaluru,Scooter,Part-time,3.77,N
6081,DP06082,Suresh Q,Mumbai,Cycle,Full-time,4.35,N
6082,DP06083,Amit Q,Kolkata,Bike,Contract,4.01,Y
6083,DP06084,Sneha V,Kolkata,Scooter,Full-time,4.32,Y
6084,DP06085,Sneha L,Chennai,Scooter,Full-time,4.39,Y
6085,DP06086,Suresh Y,Bengaluru,Scooter,Full-time,4.34,Y
6086,DP06087,Shreya K,Chennai,Scooter,Full-time,3.85,Y
6087,DP06088,Manoj G,Bengaluru,Bike,Full-time,4.47,Y
6088,DP06089,Rahul W,Delhi,Bike,Part-time,3.98,Y
6089,DP06090,Deepak E,Chennai,Scooter,Part-time,4.22,Y
6090,DP06091,Pooja W,Hyderabad,Scooter,Part-time,3.78,N
6091,DP06092,Rakesh J,Delhi,Scooter,Contract,4.18,Y
6092,DP06093,Suresh D,Bengaluru,Scooter,Full-time,4.19,Y
6093,DP06094,Sneha Q,Mumbai,Bike,Contract,4.37,Y
6094,DP06095,Shreya E,Bengaluru,Bike,Part-time,3.74,N
6095,DP06096,Manoj Z,Pune,Scooter,Full-time,4.19,Y
6096,DP06097,Vikas I,Pune,Bike,Contract,4.25,Y
6097,DP06098,Meena D,Ahmedabad,Bike,Part-time,4.07,Y
6098,DP06099,Manoj J,Delhi,Scooter,Contract,4.46,Y
6099,DP06100,Amit B,Delhi,Scooter,Full-time,4.13,Y
6100,DP06101,Amit H,Ahmedabad,Scooter,Full-time,4.26,Y
6101,DP06102,Sneha H,Ahmedabad,Scooter,Full-time,4.02,Y
6102,DP06103,Arjun U,Mumbai,Cycle,Full-time,4.58,Y
6103,DP06104,Ananya Q,Mumbai,Bike,Full-time,3.81,Y
6104,DP06105,Sneha Z,Pune,Cycle,Contract,4.34,Y
6105,DP06106,Ananya Q,Mumbai,Scooter,Contract,3.91,Y
6106,DP06107,Manoj K,Mumbai,Scooter,Contract,4.09,N
6107,DP06108,Rakesh W,Ahmedabad,Bike,Contract,4.42,Y
6108,DP06109,Neha B,Ahmedabad,Scooter,Contract,3.92,Y
6109,DP06110,Neha C,Ahmedabad,Bike,Full-time,4.57,Y
6110,DP06111,Ravi K,Bengaluru,Bike,Full-time,4.61,Y
6111,DP06112,Neha M,Bengaluru,Bike,Full-time,5.0,Y
6112,DP06113,Ravi A,Bengaluru,Scooter,Full-time,4.0,Y
6113,DP06114,Rakesh A,Pune,Cycle,Full-time,4.02,Y
6114,DP06115,Suresh K,Bengaluru,Bike,Contract,4.56,N
6115,DP06116,Ananya A,Chennai,Scooter,Contract,4.21,Y
6116,DP06117,Pooja A,Bengaluru,Bike,Full-time,4.22,Y
6117,DP06118,Nikhil M,Bengaluru,Cycle,Full-time,3.85,Y
6118,DP06119,Vikas U,Hyderabad,Scooter,Part-time,4.22,Y
6119,DP06120,Ananya R,Ahmedabad,Cycle,Part-time,4.04,Y
6120,DP06121,Kiran L,Hyderabad,Bike,Full-time,4.05,Y
6121,DP06122,Vikas Y,Bengaluru,Bike,Full-time,4.26,Y
6122,DP06123,Ravi C,Chennai,Bike,Part-time,4.47,Y
6123,DP06124,Amit X,Hyderabad,Bike,Part-time,4.02,N
6124,DP06125,Meena G,Mumbai,Bike,Contract,4.47,Y
6125,DP06126,Meena W,Hyderabad,Scooter,Full-time,3.78,Y
6126,DP06127,Santosh W,Bengaluru,Bike,Part-time,4.43,Y
6127,DP06128,Shreya V,Bengaluru,Bike,Part-time,4.23,Y
6128,DP06129,Neha D,Kolkata,Scooter,Part-time,4.2,Y
6129,DP06130,Santosh F,Ahmedabad,Cycle,Part-time,4.25,Y
6130,DP06131,Shreya E,Bengaluru,Bike,Full-time,4.16,N
6131,DP06132,Deepak J,Delhi,Scooter,Part-time,4.1,Y
6132,DP06133,Nikhil G,Chennai,Cycle,Part-time,4.08,N
6133,DP06134,Amit G,Delhi,Scooter,Contract,4.17,Y
6134,DP06135,Meena D,Delhi,Scooter,Part-time,4.01,Y
6135,DP06136,Divya B,Chennai,Scooter,Part-time,4.4,Y
6136,DP06137,Santosh K,Delhi,Bike,Full-time,4.04,Y
6137,DP06138,Rakesh K,Delhi,Bike,Contract,4.22,Y
6138,DP06139,Arjun K,Bengaluru,Bike,Part-time,4.31,Y
6139,DP06140,Deepak W,Delhi,Cycle,Full-time,4.33,Y
6140,DP06141,Shreya W,Chennai,Bike,Full-time,4.07,Y
6141,DP06142,Rakesh B,Ahmedabad,Bike,Full-time,3.65,Y
6142,DP06143,Kiran C,Ahmedabad,Cycle,Full-time,4.27,Y
6143,DP06144,Pooja K,Pune,Bike,Part-time,4.34,Y
6144,DP06145,Pooja L,Kolkata,Scooter,Part-time,4.24,Y
6145,DP06146,Deepak Z,Chennai,Scooter,Full-time,3.92,Y
6146,DP06147,Manoj Z,Chennai,Bike,Contract,4.48,Y
6147,DP06148,Kiran Y,Bengaluru,Cycle,Full-time,4.09,N
6148,DP06149,Kiran X,Kolkata,Scooter,Part-time,4.17,Y
6149,DP06150,Manoj F,Delhi,Cycle,Full-time,3.71,Y
6150,DP06151,Arjun L,Bengaluru,Bike,Part-time,4.01,Y
6151,DP06152,Rakesh J,Ahmedabad,Car,Full-time,4.51,Y
6152,DP06153,Meena I,Mumbai,Scooter,Part-time,3.99,Y
6153,DP06154,Priya D,Hyderabad,Bike,Contract,3.89,Y
6154,DP06155,Deepak K,Bengaluru,Scooter,Full-time,4.33,Y
6155,DP06156,Rakesh Q,Mumbai,Scooter,Full-time,4.3,Y
6156,DP06157,Deepak F,Mumbai,Bike,Contract,4.51,Y
6157,DP06158,Kiran J,Ahmedabad,Scooter,Contract,4.45,Y
6158,DP06159,Santosh O,Chennai,Scooter,Contract,4.28,Y
6159,DP06160,Kiran D,Kolkata,Cycle,Full-time,4.08,Y
6160,DP06161,Arjun A,Pune,Scooter,Part-time,4.42,Y
6161,DP06162,Vikas S,Delhi,Bike,Full-time,4.24,Y
6162,DP06163,Nikhil C,Bengaluru,Scooter,Full-time,3.86,Y
6163,DP06164,Sneha Z,Hyderabad,Bike,Full-time,3.95,Y
6164,DP06165,Suresh Z,Pune,Scooter,Contract,4.19,Y
6165,DP06166,Neha H,Ahmedabad,Bike,Full-time,3.95,Y
6166,DP06167,Meena U,Delhi,Scooter,Contract,4.07,Y
6167,DP06168,Kiran I,Ahmedabad,Cycle,Full-time,4.26,Y
6168,DP06169,Manoj K,Pune,Bike,Part-time,4.17,N
6169,DP06170,Vikas A,Pune,Scooter,Part-time,4.19,Y
6170,DP06171,Ravi P,Hyderabad,Bike,Contract,4.15,Y
6171,DP06172,Santosh A,Hyderabad,Bike,Full-time,4.3,Y
6172,DP06173,Rahul S,Mumbai,Bike,Part-time,4.11,Y
6173,DP06174,Nikhil U,Bengaluru,Scooter,Full-time,4.15,Y
6174,DP06175,Nikhil B,Mumbai,Scooter,Full-time,3.85,N
6175,DP06176,Manoj Q,Mumbai,Bike,Part-time,4.48,Y
6176,DP06177,Divya X,Kolkata,Bike,Full-time,4.55,Y
6177,DP06178,Nikhil E,Chennai,Bike,Full-time,4.24,Y
6178,DP06179,Deepak R,Pune,Scooter,Contract,3.9,Y
6179,DP06180,Priya A,Pune,Scooter,Full-time,3.66,Y
6180,DP06181,Shreya O,Chennai,Scooter,Part-time,3.81,Y
6181,DP06182,Shreya Y,Chennai,Scooter,Part-time,4.44,Y
6182,DP06183,Santosh Q,Kolkata,Cycle,Full-time,4.08,Y
6183,DP06184,Neha R,Pune,Scooter,Contract,4.4,Y
6184,DP06185,Priya G,Kolkata,Cycle,Full-time,4.37,Y
6185,DP06186,Santosh S,Delhi,Bike,Part-time,4.0,Y
6186,DP06187,Sneha A,Delhi,Bike,Full-time,4.7,Y
6187,DP06188,Ananya O,Mumbai,Bike,Full-time,4.54,Y
6188,DP06189,Santosh S,Mumbai,Bike,Full-time,4.29,Y
6189,DP06190,Deepak W,Bengaluru,Bike,Part-time,4.14,Y
6190,DP06191,Manoj N,Mumbai,Bike,Part-time,3.7,Y
6191,DP06192,Ravi B,Mumbai,Scooter,Full-time,4.63,Y
6192,DP06193,Amit B,Chennai,Cycle,Full-time,4.1,Y
6193,DP06194,Vikas V,Pune,Scooter,Full-time,4.36,Y
6194,DP06195,Vikas F,Mumbai,Bike,Full-time,4.08,Y
6195,DP06196,Neha Z,Kolkata,Bike,Part-time,4.48,Y
6196,DP06197,Ravi Q,Hyderabad,Scooter,Contract,4.47,Y
6197,DP06198,Arjun Y,Kolkata,Scooter,Contract,4.02,Y
6198,DP06199,Nikhil X,Chennai,Scooter,Part-time,4.06,Y
6199,DP06200,Kiran T,Delhi,Scooter,Part-time,4.62,Y
6200,DP06201,Rakesh H,Mumbai,Bike,Part-time,4.18,Y
6201,DP06202,Suresh Q,Chennai,Scooter,Full-time,4.18,Y
6202,DP06203,Ananya I,Ahmedabad,Scooter,Part-time,4.67,Y
6203,DP06204,Arjun H,Hyderabad,Cycle,Full-time,3.93,Y
6204,DP06205,Shreya S,Ahmedabad,Scooter,Contract,4.34,Y
6205,DP06206,Kiran B,Chennai,Scooter,Part-time,3.73,Y
6206,DP06207,Neha L,Mumbai,Scooter,Full-time,3.93,Y
6207,DP06208,Divya Q,Delhi,Bike,Full-time,3.97,Y
6208,DP06209,Pooja I,Bengaluru,Bike,Full-time,4.13,Y
6209,DP06210,Shreya N,Ahmedabad,Scooter,Contract,3.89,Y
6210,DP06211,Pooja S,Bengaluru,Bike,Full-time,4.08,Y
6211,DP06212,Sneha E,Kolkata,Scooter,Full-time,4.18,N
6212,DP06213,Sneha R,Chennai,Cycle,Contract,4.25,Y
6213,DP06214,Ravi A,Bengaluru,Scooter,Part-time,4.12,Y
6214,DP06215,Meena L,Ahmedabad,Scooter,Part-time,4.03,Y
6215,DP06216,Kiran F,Delhi,Scooter,Contract,4.73,Y
6216,DP06217,Neha X,Delhi,Bike,Part-time,3.6,N
6217,DP06218,Neha S,Delhi,Bike,Full-time,4.51,Y
6218,DP06219,Pooja G,Chennai,Scooter,Contract,4.6,N
6219,DP06220,Kiran I,Ahmedabad,Cycle,Part-time,3.48,Y
6220,DP06221,Nikhil D,Chennai,Cycle,Full-time,4.58,Y
6221,DP06222,Pooja G,Hyderabad,Scooter,Part-time,4.07,Y
6222,DP06223,Deepak H,Bengaluru,Scooter,Part-time,4.56,Y
6223,DP06224,Arjun O,Hyderabad,Scooter,Part-time,3.93,Y
6224,DP06225,Priya T,Ahmedabad,Bike,Part-time,4.4,Y
6225,DP06226,Amit X,Bengaluru,Bike,Contract,4.04,Y
6226,DP06227,Santosh U,Mumbai,Cycle,Part-time,4.31,Y
6227,DP06228,Rahul S,Pune,Cycle,Part-time,3.98,Y
6228,DP06229,Vikas Q,Chennai,Scooter,Full-time,4.41,Y
6229,DP06230,Shreya V,Bengaluru,Bike,Full-time,4.32,Y
6230,DP06231,Rahul S,Ahmedabad,Bike,Contract,3.55,Y
6231,DP06232,Suresh Z,Chennai,Bike,Part-time,3.75,Y
6232,DP06233,Amit I,Mumbai,Bike,Part-time,4.63,Y
6233,DP06234,Suresh R,Hyderabad,Bike,Contract,4.63,Y
6234,DP06235,Deepak C,Bengaluru,Scooter,Part-time,4.19,Y
6235,DP06236,Vikas X,Delhi,Car,Contract,4.42,Y
6236,DP06237,Amit Y,Chennai,Scooter,Part-time,4.15,Y
6237,DP06238,Manoj U,Kolkata,Bike,Full-time,3.97,Y
6238,DP06239,Ananya T,Hyderabad,Scooter,Full-time,4.58,Y
6239,DP06240,Neha Q,Chennai,Scooter,Contract,3.78,N
6240,DP06241,Nikhil L,Delhi,Bike,Contract,3.86,Y
6241,DP06242,Santosh Y,Mumbai,Cycle,Full-time,4.23,N
6242,DP06243,Ravi M,Bengaluru,Car,Full-time,4.58,Y
6243,DP06244,Arjun T,Mumbai,Bike,Part-time,3.49,Y
6244,DP06245,Rakesh B,Mumbai,Scooter,Part-time,4.21,Y
6245,DP06246,Ravi L,Chennai,Bike,Full-time,4.34,Y
6246,DP06247,Manoj D,Pune,Bike,Full-time,3.2,Y
6247,DP06248,Rakesh O,Delhi,Scooter,Full-time,4.05,Y
6248,DP06249,Nikhil G,Chennai,Scooter,Full-time,4.08,Y
6249,DP06250,Ravi W,Hyderabad,Scooter,Full-time,4.29,Y
6250,DP06251,Deepak J,Hyderabad,Bike,Full-time,3.83,Y
6251,DP06252,Manoj N,Kolkata,Scooter,Full-time,4.42,Y
6252,DP06253,Rahul T,Bengaluru,Bike,Full-time,3.76,Y
6253,DP06254,Rakesh K,Kolkata,Scooter,Full-time,4.8,Y
6254,DP06255,Meena G,Delhi,Bike,Full-time,3.96,Y
6255,DP06256,Vikas V,Ahmedabad,Bike,Full-time,4.3,Y
6256,DP06257,Amit X,Mumbai,Scooter,Full-time,3.96,Y
6257,DP06258,Priya L,Mumbai,Scooter,Full-time,4.39,Y
6258,DP06259,Amit R,Bengaluru,Car,Part-time,4.54,Y
6259,DP06260,Suresh P,Delhi,Bike,Full-time,4.37,N
6260,DP06261,Vikas U,Bengaluru,Bike,Full-time,4.78,Y
6261,DP06262,Deepak F,Hyderabad,Scooter,Full-time,4.64,Y
6262,DP06263,Sneha K,Bengaluru,Bike,Part-time,4.02,Y
6263,DP06264,Santosh C,Mumbai,Scooter,Full-time,4.13,N
6264,DP06265,Santosh G,Chennai,Scooter,Full-time,4.46,Y
6265,DP06266,Nikhil X,Mumbai,Bike,Part-time,4.39,Y
6266,DP06267,Neha K,Delhi,Scooter,Full-time,4.69,Y
6267,DP06268,Shreya B,Chennai,Bike,Full-time,4.55,Y
6268,DP06269,Priya J,Mumbai,Scooter,Full-time,4.89,Y
6269,DP06270,Rakesh B,Hyderabad,Bike,Full-time,4.36,Y
6270,DP06271,Divya F,Bengaluru,Bike,Full-time,4.19,Y
6271,DP06272,Suresh P,Delhi,Scooter,Full-time,4.16,N
6272,DP06273,Santosh J,Kolkata,Cycle,Part-time,3.9,N
6273,DP06274,Suresh H,Delhi,Bike,Full-time,4.27,Y
6274,DP06275,Vikas F,Mumbai,Scooter,Full-time,4.29,Y
6275,DP06276,Ravi O,Bengaluru,Bike,Full-time,4.44,Y
6276,DP06277,Ravi O,Bengaluru,Cycle,Full-time,3.99,Y
6277,DP06278,Manoj Y,Bengaluru,Bike,Contract,4.59,Y
6278,DP06279,Kiran O,Mumbai,Bike,Full-time,3.77,Y
6279,DP06280,Neha O,Hyderabad,Cycle,Part-time,4.09,Y
6280,DP06281,Rahul J,Hyderabad,Cycle,Contract,4.34,Y
6281,DP06282,Ravi W,Ahmedabad,Cycle,Part-time,4.71,Y
6282,DP06283,Deepak W,Kolkata,Scooter,Full-time,4.48,N
6283,DP06284,Suresh D,Delhi,Scooter,Part-time,4.46,Y
6284,DP06285,Santosh V,Ahmedabad,Scooter,Contract,4.04,Y
6285,DP06286,Shreya M,Mumbai,Cycle,Contract,3.92,Y
6286,DP06287,Divya H,Bengaluru,Cycle,Contract,3.94,Y
6287,DP06288,Rakesh K,Chennai,Scooter,Full-time,4.42,N
6288,DP06289,Rahul T,Delhi,Scooter,Full-time,4.03,Y
6289,DP06290,Manoj L,Ahmedabad,Scooter,Full-time,3.92,Y
6290,DP06291,Deepak T,Chennai,Car,Part-time,3.72,Y
6291,DP06292,Neha Y,Mumbai,Bike,Full-time,4.17,Y
6292,DP06293,Ananya A,Ahmedabad,Bike,Contract,3.98,N
6293,DP06294,Kiran T,Delhi,Scooter,Full-time,3.92,Y
6294,DP06295,Ananya D,Pune,Scooter,Contract,4.26,Y
6295,DP06296,Vikas Q,Delhi,Bike,Part-time,3.67,Y
6296,DP06297,Santosh I,Chennai,Bike,Full-time,3.72,Y
6297,DP06298,Ananya X,Kolkata,Bike,Contract,4.37,Y
6298,DP06299,Manoj U,Mumbai,Bike,Part-time,4.32,Y
6299,DP06300,Sneha W,Delhi,Scooter,Full-time,4.06,N
6300,DP06301,Rahul O,Chennai,Bike,Part-time,4.19,Y
6301,DP06302,Deepak I,Mumbai,Cycle,Full-time,4.22,N
6302,DP06303,Vikas C,Mumbai,Cycle,Part-time,4.29,Y
6303,DP06304,Kiran O,Bengaluru,Bike,Contract,4.42,N
6304,DP06305,Ananya F,Bengaluru,Scooter,Part-time,4.4,Y
6305,DP06306,Kiran U,Bengaluru,Bike,Full-time,4.5,Y
6306,DP06307,Suresh L,Bengaluru,Scooter,Contract,3.58,Y
6307,DP06308,Deepak N,Bengaluru,Scooter,Full-time,4.32,Y
6308,DP06309,Pooja D,Delhi,Bike,Part-time,4.77,Y
6309,DP06310,Neha J,Bengaluru,Bike,Full-time,4.01,Y
6310,DP06311,Kiran I,Pune,Scooter,Full-time,4.15,Y
6311,DP06312,Neha J,Chennai,Cycle,Part-time,3.87,N
6312,DP06313,Shreya I,Mumbai,Car,Full-time,4.09,Y
6313,DP06314,Meena V,Bengaluru,Cycle,Full-time,4.3,Y
6314,DP06315,Rakesh J,Bengaluru,Bike,Part-time,4.37,N
6315,DP06316,Deepak W,Chennai,Bike,Full-time,4.51,Y
6316,DP06317,Ananya K,Bengaluru,Bike,Part-time,3.79,Y
6317,DP06318,Sneha Q,Chennai,Scooter,Part-time,3.92,Y
6318,DP06319,Meena O,Mumbai,Bike,Full-time,3.74,Y
6319,DP06320,Arjun S,Kolkata,Bike,Contract,4.34,Y
6320,DP06321,Amit M,Mumbai,Cycle,Full-time,4.01,Y
6321,DP06322,Manoj K,Chennai,Scooter,Full-time,4.11,Y
6322,DP06323,Priya I,Hyderabad,Bike,Part-time,4.23,Y
6323,DP06324,Shreya P,Bengaluru,Cycle,Part-time,4.51,Y
6324,DP06325,Arjun M,Bengaluru,Scooter,Contract,3.98,Y
6325,DP06326,Nikhil G,Mumbai,Bike,Full-time,4.33,Y
6326,DP06327,Deepak E,Mumbai,Cycle,Full-time,3.99,Y
6327,DP06328,Deepak F,Hyderabad,Scooter,Full-time,4.31,Y
6328,DP06329,Amit Q,Bengaluru,Scooter,Full-time,3.55,Y
6329,DP06330,Deepak T,Mumbai,Bike,Part-time,3.97,Y
6330,DP06331,Santosh G,Delhi,Scooter,Full-time,3.98,Y
6331,DP06332,Rahul J,Chennai,Cycle,Part-time,4.04,Y
6332,DP06333,Santosh I,Chennai,Cycle,Full-time,4.29,Y
6333,DP06334,Meena K,Ahmedabad,Bike,Full-time,4.43,Y
6334,DP06335,Rahul G,Ahmedabad,Scooter,Full-time,4.38,Y
6335,DP06336,Divya N,Delhi,Cycle,Full-time,4.62,Y
6336,DP06337,Kiran A,Bengaluru,Scooter,Full-time,3.88,Y
6337,DP06338,Kiran I,Delhi,Scooter,Full-time,4.49,Y
6338,DP06339,Ananya G,Ahmedabad,Scooter,Full-time,3.72,Y
6339,DP06340,Meena J,Mumbai,Bike,Full-time,3.71,Y
6340,DP06341,Vikas O,Chennai,Car,Full-time,4.1,Y
6341,DP06342,Manoj P,Ahmedabad,Cycle,Full-time,4.19,Y
6342,DP06343,Neha T,Delhi,Bike,Full-time,4.36,N
6343,DP06344,Nikhil S,Chennai,Scooter,Part-time,3.74,Y
6344,DP06345,Rahul Z,Hyderabad,Cycle,Part-time,4.25,Y
6345,DP06346,Arjun T,Bengaluru,Scooter,Part-time,4.6,Y
6346,DP06347,Divya Q,Delhi,Scooter,Full-time,3.98,N
6347,DP06348,Meena M,Ahmedabad,Bike,Part-time,4.06,Y
6348,DP06349,Ananya A,Delhi,Scooter,Contract,4.04,Y
6349,DP06350,Rahul C,Chennai,Scooter,Full-time,3.97,Y
6350,DP06351,Nikhil K,Hyderabad,Scooter,Full-time,3.7,Y
6351,DP06352,Neha V,Bengaluru,Cycle,Full-time,4.02,Y
6352,DP06353,Santosh H,Bengaluru,Scooter,Part-time,4.41,N
6353,DP06354,Divya P,Mumbai,Scooter,Full-time,4.36,Y
6354,DP06355,Ravi N,Bengaluru,Scooter,Contract,3.67,Y
6355,DP06356,Priya Q,Delhi,Bike,Full-time,4.12,Y
6356,DP06357,Neha R,Chennai,Scooter,Full-time,3.82,Y
6357,DP06358,Arjun J,Bengaluru,Cycle,Full-time,3.58,Y
6358,DP06359,Divya Y,Bengaluru,Bike,Full-time,4.59,Y
6359,DP06360,Santosh U,Hyderabad,Bike,Full-time,4.66,Y
6360,DP06361,Ananya X,Chennai,Cycle,Contract,4.49,Y
6361,DP06362,Ravi W,Mumbai,Bike,Full-time,3.73,N
6362,DP06363,Shreya Y,Bengaluru,Bike,Part-time,4.52,Y
6363,DP06364,Pooja X,Kolkata,Scooter,Contract,4.03,N
6364,DP06365,Santosh D,Chennai,Scooter,Full-time,4.16,Y
6365,DP06366,Ravi A,Hyderabad,Bike,Part-time,4.13,Y
6366,DP06367,Sneha R,Bengaluru,Bike,Part-time,4.41,Y
6367,DP06368,Divya E,Delhi,Car,Full-time,3.92,Y
6368,DP06369,Suresh C,Mumbai,Scooter,Full-time,4.15,Y
6369,DP06370,Nikhil E,Hyderabad,Bike,Part-time,4.18,Y
6370,DP06371,Neha X,Bengaluru,Scooter,Part-time,3.97,Y
6371,DP06372,Rakesh N,Kolkata,Scooter,Part-time,4.12,Y
6372,DP06373,Sneha B,Mumbai,Scooter,Full-time,4.99,Y
6373,DP06374,Sneha I,Pune,Scooter,Full-time,4.04,Y
6374,DP06375,Rakesh G,Chennai,Cycle,Full-time,4.55,Y
6375,DP06376,Deepak E,Kolkata,Bike,Part-time,4.32,Y
6376,DP06377,Arjun X,Mumbai,Scooter,Contract,4.04,Y
6377,DP06378,Meena S,Kolkata,Car,Part-time,3.68,Y
6378,DP06379,Rahul X,Ahmedabad,Scooter,Part-time,4.41,Y
6379,DP06380,Priya J,Bengaluru,Cycle,Contract,4.45,Y
6380,DP06381,Shreya C,Mumbai,Scooter,Full-time,3.78,N
6381,DP06382,Amit R,Kolkata,Scooter,Part-time,4.98,Y
6382,DP06383,Pooja E,Ahmedabad,Scooter,Contract,4.54,Y
6383,DP06384,Kiran H,Bengaluru,Bike,Part-time,4.32,Y
6384,DP06385,Ravi W,Delhi,Bike,Full-time,4.06,Y
6385,DP06386,Priya R,Hyderabad,Scooter,Full-time,4.46,Y
6386,DP06387,Priya R,Bengaluru,Scooter,Full-time,4.48,Y
6387,DP06388,Arjun Z,Ahmedabad,Bike,Full-time,4.66,Y
6388,DP06389,Ravi W,Bengaluru,Cycle,Full-time,4.27,Y
6389,DP06390,Suresh V,Mumbai,Bike,Full-time,4.58,Y
6390,DP06391,Arjun P,Delhi,Cycle,Contract,4.7,Y
6391,DP06392,Neha H,Kolkata,Scooter,Full-time,3.67,Y
6392,DP06393,Santosh P,Bengaluru,Scooter,Part-time,4.09,Y
6393,DP06394,Manoj W,Bengaluru,Car,Contract,4.6,Y
6394,DP06395,Pooja B,Delhi,Scooter,Full-time,4.36,Y
6395,DP06396,Neha P,Mumbai,Cycle,Full-time,4.29,Y
6396,DP06397,Suresh Y,Delhi,Scooter,Part-time,4.31,Y
6397,DP06398,Vikas G,Kolkata,Bike,Contract,3.76,Y
6398,DP06399,Meena H,Delhi,Scooter,Contract,4.41,Y
6399,DP06400,Vikas X,Bengaluru,Bike,Full-time,3.92,Y
6400,DP06401,Neha A,Ahmedabad,Car,Part-time,4.16,Y
6401,DP06402,Manoj W,Delhi,Scooter,Contract,4.57,Y
6402,DP06403,Neha W,Mumbai,Bike,Part-time,4.18,Y
6403,DP06404,Priya Z,Bengaluru,Bike,Full-time,4.09,Y
6404,DP06405,Divya L,Mumbai,Bike,Contract,3.89,Y
6405,DP06406,Rakesh T,Bengaluru,Scooter,Contract,4.44,Y
6406,DP06407,Vikas P,Bengaluru,Cycle,Full-time,4.21,Y
6407,DP06408,Santosh E,Pune,Bike,Contract,4.18,Y
6408,DP06409,Deepak B,Chennai,Bike,Full-time,4.16,Y
6409,DP06410,Rakesh P,Bengaluru,Scooter,Part-time,4.48,Y
6410,DP06411,Vikas J,Mumbai,Bike,Full-time,4.21,Y
6411,DP06412,Rahul A,Pune,Bike,Full-time,4.21,Y
6412,DP06413,Manoj O,Mumbai,Scooter,Part-time,4.65,Y
6413,DP06414,Kiran K,Bengaluru,Cycle,Part-time,4.54,Y
6414,DP06415,Kiran U,Pune,Bike,Part-time,4.46,Y
6415,DP06416,Sneha R,Delhi,Cycle,Full-time,4.36,Y
6416,DP06417,Rakesh K,Delhi,Scooter,Part-time,4.52,Y
6417,DP06418,Rahul N,Delhi,Scooter,Part-time,3.77,Y
6418,DP06419,Suresh D,Hyderabad,Scooter,Contract,4.65,Y
6419,DP06420,Arjun N,Bengaluru,Car,Full-time,4.38,Y
6420,DP06421,Neha J,Bengaluru,Cycle,Part-time,4.62,N
6421,DP06422,Priya F,Chennai,Cycle,Full-time,3.62,Y
6422,DP06423,Manoj R,Bengaluru,Bike,Part-time,4.57,Y
6423,DP06424,Deepak M,Bengaluru,Bike,Contract,3.99,Y
6424,DP06425,Shreya B,Delhi,Bike,Full-time,4.23,N
6425,DP06426,Santosh J,Bengaluru,Scooter,Contract,3.82,Y
6426,DP06427,Nikhil B,Bengaluru,Bike,Part-time,4.28,Y
6427,DP06428,Divya U,Bengaluru,Bike,Full-time,4.54,Y
6428,DP06429,Pooja U,Chennai,Bike,Contract,4.08,Y
6429,DP06430,Neha X,Bengaluru,Scooter,Part-time,3.92,Y
6430,DP06431,Nikhil D,Chennai,Bike,Part-time,3.64,Y
6431,DP06432,Ravi P,Hyderabad,Scooter,Part-time,3.51,Y
6432,DP06433,Priya I,Pune,Bike,Part-time,4.67,Y
6433,DP06434,Arjun R,Delhi,Scooter,Full-time,4.11,Y
6434,DP06435,Kiran L,Bengaluru,Bike,Part-time,3.85,Y
6435,DP06436,Rakesh G,Mumbai,Scooter,Part-time,3.84,Y
6436,DP06437,Rahul I,Bengaluru,Bike,Full-time,4.23,Y
6437,DP06438,Meena P,Delhi,Bike,Part-time,4.38,Y
6438,DP06439,Neha R,Bengaluru,Bike,Part-time,4.6,Y
6439,DP06440,Vikas U,Chennai,Cycle,Part-time,3.79,Y
6440,DP06441,Suresh I,Bengaluru,Scooter,Full-time,4.32,N
6441,DP06442,Shreya K,Ahmedabad,Scooter,Part-time,4.23,Y
6442,DP06443,Sneha Q,Delhi,Bike,Contract,4.45,Y
6443,DP06444,Santosh T,Mumbai,Scooter,Full-time,3.95,Y
6444,DP06445,Neha V,Delhi,Cycle,Full-time,3.75,Y
6445,DP06446,Meena G,Mumbai,Cycle,Part-time,4.11,Y
6446,DP06447,Amit C,Delhi,Bike,Part-time,3.58,Y
6447,DP06448,Deepak T,Ahmedabad,Scooter,Contract,4.24,Y
6448,DP06449,Priya I,Delhi,Bike,Full-time,4.66,Y
6449,DP06450,Suresh K,Delhi,Bike,Contract,4.11,Y
6450,DP06451,Suresh Y,Ahmedabad,Bike,Part-time,4.89,Y
6451,DP06452,Arjun B,Chennai,Scooter,Full-time,4.46,Y
6452,DP06453,Ananya S,Kolkata,Scooter,Contract,4.19,Y
6453,DP06454,Amit Y,Hyderabad,Cycle,Contract,4.11,Y
6454,DP06455,Rakesh Y,Hyderabad,Scooter,Full-time,4.21,Y
6455,DP06456,Sneha P,Delhi,Bike,Full-time,4.36,Y
6456,DP06457,Amit U,Bengaluru,Bike,Part-time,4.56,Y
6457,DP06458,Manoj Q,Bengaluru,Scooter,Full-time,4.43,Y
6458,DP06459,Sneha N,Kolkata,Bike,Full-time,4.44,Y
6459,DP06460,Shreya P,Mumbai,Bike,Full-time,4.18,Y
6460,DP06461,Ananya W,Bengaluru,Scooter,Contract,4.52,Y
6461,DP06462,Neha P,Mumbai,Bike,Full-time,4.01,Y
6462,DP06463,Meena L,Delhi,Scooter,Full-time,4.15,Y
6463,DP06464,Nikhil D,Kolkata,Car,Part-time,4.16,Y
6464,DP06465,Meena T,Delhi,Cycle,Full-time,4.42,Y
6465,DP06466,Deepak D,Mumbai,Cycle,Full-time,4.47,Y
6466,DP06467,Shreya X,Hyderabad,Scooter,Part-time,4.1,Y
6467,DP06468,Neha K,Bengaluru,Scooter,Full-time,4.28,Y
6468,DP06469,Pooja F,Bengaluru,Cycle,Full-time,3.95,Y
6469,DP06470,Sneha S,Mumbai,Car,Contract,4.43,Y
6470,DP06471,Kiran Z,Bengaluru,Bike,Full-time,4.37,N
6471,DP06472,Kiran N,Mumbai,Scooter,Part-time,4.69,N
6472,DP06473,Arjun H,Bengaluru,Scooter,Contract,4.09,Y
6473,DP06474,Ananya W,Bengaluru,Scooter,Part-time,4.34,Y
6474,DP06475,Deepak Y,Mumbai,Bike,Full-time,4.13,Y
6475,DP06476,Pooja B,Hyderabad,Scooter,Part-time,4.18,Y
6476,DP06477,Shreya A,Kolkata,Scooter,Full-time,4.95,N
6477,DP06478,Santosh N,Hyderabad,Scooter,Full-time,3.88,Y
6478,DP06479,Rahul N,Delhi,Scooter,Part-time,3.85,Y
6479,DP06480,Amit V,Kolkata,Scooter,Contract,4.13,Y
6480,DP06481,Meena F,Kolkata,Bike,Full-time,4.92,Y
6481,DP06482,Ravi E,Bengaluru,Cycle,Full-time,3.33,Y
6482,DP06483,Suresh Y,Chennai,Scooter,Full-time,4.14,Y
6483,DP06484,Santosh E,Pune,Scooter,Full-time,3.93,Y
6484,DP06485,Priya H,Delhi,Scooter,Contract,4.26,Y
6485,DP06486,Sneha V,Ahmedabad,Bike,Part-time,4.35,Y
6486,DP06487,Ravi C,Ahmedabad,Car,Full-time,4.27,Y
6487,DP06488,Sneha T,Hyderabad,Bike,Full-time,4.63,Y
6488,DP06489,Ananya C,Ahmedabad,Bike,Contract,3.83,Y
6489,DP06490,Santosh H,Kolkata,Scooter,Full-time,4.46,Y
6490,DP06491,Ananya Q,Pune,Bike,Full-time,3.89,N
6491,DP06492,Ananya N,Mumbai,Car,Full-time,3.76,Y
6492,DP06493,Suresh O,Mumbai,Bike,Part-time,4.57,N
6493,DP06494,Priya Z,Ahmedabad,Bike,Full-time,4.26,Y
6494,DP06495,Priya S,Chennai,Bike,Part-time,4.56,Y
6495,DP06496,Pooja N,Bengaluru,Bike,Contract,4.38,Y
6496,DP06497,Shreya F,Mumbai,Scooter,Full-time,3.51,Y
6497,DP06498,Ravi I,Hyderabad,Scooter,Part-time,4.06,Y
6498,DP06499,Priya T,Delhi,Bike,Part-time,4.0,Y
6499,DP06500,Rakesh O,Bengaluru,Bike,Full-time,4.79,Y
6500,DP06501,Shreya U,Delhi,Cycle,Part-time,3.74,Y
6501,DP06502,Rakesh K,Delhi,Cycle,Contract,4.2,Y
6502,DP06503,Vikas H,Bengaluru,Scooter,Full-time,4.22,Y
6503,DP06504,Amit Z,Hyderabad,Scooter,Part-time,4.12,Y
6504,DP06505,Neha H,Pune,Scooter,Contract,4.07,Y
6505,DP06506,Ananya D,Delhi,Scooter,Full-time,3.81,Y
6506,DP06507,Arjun K,Delhi,Scooter,Full-time,4.37,Y
6507,DP06508,Sneha N,Mumbai,Scooter,Full-time,4.02,Y
6508,DP06509,Ananya O,Kolkata,Scooter,Full-time,3.95,Y
6509,DP06510,Priya V,Kolkata,Scooter,Contract,4.01,Y
6510,DP06511,Shreya O,Ahmedabad,Scooter,Full-time,3.87,Y
6511,DP06512,Shreya I,Delhi,Cycle,Part-time,3.81,Y
6512,DP06513,Santosh O,Ahmedabad,Bike,Full-time,4.53,Y
6513,DP06514,Suresh C,Bengaluru,Bike,Part-time,4.21,Y
6514,DP06515,Pooja W,Bengaluru,Scooter,Contract,4.51,Y
6515,DP06516,Amit N,Hyderabad,Bike,Full-time,4.35,Y
6516,DP06517,Amit G,Bengaluru,Scooter,Part-time,3.98,Y
6517,DP06518,Meena C,Bengaluru,Bike,Full-time,4.04,Y
6518,DP06519,Deepak J,Chennai,Scooter,Full-time,4.1,Y
6519,DP06520,Meena U,Delhi,Bike,Full-time,4.29,Y
6520,DP06521,Arjun Z,Ahmedabad,Scooter,Full-time,4.65,Y
6521,DP06522,Manoj L,Mumbai,Scooter,Part-time,4.2,N
6522,DP06523,Kiran C,Bengaluru,Scooter,Part-time,4.45,Y
6523,DP06524,Rakesh M,Mumbai,Scooter,Contract,4.07,Y
6524,DP06525,Ananya U,Pune,Cycle,Full-time,4.22,Y
6525,DP06526,Ravi D,Bengaluru,Scooter,Full-time,4.05,Y
6526,DP06527,Neha B,Mumbai,Car,Contract,4.09,Y
6527,DP06528,Shreya Y,Chennai,Cycle,Full-time,4.17,Y
6528,DP06529,Meena L,Kolkata,Car,Part-time,3.82,Y
6529,DP06530,Nikhil H,Pune,Bike,Part-time,4.09,Y
6530,DP06531,Meena V,Bengaluru,Scooter,Part-time,3.98,Y
6531,DP06532,Kiran J,Delhi,Cycle,Part-time,3.74,Y
6532,DP06533,Neha Q,Delhi,Scooter,Full-time,4.13,Y
6533,DP06534,Amit J,Hyderabad,Scooter,Contract,4.43,Y
6534,DP06535,Meena V,Delhi,Car,Contract,3.8,Y
6535,DP06536,Kiran Q,Ahmedabad,Car,Full-time,4.5,Y
6536,DP06537,Amit T,Bengaluru,Car,Contract,4.63,Y
6537,DP06538,Nikhil F,Pune,Scooter,Part-time,4.09,Y
6538,DP06539,Santosh W,Pune,Scooter,Full-time,4.64,Y
6539,DP06540,Nikhil A,Delhi,Car,Part-time,4.31,Y
6540,DP06541,Santosh Z,Delhi,Bike,Full-time,3.72,Y
6541,DP06542,Amit B,Kolkata,Scooter,Part-time,4.18,Y
6542,DP06543,Vikas C,Delhi,Cycle,Full-time,3.54,N
6543,DP06544,Manoj H,Chennai,Scooter,Full-time,4.1,Y
6544,DP06545,Shreya U,Bengaluru,Scooter,Part-time,4.16,Y
6545,DP06546,Pooja V,Ahmedabad,Cycle,Contract,3.81,Y
6546,DP06547,Arjun K,Pune,Car,Part-time,4.39,Y
6547,DP06548,Deepak P,Bengaluru,Bike,Part-time,4.04,Y
6548,DP06549,Kiran W,Pune,Bike,Contract,4.38,Y
6549,DP06550,Santosh H,Bengaluru,Scooter,Full-time,4.65,Y
6550,DP06551,Arjun R,Delhi,Scooter,Part-time,3.78,Y
6551,DP06552,Vikas Q,Bengaluru,Bike,Part-time,4.64,Y
6552,DP06553,Arjun T,Bengaluru,Bike,Contract,3.62,Y
6553,DP06554,Suresh F,Delhi,Bike,Part-time,3.7,Y
6554,DP06555,Shreya W,Bengaluru,Scooter,Contract,4.39,N
6555,DP06556,Rahul D,Hyderabad,Scooter,Full-time,4.2,N
6556,DP06557,Vikas I,Ahmedabad,Cycle,Full-time,3.77,N
6557,DP06558,Meena S,Chennai,Bike,Part-time,4.29,Y
6558,DP06559,Vikas Z,Kolkata,Cycle,Full-time,4.6,Y
6559,DP06560,Ananya O,Ahmedabad,Scooter,Full-time,4.07,Y
6560,DP06561,Ananya M,Bengaluru,Scooter,Full-time,4.12,Y
6561,DP06562,Ananya A,Chennai,Bike,Full-time,4.59,N
6562,DP06563,Suresh K,Mumbai,Bike,Full-time,4.0,Y
6563,DP06564,Manoj S,Hyderabad,Scooter,Full-time,4.2,Y
6564,DP06565,Nikhil X,Kolkata,Scooter,Part-time,4.17,Y
6565,DP06566,Arjun H,Bengaluru,Scooter,Full-time,4.33,Y
6566,DP06567,Manoj P,Mumbai,Scooter,Part-time,4.01,Y
6567,DP06568,Arjun H,Bengaluru,Scooter,Full-time,4.37,Y
6568,DP06569,Vikas F,Delhi,Bike,Part-time,3.97,Y
6569,DP06570,Arjun I,Ahmedabad,Bike,Full-time,3.83,Y
6570,DP06571,Pooja W,Mumbai,Scooter,Full-time,4.6,Y
6571,DP06572,Sneha A,Kolkata,Cycle,Part-time,4.53,N
6572,DP06573,Sneha S,Mumbai,Cycle,Full-time,3.94,Y
6573,DP06574,Shreya U,Kolkata,Bike,Part-time,4.2,Y
6574,DP06575,Suresh K,Bengaluru,Bike,Full-time,4.21,Y
6575,DP06576,Manoj F,Chennai,Bike,Part-time,3.88,Y
6576,DP06577,Deepak R,Chennai,Bike,Contract,4.37,Y
6577,DP06578,Manoj W,Delhi,Scooter,Contract,3.46,Y
6578,DP06579,Arjun P,Bengaluru,Car,Full-time,4.26,N
6579,DP06580,Pooja F,Pune,Bike,Contract,4.74,Y
6580,DP06581,Manoj C,Chennai,Bike,Contract,4.21,Y
6581,DP06582,Arjun A,Delhi,Bike,Full-time,4.67,Y
6582,DP06583,Manoj N,Ahmedabad,Bike,Full-time,4.59,Y
6583,DP06584,Rahul Z,Ahmedabad,Scooter,Full-time,4.19,Y
6584,DP06585,Rahul H,Delhi,Scooter,Full-time,4.29,Y
6585,DP06586,Rakesh C,Delhi,Scooter,Contract,4.02,Y
6586,DP06587,Santosh Z,Bengaluru,Cycle,Full-time,4.31,Y
6587,DP06588,Priya R,Mumbai,Scooter,Full-time,3.94,Y
6588,DP06589,Rahul Z,Delhi,Bike,Part-time,4.96,Y
6589,DP06590,Manoj K,Delhi,Bike,Full-time,4.22,Y
6590,DP06591,Suresh M,Bengaluru,Bike,Part-time,4.22,N
6591,DP06592,Shreya T,Bengaluru,Bike,Full-time,3.32,Y
6592,DP06593,Sneha R,Mumbai,Bike,Contract,4.48,N
6593,DP06594,Priya O,Bengaluru,Scooter,Full-time,4.15,Y
6594,DP06595,Manoj D,Kolkata,Bike,Full-time,3.75,Y
6595,DP06596,Divya O,Mumbai,Scooter,Contract,3.87,Y
6596,DP06597,Neha I,Chennai,Scooter,Contract,3.98,Y
6597,DP06598,Nikhil K,Mumbai,Bike,Full-time,3.76,Y
6598,DP06599,Sneha Q,Mumbai,Bike,Full-time,4.04,Y
6599,DP06600,Suresh N,Kolkata,Cycle,Part-time,3.67,Y
6600,DP06601,Suresh Y,Delhi,Cycle,Full-time,3.9,Y
6601,DP06602,Pooja H,Delhi,Scooter,Full-time,4.29,Y
6602,DP06603,Divya S,Mumbai,Bike,Part-time,3.5,Y
6603,DP06604,Meena R,Ahmedabad,Bike,Full-time,4.04,Y
6604,DP06605,Meena X,Bengaluru,Bike,Part-time,3.92,Y
6605,DP06606,Nikhil N,Delhi,Scooter,Full-time,4.05,N
6606,DP06607,Santosh B,Kolkata,Bike,Part-time,4.23,Y
6607,DP06608,Neha Y,Bengaluru,Bike,Full-time,3.88,Y
6608,DP06609,Sneha W,Mumbai,Scooter,Part-time,4.3,Y
6609,DP06610,Amit C,Chennai,Scooter,Full-time,3.88,Y
6610,DP06611,Ravi N,Delhi,Scooter,Full-time,3.72,Y
6611,DP06612,Suresh D,Kolkata,Bike,Full-time,4.62,Y
6612,DP06613,Arjun W,Pune,Car,Full-time,4.52,Y
6613,DP06614,Priya U,Ahmedabad,Scooter,Contract,4.21,Y
6614,DP06615,Santosh F,Kolkata,Scooter,Full-time,4.09,Y
6615,DP06616,Meena D,Pune,Bike,Part-time,4.05,Y
6616,DP06617,Ravi Q,Bengaluru,Scooter,Full-time,4.2,Y
6617,DP06618,Ravi J,Pune,Scooter,Full-time,4.23,Y
6618,DP06619,Rakesh G,Hyderabad,Scooter,Full-time,4.08,N
6619,DP06620,Vikas Z,Bengaluru,Bike,Full-time,4.0,Y
6620,DP06621,Deepak Y,Kolkata,Scooter,Part-time,4.44,Y
6621,DP06622,Deepak Q,Bengaluru,Car,Full-time,4.27,Y
6622,DP06623,Rakesh K,Pune,Cycle,Contract,4.18,Y
6623,DP06624,Meena N,Pune,Cycle,Full-time,3.71,N
6624,DP06625,Ananya M,Ahmedabad,Bike,Part-time,4.73,Y
6625,DP06626,Ravi V,Bengaluru,Bike,Full-time,3.9,Y
6626,DP06627,Neha T,Hyderabad,Bike,Part-time,3.66,Y
6627,DP06628,Vikas E,Kolkata,Cycle,Part-time,4.21,Y
6628,DP06629,Ananya O,Delhi,Bike,Contract,4.55,N
6629,DP06630,Manoj M,Bengaluru,Bike,Part-time,4.34,Y
6630,DP06631,Amit W,Mumbai,Bike,Part-time,4.69,Y
6631,DP06632,Ananya V,Mumbai,Bike,Full-time,4.18,N
6632,DP06633,Meena V,Chennai,Bike,Full-time,3.82,Y
6633,DP06634,Arjun F,Hyderabad,Bike,Part-time,4.79,Y
6634,DP06635,Sneha S,Pune,Bike,Part-time,4.48,Y
6635,DP06636,Rakesh Y,Mumbai,Scooter,Contract,4.34,Y
6636,DP06637,Divya T,Bengaluru,Scooter,Contract,4.08,Y
6637,DP06638,Meena B,Kolkata,Scooter,Contract,4.66,Y
6638,DP06639,Ananya O,Bengaluru,Bike,Part-time,4.34,Y
6639,DP06640,Ananya Y,Delhi,Scooter,Full-time,3.8,Y
6640,DP06641,Santosh S,Pune,Scooter,Full-time,4.57,Y
6641,DP06642,Shreya C,Bengaluru,Bike,Part-time,3.72,Y
6642,DP06643,Shreya G,Bengaluru,Cycle,Full-time,4.18,Y
6643,DP06644,Nikhil M,Hyderabad,Scooter,Part-time,4.17,Y
6644,DP06645,Ravi G,Bengaluru,Scooter,Contract,3.79,Y
6645,DP06646,Rakesh Q,Pune,Bike,Full-time,4.13,N
6646,DP06647,Meena X,Chennai,Scooter,Part-time,3.63,N
6647,DP06648,Shreya R,Delhi,Scooter,Full-time,4.25,Y
6648,DP06649,Santosh A,Kolkata,Scooter,Full-time,4.37,Y
6649,DP06650,Rakesh W,Chennai,Scooter,Contract,4.15,Y
6650,DP06651,Arjun F,Bengaluru,Cycle,Full-time,3.68,Y
6651,DP06652,Meena N,Hyderabad,Bike,Contract,4.31,Y
6652,DP06653,Pooja A,Chennai,Bike,Part-time,4.35,Y
6653,DP06654,Manoj K,Delhi,Scooter,Full-time,4.31,Y
6654,DP06655,Santosh U,Bengaluru,Scooter,Full-time,4.09,Y
6655,DP06656,Amit B,Mumbai,Car,Full-time,4.44,N
6656,DP06657,Shreya O,Ahmedabad,Bike,Contract,4.05,Y
6657,DP06658,Divya Y,Ahmedabad,Scooter,Full-time,4.09,Y
6658,DP06659,Deepak S,Chennai,Scooter,Full-time,3.85,Y
6659,DP06660,Divya G,Ahmedabad,Bike,Full-time,4.02,Y
6660,DP06661,Deepak Q,Bengaluru,Cycle,Part-time,4.21,Y
6661,DP06662,Suresh P,Ahmedabad,Scooter,Contract,4.37,Y
6662,DP06663,Rahul C,Kolkata,Bike,Contract,4.63,Y
6663,DP06664,Rakesh Y,Mumbai,Bike,Full-time,3.81,Y
6664,DP06665,Priya T,Delhi,Cycle,Full-time,4.6,Y
6665,DP06666,Ananya Q,Ahmedabad,Scooter,Full-time,4.09,Y
6666,DP06667,Rakesh T,Hyderabad,Scooter,Full-time,4.48,Y
6667,DP06668,Rakesh G,Kolkata,Bike,Full-time,3.86,Y
6668,DP06669,Rahul N,Ahmedabad,Bike,Contract,4.89,Y
6669,DP06670,Amit R,Bengaluru,Scooter,Full-time,4.46,Y
6670,DP06671,Pooja L,Bengaluru,Bike,Part-time,3.77,Y
6671,DP06672,Meena S,Ahmedabad,Scooter,Full-time,3.75,Y
6672,DP06673,Rakesh K,Bengaluru,Bike,Full-time,3.87,Y
6673,DP06674,Kiran A,Delhi,Bike,Full-time,3.68,Y
6674,DP06675,Nikhil K,Pune,Bike,Full-time,4.08,Y
6675,DP06676,Ravi G,Kolkata,Cycle,Full-time,4.39,Y
6676,DP06677,Kiran G,Mumbai,Bike,Contract,4.45,Y
6677,DP06678,Meena A,Bengaluru,Car,Full-time,3.73,Y
6678,DP06679,Deepak N,Chennai,Scooter,Full-time,4.89,Y
6679,DP06680,Rahul S,Delhi,Cycle,Contract,3.7,N
6680,DP06681,Divya V,Mumbai,Cycle,Full-time,3.94,Y
6681,DP06682,Shreya W,Kolkata,Bike,Contract,4.32,N
6682,DP06683,Ravi C,Delhi,Bike,Full-time,4.52,Y
6683,DP06684,Nikhil X,Kolkata,Bike,Contract,4.32,N
6684,DP06685,Nikhil S,Hyderabad,Car,Full-time,4.13,Y
6685,DP06686,Suresh B,Hyderabad,Bike,Contract,4.43,Y
6686,DP06687,Manoj H,Bengaluru,Scooter,Contract,4.3,Y
6687,DP06688,Ananya Q,Hyderabad,Bike,Full-time,3.63,Y
6688,DP06689,Suresh W,Chennai,Scooter,Full-time,3.99,Y
6689,DP06690,Rakesh N,Mumbai,Bike,Contract,4.27,Y
6690,DP06691,Amit O,Ahmedabad,Scooter,Full-time,4.02,Y
6691,DP06692,Shreya O,Chennai,Bike,Full-time,3.87,Y
6692,DP06693,Pooja F,Mumbai,Bike,Part-time,4.04,Y
6693,DP06694,Vikas O,Pune,Bike,Full-time,4.13,Y
6694,DP06695,Nikhil G,Mumbai,Bike,Full-time,3.82,Y
6695,DP06696,Suresh J,Ahmedabad,Scooter,Full-time,4.6,Y
6696,DP06697,Ravi V,Ahmedabad,Bike,Part-time,4.16,Y
6697,DP06698,Divya X,Hyderabad,Scooter,Part-time,4.59,Y
6698,DP06699,Priya X,Bengaluru,Bike,Full-time,4.25,Y
6699,DP06700,Ravi Y,Hyderabad,Scooter,Full-time,4.62,Y
6700,DP06701,Rakesh L,Bengaluru,Scooter,Full-time,4.13,Y
6701,DP06702,Vikas U,Bengaluru,Bike,Part-time,4.22,Y
6702,DP06703,Pooja F,Pune,Scooter,Full-time,4.62,Y
6703,DP06704,Neha J,Bengaluru,Scooter,Part-time,4.15,N
6704,DP06705,Deepak D,Delhi,Bike,Full-time,4.02,Y
6705,DP06706,Deepak X,Hyderabad,Scooter,Full-time,3.96,Y
6706,DP06707,Kiran F,Bengaluru,Scooter,Part-time,4.18,Y
6707,DP06708,Rakesh X,Delhi,Bike,Full-time,4.43,Y
6708,DP06709,Shreya J,Hyderabad,Bike,Full-time,4.4,Y
6709,DP06710,Suresh N,Delhi,Scooter,Part-time,4.36,Y
6710,DP06711,Kiran X,Bengaluru,Bike,Full-time,3.99,Y
6711,DP06712,Ananya Q,Hyderabad,Bike,Full-time,3.83,Y
6712,DP06713,Rahul N,Bengaluru,Bike,Part-time,3.87,Y
6713,DP06714,Kiran B,Bengaluru,Cycle,Full-time,4.43,N
6714,DP06715,Manoj R,Bengaluru,Scooter,Full-time,4.53,N
6715,DP06716,Santosh Y,Mumbai,Bike,Part-time,4.17,N
6716,DP06717,Vikas P,Hyderabad,Car,Full-time,4.19,Y
6717,DP06718,Sneha I,Mumbai,Bike,Full-time,4.12,Y
6718,DP06719,Ravi G,Bengaluru,Scooter,Full-time,4.22,Y
6719,DP06720,Santosh U,Mumbai,Bike,Full-time,4.74,N
6720,DP06721,Pooja O,Chennai,Scooter,Part-time,4.15,Y
6721,DP06722,Deepak I,Kolkata,Scooter,Contract,3.71,N
6722,DP06723,Rakesh F,Delhi,Bike,Full-time,4.51,Y
6723,DP06724,Meena Y,Delhi,Cycle,Full-time,4.08,Y
6724,DP06725,Kiran X,Bengaluru,Cycle,Full-time,4.02,Y
6725,DP06726,Vikas D,Bengaluru,Cycle,Part-time,3.83,Y
6726,DP06727,Vikas Y,Kolkata,Bike,Contract,3.92,Y
6727,DP06728,Kiran Y,Kolkata,Bike,Part-time,3.89,Y
6728,DP06729,Priya H,Ahmedabad,Bike,Full-time,4.17,Y
6729,DP06730,Shreya O,Bengaluru,Scooter,Full-time,4.17,Y
6730,DP06731,Nikhil B,Bengaluru,Bike,Full-time,4.4,Y
6731,DP06732,Kiran H,Hyderabad,Scooter,Full-time,4.29,Y
6732,DP06733,Kiran G,Ahmedabad,Bike,Full-time,4.16,N
6733,DP06734,Ravi A,Pune,Bike,Contract,3.84,Y
6734,DP06735,Vikas C,Pune,Bike,Full-time,3.85,Y
6735,DP06736,Vikas J,Kolkata,Bike,Full-time,4.33,Y
6736,DP06737,Amit L,Delhi,Scooter,Part-time,4.51,Y
6737,DP06738,Neha E,Mumbai,Scooter,Full-time,4.25,Y
6738,DP06739,Ananya O,Kolkata,Bike,Full-time,3.78,N
6739,DP06740,Rahul C,Mumbai,Scooter,Part-time,4.05,Y
6740,DP06741,Meena K,Delhi,Bike,Full-time,3.97,Y
6741,DP06742,Divya M,Hyderabad,Scooter,Full-time,4.58,Y
6742,DP06743,Arjun O,Pune,Scooter,Full-time,4.07,Y
6743,DP06744,Manoj Y,Hyderabad,Bike,Full-time,4.42,Y
6744,DP06745,Deepak N,Ahmedabad,Scooter,Contract,4.54,Y
6745,DP06746,Amit W,Mumbai,Bike,Full-time,4.15,Y
6746,DP06747,Deepak N,Bengaluru,Bike,Full-time,3.8,Y
6747,DP06748,Ananya D,Chennai,Scooter,Full-time,4.62,Y
6748,DP06749,Shreya I,Delhi,Scooter,Full-time,4.51,Y
6749,DP06750,Sneha D,Kolkata,Cycle,Full-time,4.16,Y
6750,DP06751,Priya E,Delhi,Scooter,Part-time,4.69,Y
6751,DP06752,Ananya F,Ahmedabad,Scooter,Full-time,3.88,Y
6752,DP06753,Suresh J,Pune,Bike,Full-time,4.2,Y
6753,DP06754,Rahul V,Hyderabad,Scooter,Full-time,4.1,Y
6754,DP06755,Pooja U,Delhi,Cycle,Contract,4.55,Y
6755,DP06756,Divya H,Bengaluru,Bike,Full-time,4.26,Y
6756,DP06757,Kiran Q,Chennai,Scooter,Part-time,4.5,Y
6757,DP06758,Vikas O,Bengaluru,Scooter,Full-time,4.7,Y
6758,DP06759,Suresh X,Delhi,Scooter,Full-time,4.53,Y
6759,DP06760,Nikhil Z,Ahmedabad,Scooter,Part-time,4.52,Y
6760,DP06761,Amit E,Delhi,Cycle,Contract,3.65,Y
6761,DP06762,Divya W,Chennai,Bike,Full-time,4.08,Y
6762,DP06763,Deepak A,Ahmedabad,Bike,Part-time,3.79,Y
6763,DP06764,Ananya F,Bengaluru,Car,Full-time,4.62,Y
6764,DP06765,Suresh M,Mumbai,Cycle,Full-time,4.45,Y
6765,DP06766,Ravi B,Delhi,Bike,Full-time,4.33,Y
6766,DP06767,Arjun Y,Mumbai,Scooter,Contract,4.05,N
6767,DP06768,Priya M,Pune,Bike,Part-time,4.46,N
6768,DP06769,Manoj D,Kolkata,Cycle,Full-time,4.13,Y
6769,DP06770,Arjun L,Kolkata,Bike,Full-time,4.45,Y
6770,DP06771,Kiran R,Delhi,Scooter,Full-time,3.97,Y
6771,DP06772,Amit G,Delhi,Cycle,Full-time,4.0,Y
6772,DP06773,Ravi G,Mumbai,Scooter,Full-time,4.01,N
6773,DP06774,Kiran T,Bengaluru,Bike,Full-time,4.42,Y
6774,DP06775,Ravi Z,Mumbai,Cycle,Part-time,4.14,Y
6775,DP06776,Kiran V,Delhi,Car,Part-time,4.44,Y
6776,DP06777,Divya Z,Chennai,Bike,Part-time,4.72,N
6777,DP06778,Sneha J,Kolkata,Cycle,Part-time,4.47,Y
6778,DP06779,Arjun X,Delhi,Bike,Full-time,4.16,Y
6779,DP06780,Meena H,Bengaluru,Cycle,Part-time,4.05,Y
6780,DP06781,Vikas T,Chennai,Scooter,Full-time,4.19,Y
6781,DP06782,Santosh I,Delhi,Cycle,Full-time,4.59,Y
6782,DP06783,Divya T,Hyderabad,Scooter,Full-time,4.55,N
6783,DP06784,Priya R,Kolkata,Scooter,Full-time,4.01,Y
6784,DP06785,Rakesh K,Hyderabad,Bike,Part-time,4.99,N
6785,DP06786,Priya F,Mumbai,Bike,Full-time,4.68,Y
6786,DP06787,Santosh O,Bengaluru,Cycle,Part-time,4.01,Y
6787,DP06788,Suresh H,Bengaluru,Bike,Full-time,3.91,Y
6788,DP06789,Rakesh W,Ahmedabad,Scooter,Part-time,4.23,Y
6789,DP06790,Deepak E,Bengaluru,Cycle,Full-time,4.07,Y
6790,DP06791,Shreya D,Bengaluru,Bike,Full-time,4.51,Y
6791,DP06792,Rakesh R,Delhi,Scooter,Full-time,4.17,Y
6792,DP06793,Shreya N,Hyderabad,Bike,Full-time,4.4,Y
6793,DP06794,Rahul S,Bengaluru,Car,Full-time,4.2,Y
6794,DP06795,Kiran Z,Pune,Scooter,Contract,4.2,Y
6795,DP06796,Pooja S,Hyderabad,Scooter,Full-time,4.28,N
6796,DP06797,Manoj L,Bengaluru,Bike,Full-time,4.28,Y
6797,DP06798,Kiran K,Mumbai,Scooter,Part-time,4.6,Y
6798,DP06799,Meena X,Pune,Bike,Full-time,4.2,Y
6799,DP06800,Shreya F,Pune,Scooter,Full-time,4.37,Y
6800,DP06801,Nikhil F,Chennai,Bike,Part-time,4.29,Y
6801,DP06802,Rakesh E,Chennai,Bike,Part-time,4.41,Y
6802,DP06803,Deepak D,Delhi,Bike,Contract,3.88,Y
6803,DP06804,Nikhil J,Delhi,Scooter,Part-time,4.06,Y
6804,DP06805,Priya N,Bengaluru,Cycle,Contract,4.15,Y
6805,DP06806,Shreya W,Hyderabad,Scooter,Part-time,4.71,Y
6806,DP06807,Priya P,Delhi,Bike,Part-time,4.4,Y
6807,DP06808,Deepak H,Delhi,Cycle,Full-time,3.95,Y
6808,DP06809,Sneha Q,Hyderabad,Bike,Full-time,4.03,Y
6809,DP06810,Rahul B,Kolkata,Cycle,Full-time,4.44,Y
6810,DP06811,Divya U,Hyderabad,Scooter,Full-time,3.77,Y
6811,DP06812,Rahul I,Pune,Scooter,Contract,4.13,Y
6812,DP06813,Priya Z,Bengaluru,Bike,Full-time,4.26,Y
6813,DP06814,Rakesh P,Bengaluru,Scooter,Contract,4.18,Y
6814,DP06815,Ananya E,Mumbai,Scooter,Part-time,4.24,Y
6815,DP06816,Santosh D,Bengaluru,Scooter,Full-time,3.85,Y
6816,DP06817,Rakesh I,Kolkata,Scooter,Full-time,4.12,N
6817,DP06818,Neha D,Delhi,Scooter,Full-time,4.47,Y
6818,DP06819,Santosh K,Pune,Cycle,Part-time,3.6,Y
6819,DP06820,Ananya Q,Chennai,Bike,Part-time,4.09,Y
6820,DP06821,Shreya Y,Mumbai,Cycle,Contract,4.38,Y
6821,DP06822,Ananya M,Bengaluru,Scooter,Contract,4.63,Y
6822,DP06823,Amit Q,Bengaluru,Car,Part-time,4.28,Y
6823,DP06824,Suresh I,Mumbai,Bike,Contract,3.96,N
6824,DP06825,Nikhil M,Bengaluru,Bike,Part-time,4.19,Y
6825,DP06826,Rahul E,Mumbai,Cycle,Full-time,4.16,Y
6826,DP06827,Ananya D,Delhi,Bike,Full-time,4.52,Y
6827,DP06828,Divya C,Mumbai,Bike,Contract,3.85,Y
6828,DP06829,Priya L,Hyderabad,Scooter,Full-time,4.12,Y
6829,DP06830,Nikhil Y,Bengaluru,Scooter,Full-time,4.45,N
6830,DP06831,Rakesh O,Bengaluru,Cycle,Full-time,3.98,Y
6831,DP06832,Arjun D,Kolkata,Car,Full-time,4.02,Y
6832,DP06833,Rakesh W,Delhi,Bike,Contract,4.55,Y
6833,DP06834,Sneha V,Mumbai,Scooter,Part-time,4.2,N
6834,DP06835,Priya T,Delhi,Bike,Full-time,4.37,Y
6835,DP06836,Rahul X,Bengaluru,Scooter,Full-time,4.21,Y
6836,DP06837,Manoj O,Mumbai,Scooter,Part-time,4.15,Y
6837,DP06838,Santosh U,Mumbai,Cycle,Full-time,4.21,Y
6838,DP06839,Kiran J,Chennai,Scooter,Full-time,4.18,Y
6839,DP06840,Ravi G,Bengaluru,Scooter,Part-time,4.57,Y
6840,DP06841,Pooja W,Bengaluru,Bike,Full-time,4.59,Y
6841,DP06842,Divya N,Ahmedabad,Bike,Full-time,4.43,Y
6842,DP06843,Shreya Y,Chennai,Bike,Full-time,4.32,N
6843,DP06844,Ravi C,Hyderabad,Bike,Part-time,4.89,Y
6844,DP06845,Sneha A,Chennai,Cycle,Full-time,4.27,Y
6845,DP06846,Suresh T,Pune,Scooter,Contract,4.45,Y
6846,DP06847,Divya L,Mumbai,Bike,Part-time,3.83,Y
6847,DP06848,Pooja Q,Mumbai,Scooter,Part-time,3.77,Y
6848,DP06849,Sneha Q,Delhi,Scooter,Part-time,4.36,Y
6849,DP06850,Rahul D,Bengaluru,Bike,Part-time,4.08,N
6850,DP06851,Ananya J,Delhi,Scooter,Part-time,4.35,N
6851,DP06852,Priya E,Delhi,Scooter,Contract,4.39,Y
6852,DP06853,Kiran S,Kolkata,Bike,Part-time,4.58,N
6853,DP06854,Kiran J,Hyderabad,Bike,Full-time,4.15,N
6854,DP06855,Santosh M,Delhi,Scooter,Part-time,4.35,Y
6855,DP06856,Rakesh Y,Mumbai,Bike,Full-time,4.07,Y
6856,DP06857,Priya W,Pune,Bike,Part-time,4.38,Y
6857,DP06858,Amit B,Bengaluru,Cycle,Contract,3.63,Y
6858,DP06859,Manoj X,Mumbai,Scooter,Full-time,4.68,Y
6859,DP06860,Shreya X,Hyderabad,Scooter,Full-time,4.38,N
6860,DP06861,Amit L,Kolkata,Scooter,Full-time,4.19,Y
6861,DP06862,Amit F,Hyderabad,Bike,Contract,4.1,Y
6862,DP06863,Rahul D,Bengaluru,Scooter,Full-time,4.27,Y
6863,DP06864,Arjun P,Delhi,Scooter,Contract,4.04,Y
6864,DP06865,Manoj N,Bengaluru,Scooter,Part-time,3.93,Y
6865,DP06866,Rakesh T,Mumbai,Scooter,Contract,4.38,N
6866,DP06867,Suresh O,Mumbai,Scooter,Full-time,4.66,Y
6867,DP06868,Kiran B,Delhi,Bike,Part-time,4.28,Y
6868,DP06869,Rakesh D,Mumbai,Scooter,Part-time,4.13,N
6869,DP06870,Neha Y,Ahmedabad,Bike,Full-time,4.71,Y
6870,DP06871,Manoj B,Kolkata,Scooter,Part-time,4.06,Y
6871,DP06872,Manoj C,Hyderabad,Scooter,Full-time,4.16,Y
6872,DP06873,Deepak O,Delhi,Cycle,Full-time,4.1,Y
6873,DP06874,Meena B,Pune,Scooter,Contract,4.02,Y
6874,DP06875,Vikas F,Chennai,Scooter,Full-time,4.05,Y
6875,DP06876,Shreya B,Kolkata,Bike,Full-time,3.82,Y
6876,DP06877,Arjun E,Chennai,Bike,Full-time,4.38,Y
6877,DP06878,Divya L,Ahmedabad,Scooter,Part-time,4.96,Y
6878,DP06879,Vikas N,Hyderabad,Scooter,Part-time,4.36,Y
6879,DP06880,Pooja K,Pune,Cycle,Full-time,4.68,Y
6880,DP06881,Sneha T,Bengaluru,Cycle,Full-time,4.19,Y
6881,DP06882,Amit B,Delhi,Scooter,Contract,3.74,Y
6882,DP06883,Arjun I,Bengaluru,Scooter,Full-time,4.35,Y
6883,DP06884,Manoj M,Hyderabad,Bike,Contract,4.24,Y
6884,DP06885,Vikas O,Bengaluru,Scooter,Contract,4.43,Y
6885,DP06886,Rakesh J,Bengaluru,Scooter,Contract,4.51,Y
6886,DP06887,Divya K,Delhi,Scooter,Contract,4.3,Y
6887,DP06888,Priya K,Bengaluru,Cycle,Part-time,3.82,Y
6888,DP06889,Pooja D,Ahmedabad,Scooter,Full-time,4.05,Y
6889,DP06890,Divya W,Pune,Bike,Full-time,4.35,Y
6890,DP06891,Rahul O,Mumbai,Cycle,Contract,4.26,Y
6891,DP06892,Ravi O,Mumbai,Scooter,Full-time,4.65,Y
6892,DP06893,Rakesh F,Pune,Car,Full-time,4.07,Y
6893,DP06894,Rahul O,Ahmedabad,Bike,Part-time,3.68,Y
6894,DP06895,Vikas W,Hyderabad,Bike,Part-time,4.33,Y
6895,DP06896,Arjun J,Bengaluru,Bike,Full-time,4.31,Y
6896,DP06897,Deepak B,Bengaluru,Bike,Contract,4.42,Y
6897,DP06898,Santosh L,Hyderabad,Bike,Part-time,4.28,Y
6898,DP06899,Pooja J,Kolkata,Bike,Full-time,4.01,Y
6899,DP06900,Suresh D,Delhi,Bike,Contract,4.46,Y
6900,DP06901,Divya K,Pune,Cycle,Full-time,4.06,Y
6901,DP06902,Nikhil V,Mumbai,Cycle,Part-time,3.97,N
6902,DP06903,Ananya B,Delhi,Bike,Full-time,5.0,Y
6903,DP06904,Meena I,Bengaluru,Scooter,Contract,4.15,N
6904,DP06905,Neha G,Kolkata,Bike,Full-time,4.56,Y
6905,DP06906,Manoj J,Delhi,Bike,Contract,4.27,Y
6906,DP06907,Nikhil U,Bengaluru,Scooter,Full-time,3.83,Y
6907,DP06908,Meena H,Mumbai,Bike,Contract,4.52,N
6908,DP06909,Priya T,Chennai,Bike,Contract,4.01,Y
6909,DP06910,Nikhil H,Chennai,Bike,Part-time,4.4,Y
6910,DP06911,Rahul T,Mumbai,Bike,Full-time,4.52,Y
6911,DP06912,Divya I,Mumbai,Bike,Part-time,4.6,Y
6912,DP06913,Ravi Q,Ahmedabad,Scooter,Full-time,3.99,Y
6913,DP06914,Nikhil Z,Kolkata,Scooter,Contract,4.42,Y
6914,DP06915,Sneha S,Bengaluru,Cycle,Full-time,4.29,Y
6915,DP06916,Manoj Q,Delhi,Scooter,Contract,3.71,N
6916,DP06917,Nikhil E,Ahmedabad,Cycle,Part-time,4.91,Y
6917,DP06918,Sneha X,Ahmedabad,Bike,Full-time,4.68,Y
6918,DP06919,Rahul H,Bengaluru,Bike,Part-time,4.14,Y
6919,DP06920,Kiran Q,Bengaluru,Scooter,Part-time,4.15,Y
6920,DP06921,Suresh O,Delhi,Scooter,Contract,4.37,Y
6921,DP06922,Shreya T,Bengaluru,Bike,Full-time,4.21,Y
6922,DP06923,Deepak C,Ahmedabad,Bike,Full-time,4.25,Y
6923,DP06924,Sneha E,Mumbai,Cycle,Full-time,4.97,Y
6924,DP06925,Sneha G,Bengaluru,Scooter,Part-time,4.34,Y
6925,DP06926,Divya B,Mumbai,Scooter,Full-time,4.17,Y
6926,DP06927,Kiran Z,Kolkata,Bike,Full-time,4.01,Y
6927,DP06928,Suresh B,Chennai,Bike,Full-time,3.73,Y
6928,DP06929,Deepak J,Bengaluru,Scooter,Full-time,4.21,N
6929,DP06930,Nikhil C,Delhi,Bike,Part-time,3.78,Y
6930,DP06931,Pooja O,Bengaluru,Scooter,Part-time,4.35,Y
6931,DP06932,Shreya A,Hyderabad,Bike,Part-time,4.11,Y
6932,DP06933,Kiran U,Chennai,Scooter,Contract,3.72,Y
6933,DP06934,Meena W,Chennai,Car,Full-time,4.0,Y
6934,DP06935,Meena M,Bengaluru,Bike,Full-time,4.48,Y
6935,DP06936,Rahul W,Delhi,Cycle,Part-time,4.25,Y
6936,DP06937,Rakesh F,Bengaluru,Bike,Full-time,4.58,Y
6937,DP06938,Ravi U,Bengaluru,Scooter,Contract,4.35,Y
6938,DP06939,Sneha A,Hyderabad,Scooter,Full-time,4.49,Y
6939,DP06940,Ravi H,Mumbai,Bike,Part-time,4.74,Y
6940,DP06941,Ananya S,Hyderabad,Bike,Part-time,4.38,Y
6941,DP06942,Rahul R,Mumbai,Car,Full-time,4.33,Y
6942,DP06943,Ananya V,Delhi,Cycle,Full-time,3.89,N
6943,DP06944,Ravi Z,Mumbai,Bike,Part-time,4.19,Y
6944,DP06945,Priya F,Ahmedabad,Bike,Full-time,4.52,Y
6945,DP06946,Kiran I,Ahmedabad,Bike,Part-time,3.52,Y
6946,DP06947,Shreya A,Delhi,Cycle,Part-time,4.43,Y
6947,DP06948,Pooja M,Pune,Scooter,Part-time,3.67,Y
6948,DP06949,Santosh H,Bengaluru,Car,Full-time,4.4,N
6949,DP06950,Shreya S,Kolkata,Bike,Full-time,4.45,Y
6950,DP06951,Priya J,Delhi,Car,Full-time,4.33,N
6951,DP06952,Pooja M,Mumbai,Cycle,Full-time,4.35,Y
6952,DP06953,Ananya Q,Mumbai,Scooter,Full-time,4.0,Y
6953,DP06954,Neha E,Bengaluru,Scooter,Full-time,4.27,Y
6954,DP06955,Priya V,Delhi,Bike,Full-time,3.81,Y
6955,DP06956,Shreya X,Kolkata,Bike,Full-time,3.97,Y
6956,DP06957,Divya X,Pune,Bike,Full-time,4.34,Y
6957,DP06958,Sneha D,Bengaluru,Bike,Part-time,4.32,Y
6958,DP06959,Manoj P,Chennai,Scooter,Part-time,4.6,N
6959,DP06960,Rakesh J,Bengaluru,Scooter,Full-time,4.06,Y
6960,DP06961,Santosh T,Bengaluru,Cycle,Full-time,4.55,Y
6961,DP06962,Kiran Y,Pune,Bike,Contract,4.18,N
6962,DP06963,Pooja B,Mumbai,Scooter,Part-time,4.51,Y
6963,DP06964,Rahul M,Delhi,Cycle,Part-time,4.44,Y
6964,DP06965,Sneha R,Bengaluru,Scooter,Part-time,4.6,Y
6965,DP06966,Meena T,Kolkata,Scooter,Full-time,4.36,Y
6966,DP06967,Ravi Z,Bengaluru,Cycle,Full-time,4.11,Y
6967,DP06968,Kiran N,Chennai,Scooter,Full-time,4.37,Y
6968,DP06969,Kiran Y,Kolkata,Scooter,Part-time,4.04,Y
6969,DP06970,Amit Q,Mumbai,Cycle,Full-time,4.39,Y
6970,DP06971,Priya K,Bengaluru,Cycle,Full-time,4.1,N
6971,DP06972,Ananya W,Ahmedabad,Bike,Full-time,3.7,Y
6972,DP06973,Neha L,Kolkata,Scooter,Contract,4.21,Y
6973,DP06974,Amit V,Pune,Scooter,Full-time,4.2,Y
6974,DP06975,Santosh F,Bengaluru,Scooter,Part-time,4.27,Y
6975,DP06976,Meena Y,Bengaluru,Scooter,Contract,4.43,Y
6976,DP06977,Priya N,Mumbai,Scooter,Full-time,3.81,Y
6977,DP06978,Priya R,Hyderabad,Bike,Contract,3.72,N
6978,DP06979,Suresh J,Mumbai,Bike,Full-time,4.36,Y
6979,DP06980,Amit M,Mumbai,Bike,Part-time,3.76,Y
6980,DP06981,Meena A,Hyderabad,Bike,Full-time,3.51,Y
6981,DP06982,Ananya L,Delhi,Cycle,Part-time,4.11,Y
6982,DP06983,Arjun O,Ahmedabad,Bike,Full-time,4.01,Y
6983,DP06984,Santosh I,Delhi,Bike,Full-time,4.05,Y
6984,DP06985,Neha W,Bengaluru,Car,Contract,4.26,Y
6985,DP06986,Neha A,Ahmedabad,Bike,Full-time,4.34,Y
6986,DP06987,Kiran F,Mumbai,Scooter,Full-time,3.66,Y
6987,DP06988,Divya N,Hyderabad,Bike,Part-time,4.39,Y
6988,DP06989,Ravi K,Bengaluru,Bike,Full-time,4.21,Y
6989,DP06990,Priya U,Ahmedabad,Scooter,Part-time,4.42,N
6990,DP06991,Vikas Z,Ahmedabad,Bike,Full-time,4.51,Y
6991,DP06992,Nikhil A,Bengaluru,Scooter,Contract,4.32,Y
6992,DP06993,Suresh Y,Hyderabad,Bike,Full-time,4.11,N
6993,DP06994,Neha J,Kolkata,Scooter,Full-time,4.28,Y
6994,DP06995,Kiran W,Pune,Bike,Full-time,3.83,N
6995,DP06996,Meena Z,Hyderabad,Scooter,Part-time,4.22,Y
6996,DP06997,Manoj J,Mumbai,Scooter,Full-time,4.46,Y
6997,DP06998,Rakesh D,Bengaluru,Bike,Contract,4.76,Y
6998,DP06999,Sneha K,Ahmedabad,Scooter,Part-time,4.01,Y
6999,DP07000,Kiran N,Ahmedabad,Car,Full-time,4.1,Y
7000,DP07001,Divya X,Mumbai,Scooter,Part-time,4.33,Y
7001,DP07002,Suresh K,Bengaluru,Bike,Full-time,3.95,Y
7002,DP07003,Amit H,Kolkata,Scooter,Full-time,4.26,Y
7003,DP07004,Amit I,Bengaluru,Cycle,Contract,3.56,Y
7004,DP07005,Ravi M,Bengaluru,Cycle,Full-time,3.99,Y
7005,DP07006,Nikhil R,Mumbai,Scooter,Full-time,4.44,Y
7006,DP07007,Priya W,Pune,Cycle,Part-time,4.11,Y
7007,DP07008,Arjun B,Bengaluru,Bike,Part-time,4.52,Y
7008,DP07009,Sneha N,Pune,Scooter,Full-time,4.22,Y
7009,DP07010,Deepak T,Pune,Cycle,Full-time,4.4,Y
7010,DP07011,Vikas C,Hyderabad,Cycle,Full-time,4.07,Y
7011,DP07012,Shreya Y,Delhi,Scooter,Full-time,3.95,N
7012,DP07013,Ravi D,Bengaluru,Cycle,Part-time,3.46,Y
7013,DP07014,Arjun V,Bengaluru,Car,Full-time,4.11,Y
7014,DP07015,Ravi F,Bengaluru,Cycle,Full-time,4.42,Y
7015,DP07016,Pooja A,Mumbai,Bike,Full-time,4.04,N
7016,DP07017,Divya Y,Mumbai,Scooter,Full-time,3.96,Y
7017,DP07018,Rakesh C,Chennai,Bike,Contract,4.19,Y
7018,DP07019,Pooja B,Kolkata,Bike,Part-time,4.32,Y
7019,DP07020,Priya J,Delhi,Cycle,Full-time,3.99,Y
7020,DP07021,Ravi P,Bengaluru,Bike,Contract,4.14,Y
7021,DP07022,Sneha Q,Chennai,Scooter,Full-time,3.75,N
7022,DP07023,Divya R,Mumbai,Bike,Contract,4.01,Y
7023,DP07024,Amit V,Pune,Scooter,Contract,4.33,Y
7024,DP07025,Nikhil S,Bengaluru,Scooter,Contract,3.77,Y
7025,DP07026,Amit I,Bengaluru,Scooter,Contract,4.34,Y
7026,DP07027,Pooja B,Bengaluru,Scooter,Contract,4.28,Y
7027,DP07028,Sneha G,Kolkata,Cycle,Full-time,4.01,Y
7028,DP07029,Vikas E,Pune,Bike,Full-time,4.5,Y
7029,DP07030,Shreya W,Mumbai,Scooter,Full-time,4.67,Y
7030,DP07031,Priya B,Ahmedabad,Bike,Full-time,3.86,N
7031,DP07032,Ravi P,Bengaluru,Scooter,Full-time,4.45,Y
7032,DP07033,Amit Z,Delhi,Cycle,Part-time,4.54,Y
7033,DP07034,Manoj O,Mumbai,Scooter,Full-time,3.94,Y
7034,DP07035,Divya V,Bengaluru,Scooter,Part-time,4.37,Y
7035,DP07036,Arjun G,Bengaluru,Cycle,Part-time,4.57,Y
7036,DP07037,Arjun Z,Kolkata,Scooter,Full-time,3.9,N
7037,DP07038,Meena M,Bengaluru,Scooter,Full-time,4.33,Y
7038,DP07039,Priya C,Delhi,Scooter,Full-time,4.25,Y
7039,DP07040,Divya P,Chennai,Bike,Full-time,4.24,N
7040,DP07041,Rahul C,Bengaluru,Bike,Contract,4.33,Y
7041,DP07042,Santosh S,Bengaluru,Scooter,Full-time,3.44,Y
7042,DP07043,Meena W,Bengaluru,Bike,Part-time,4.1,Y
7043,DP07044,Manoj P,Delhi,Car,Full-time,4.56,Y
7044,DP07045,Suresh M,Delhi,Bike,Full-time,4.45,Y
7045,DP07046,Ravi I,Pune,Scooter,Full-time,4.36,Y
7046,DP07047,Divya H,Delhi,Bike,Full-time,3.99,Y
7047,DP07048,Pooja V,Mumbai,Scooter,Part-time,4.48,Y
7048,DP07049,Divya M,Hyderabad,Scooter,Full-time,4.1,N
7049,DP07050,Kiran L,Bengaluru,Bike,Contract,4.02,Y
7050,DP07051,Priya I,Ahmedabad,Bike,Full-time,4.13,N
7051,DP07052,Priya V,Kolkata,Bike,Full-time,4.78,Y
7052,DP07053,Amit K,Bengaluru,Scooter,Full-time,3.97,N
7053,DP07054,Kiran R,Ahmedabad,Bike,Contract,3.92,Y
7054,DP07055,Manoj W,Chennai,Scooter,Full-time,3.87,Y
7055,DP07056,Rahul D,Mumbai,Cycle,Part-time,3.79,Y
7056,DP07057,Rahul B,Delhi,Bike,Part-time,4.26,Y
7057,DP07058,Vikas S,Pune,Scooter,Part-time,4.83,Y
7058,DP07059,Kiran A,Delhi,Car,Contract,4.02,Y
7059,DP07060,Shreya A,Kolkata,Bike,Contract,4.5,Y
7060,DP07061,Nikhil S,Delhi,Cycle,Contract,4.43,Y
7061,DP07062,Kiran G,Delhi,Bike,Contract,4.73,Y
7062,DP07063,Neha R,Hyderabad,Scooter,Full-time,4.32,N
7063,DP07064,Ravi H,Mumbai,Cycle,Part-time,4.46,Y
7064,DP07065,Santosh T,Pune,Cycle,Full-time,4.07,Y
7065,DP07066,Rakesh E,Mumbai,Scooter,Part-time,4.31,Y
7066,DP07067,Nikhil K,Bengaluru,Car,Contract,3.91,Y
7067,DP07068,Rahul K,Chennai,Scooter,Full-time,3.99,Y
7068,DP07069,Nikhil M,Bengaluru,Car,Contract,4.17,Y
7069,DP07070,Rakesh M,Bengaluru,Car,Full-time,4.73,Y
7070,DP07071,Meena H,Delhi,Bike,Full-time,4.05,Y
7071,DP07072,Priya Y,Mumbai,Bike,Full-time,4.32,Y
7072,DP07073,Vikas W,Bengaluru,Bike,Part-time,4.45,N
7073,DP07074,Vikas R,Delhi,Bike,Full-time,3.91,Y
7074,DP07075,Neha V,Delhi,Bike,Part-time,4.54,Y
7075,DP07076,Priya I,Delhi,Bike,Part-time,4.15,N
7076,DP07077,Rahul C,Hyderabad,Scooter,Contract,4.64,Y
7077,DP07078,Neha J,Kolkata,Bike,Full-time,3.99,Y
7078,DP07079,Santosh U,Delhi,Bike,Full-time,3.9,N
7079,DP07080,Rakesh I,Hyderabad,Bike,Full-time,4.49,Y
7080,DP07081,Pooja U,Pune,Bike,Part-time,4.28,N
7081,DP07082,Suresh N,Bengaluru,Scooter,Contract,3.67,Y
7082,DP07083,Manoj G,Delhi,Bike,Full-time,4.34,Y
7083,DP07084,Suresh N,Bengaluru,Cycle,Part-time,4.56,Y
7084,DP07085,Divya T,Pune,Scooter,Full-time,4.32,Y
7085,DP07086,Arjun U,Bengaluru,Scooter,Part-time,4.28,Y
7086,DP07087,Santosh L,Delhi,Scooter,Full-time,4.3,Y
7087,DP07088,Pooja J,Bengaluru,Bike,Full-time,4.66,Y
7088,DP07089,Ananya F,Chennai,Scooter,Part-time,4.41,Y
7089,DP07090,Kiran A,Hyderabad,Bike,Part-time,3.95,Y
7090,DP07091,Manoj A,Bengaluru,Scooter,Contract,3.87,N
7091,DP07092,Rakesh T,Mumbai,Scooter,Part-time,4.02,N
7092,DP07093,Nikhil H,Bengaluru,Scooter,Contract,4.01,Y
7093,DP07094,Sneha N,Bengaluru,Bike,Full-time,3.65,Y
7094,DP07095,Rakesh X,Delhi,Bike,Contract,4.14,Y
7095,DP07096,Amit Z,Hyderabad,Scooter,Part-time,3.88,Y
7096,DP07097,Sneha J,Ahmedabad,Bike,Part-time,3.76,Y
7097,DP07098,Arjun T,Ahmedabad,Scooter,Contract,3.56,Y
7098,DP07099,Manoj I,Mumbai,Scooter,Part-time,4.39,Y
7099,DP07100,Santosh B,Kolkata,Scooter,Full-time,4.19,Y
7100,DP07101,Arjun O,Mumbai,Scooter,Full-time,4.05,Y
7101,DP07102,Sneha C,Delhi,Bike,Full-time,4.18,Y
7102,DP07103,Amit U,Bengaluru,Scooter,Part-time,4.03,Y
7103,DP07104,Sneha X,Delhi,Scooter,Full-time,4.07,Y
7104,DP07105,Manoj W,Chennai,Bike,Contract,4.07,Y
7105,DP07106,Suresh Y,Mumbai,Scooter,Full-time,4.29,Y
7106,DP07107,Suresh K,Mumbai,Bike,Full-time,4.42,Y
7107,DP07108,Nikhil F,Bengaluru,Scooter,Part-time,4.58,Y
7108,DP07109,Suresh A,Chennai,Scooter,Contract,3.89,Y
7109,DP07110,Ravi H,Delhi,Bike,Contract,4.5,N
7110,DP07111,Nikhil F,Mumbai,Bike,Part-time,4.1,Y
7111,DP07112,Pooja F,Bengaluru,Bike,Full-time,3.66,Y
7112,DP07113,Arjun V,Kolkata,Cycle,Full-time,3.87,Y
7113,DP07114,Neha J,Ahmedabad,Bike,Full-time,3.93,Y
7114,DP07115,Meena K,Bengaluru,Scooter,Full-time,4.19,Y
7115,DP07116,Priya H,Delhi,Bike,Part-time,3.93,N
7116,DP07117,Ananya R,Chennai,Cycle,Full-time,4.75,Y
7117,DP07118,Vikas K,Chennai,Scooter,Part-time,3.96,Y
7118,DP07119,Manoj W,Pune,Scooter,Part-time,4.18,Y
7119,DP07120,Divya U,Mumbai,Scooter,Full-time,3.68,Y
7120,DP07121,Manoj W,Hyderabad,Scooter,Contract,4.56,Y
7121,DP07122,Neha Y,Chennai,Scooter,Full-time,4.26,Y
7122,DP07123,Rakesh B,Ahmedabad,Bike,Part-time,4.79,Y
7123,DP07124,Neha M,Chennai,Scooter,Contract,4.01,Y
7124,DP07125,Nikhil R,Delhi,Scooter,Contract,3.74,Y
7125,DP07126,Vikas J,Ahmedabad,Scooter,Contract,4.33,Y
7126,DP07127,Meena Y,Hyderabad,Bike,Contract,4.53,Y
7127,DP07128,Priya U,Hyderabad,Cycle,Contract,4.2,Y
7128,DP07129,Shreya Q,Bengaluru,Bike,Contract,3.71,Y
7129,DP07130,Pooja A,Bengaluru,Bike,Full-time,3.69,Y
7130,DP07131,Deepak S,Delhi,Cycle,Contract,4.58,Y
7131,DP07132,Arjun D,Delhi,Bike,Full-time,4.55,Y
7132,DP07133,Pooja E,Delhi,Scooter,Part-time,4.43,Y
7133,DP07134,Pooja L,Bengaluru,Bike,Part-time,4.0,Y
7134,DP07135,Pooja P,Pune,Scooter,Part-time,4.42,N
7135,DP07136,Pooja L,Kolkata,Bike,Full-time,4.35,Y
7136,DP07137,Ananya T,Delhi,Cycle,Full-time,3.87,Y
7137,DP07138,Neha F,Hyderabad,Scooter,Contract,4.18,Y
7138,DP07139,Rahul M,Bengaluru,Bike,Part-time,4.4,Y
7139,DP07140,Vikas V,Ahmedabad,Cycle,Full-time,4.28,Y
7140,DP07141,Suresh R,Pune,Scooter,Full-time,3.82,Y
7141,DP07142,Divya S,Hyderabad,Scooter,Full-time,4.37,Y
7142,DP07143,Suresh B,Kolkata,Scooter,Part-time,4.58,Y
7143,DP07144,Ananya Z,Delhi,Scooter,Part-time,4.25,Y
7144,DP07145,Amit H,Hyderabad,Scooter,Full-time,3.85,Y
7145,DP07146,Rahul L,Kolkata,Scooter,Full-time,4.26,Y
7146,DP07147,Divya P,Delhi,Car,Full-time,4.25,Y
7147,DP07148,Amit K,Delhi,Scooter,Full-time,3.63,Y
7148,DP07149,Ananya D,Hyderabad,Scooter,Contract,4.31,N
7149,DP07150,Sneha G,Delhi,Scooter,Contract,4.81,Y
7150,DP07151,Arjun Q,Delhi,Scooter,Full-time,4.11,Y
7151,DP07152,Shreya O,Kolkata,Scooter,Full-time,4.37,N
7152,DP07153,Pooja C,Bengaluru,Scooter,Full-time,4.78,N
7153,DP07154,Vikas W,Mumbai,Scooter,Full-time,4.49,Y
7154,DP07155,Priya A,Hyderabad,Scooter,Full-time,4.16,Y
7155,DP07156,Neha M,Kolkata,Scooter,Full-time,3.78,Y
7156,DP07157,Ananya H,Ahmedabad,Bike,Part-time,4.15,Y
7157,DP07158,Rahul A,Bengaluru,Bike,Full-time,4.11,Y
7158,DP07159,Vikas X,Mumbai,Scooter,Part-time,4.46,Y
7159,DP07160,Arjun Q,Mumbai,Cycle,Part-time,4.07,Y
7160,DP07161,Nikhil N,Hyderabad,Bike,Full-time,3.86,Y
7161,DP07162,Rahul N,Ahmedabad,Bike,Full-time,4.75,Y
7162,DP07163,Arjun I,Mumbai,Bike,Full-time,4.36,N
7163,DP07164,Nikhil C,Mumbai,Car,Part-time,4.45,Y
7164,DP07165,Vikas O,Mumbai,Bike,Contract,4.06,Y
7165,DP07166,Amit J,Mumbai,Cycle,Full-time,4.43,Y
7166,DP07167,Divya N,Kolkata,Bike,Full-time,4.11,Y
7167,DP07168,Deepak D,Mumbai,Scooter,Contract,4.18,Y
7168,DP07169,Suresh H,Mumbai,Scooter,Contract,4.45,Y
7169,DP07170,Santosh O,Mumbai,Car,Full-time,4.42,Y
7170,DP07171,Neha J,Kolkata,Scooter,Full-time,4.21,Y
7171,DP07172,Priya Z,Bengaluru,Scooter,Part-time,3.94,Y
7172,DP07173,Manoj I,Kolkata,Bike,Full-time,3.52,Y
7173,DP07174,Arjun T,Mumbai,Cycle,Full-time,4.28,Y
7174,DP07175,Kiran Q,Ahmedabad,Scooter,Full-time,4.42,Y
7175,DP07176,Manoj Z,Bengaluru,Bike,Part-time,4.32,N
7176,DP07177,Shreya C,Chennai,Bike,Part-time,4.28,N
7177,DP07178,Arjun S,Chennai,Bike,Full-time,3.96,N
7178,DP07179,Neha K,Mumbai,Scooter,Part-time,4.59,Y
7179,DP07180,Sneha R,Bengaluru,Scooter,Full-time,4.33,Y
7180,DP07181,Shreya B,Pune,Scooter,Contract,4.24,Y
7181,DP07182,Ravi W,Delhi,Scooter,Full-time,3.69,Y
7182,DP07183,Suresh W,Bengaluru,Scooter,Part-time,3.95,Y
7183,DP07184,Manoj Z,Kolkata,Bike,Part-time,3.82,Y
7184,DP07185,Arjun A,Pune,Bike,Part-time,3.86,Y
7185,DP07186,Kiran G,Hyderabad,Scooter,Full-time,4.56,Y
7186,DP07187,Ananya Z,Chennai,Bike,Full-time,4.39,Y
7187,DP07188,Rakesh Z,Chennai,Scooter,Part-time,4.63,Y
7188,DP07189,Divya E,Delhi,Bike,Full-time,4.74,Y
7189,DP07190,Shreya E,Bengaluru,Bike,Full-time,3.91,Y
7190,DP07191,Deepak G,Delhi,Scooter,Part-time,4.51,Y
7191,DP07192,Kiran D,Chennai,Scooter,Contract,3.8,Y
7192,DP07193,Ravi L,Hyderabad,Scooter,Contract,4.69,Y
7193,DP07194,Ananya A,Mumbai,Bike,Part-time,4.15,Y
7194,DP07195,Kiran K,Chennai,Bike,Full-time,4.14,Y
7195,DP07196,Arjun L,Ahmedabad,Bike,Part-time,3.82,Y
7196,DP07197,Neha H,Chennai,Bike,Contract,3.92,Y
7197,DP07198,Rahul R,Ahmedabad,Scooter,Part-time,4.28,Y
7198,DP07199,Divya H,Hyderabad,Bike,Part-time,4.15,Y
7199,DP07200,Neha C,Delhi,Scooter,Full-time,4.19,Y
7200,DP07201,Neha E,Chennai,Bike,Full-time,4.34,Y
7201,DP07202,Amit L,Delhi,Cycle,Part-time,4.07,Y
7202,DP07203,Rakesh E,Hyderabad,Scooter,Contract,4.05,Y
7203,DP07204,Pooja G,Mumbai,Bike,Full-time,4.21,Y
7204,DP07205,Rahul H,Delhi,Scooter,Full-time,4.09,Y
7205,DP07206,Nikhil E,Kolkata,Scooter,Full-time,3.57,Y
7206,DP07207,Meena H,Hyderabad,Bike,Full-time,4.05,Y
7207,DP07208,Amit C,Mumbai,Scooter,Full-time,3.83,Y
7208,DP07209,Amit V,Bengaluru,Bike,Full-time,4.32,Y
7209,DP07210,Kiran D,Mumbai,Bike,Full-time,4.19,Y
7210,DP07211,Santosh Y,Delhi,Scooter,Part-time,4.34,N
7211,DP07212,Shreya Q,Pune,Cycle,Full-time,4.15,Y
7212,DP07213,Shreya D,Bengaluru,Cycle,Part-time,4.49,Y
7213,DP07214,Shreya T,Hyderabad,Bike,Part-time,4.83,Y
7214,DP07215,Rakesh N,Delhi,Scooter,Full-time,3.82,Y
7215,DP07216,Rahul E,Mumbai,Scooter,Full-time,4.2,Y
7216,DP07217,Amit X,Bengaluru,Scooter,Full-time,4.7,Y
7217,DP07218,Ravi R,Delhi,Scooter,Full-time,3.89,Y
7218,DP07219,Ananya V,Bengaluru,Bike,Full-time,4.21,Y
7219,DP07220,Shreya F,Chennai,Bike,Full-time,4.64,N
7220,DP07221,Rahul N,Delhi,Bike,Full-time,3.99,Y
7221,DP07222,Rakesh G,Pune,Bike,Full-time,3.99,Y
7222,DP07223,Vikas Y,Hyderabad,Scooter,Full-time,4.06,Y
7223,DP07224,Santosh R,Hyderabad,Bike,Full-time,4.5,Y
7224,DP07225,Ananya W,Ahmedabad,Bike,Full-time,3.98,Y
7225,DP07226,Pooja R,Hyderabad,Scooter,Part-time,4.03,Y
7226,DP07227,Meena G,Kolkata,Bike,Contract,4.56,Y
7227,DP07228,Rakesh K,Chennai,Scooter,Full-time,4.52,Y
7228,DP07229,Kiran E,Ahmedabad,Car,Contract,3.86,Y
7229,DP07230,Sneha V,Bengaluru,Scooter,Contract,4.68,Y
7230,DP07231,Deepak I,Hyderabad,Cycle,Full-time,4.92,Y
7231,DP07232,Deepak L,Chennai,Bike,Full-time,4.76,Y
7232,DP07233,Rahul I,Bengaluru,Scooter,Full-time,4.45,N
7233,DP07234,Sneha Q,Delhi,Cycle,Part-time,4.47,Y
7234,DP07235,Amit Q,Chennai,Car,Contract,3.87,Y
7235,DP07236,Rakesh I,Bengaluru,Bike,Contract,3.94,Y
7236,DP07237,Rakesh G,Kolkata,Scooter,Full-time,4.01,N
7237,DP07238,Santosh L,Mumbai,Bike,Part-time,4.14,Y
7238,DP07239,Kiran I,Kolkata,Car,Full-time,3.95,Y
7239,DP07240,Arjun P,Delhi,Bike,Full-time,4.29,Y
7240,DP07241,Suresh L,Delhi,Bike,Full-time,4.61,Y
7241,DP07242,Manoj I,Bengaluru,Car,Full-time,4.35,Y
7242,DP07243,Santosh D,Kolkata,Bike,Contract,4.73,Y
7243,DP07244,Ravi O,Kolkata,Bike,Contract,4.4,Y
7244,DP07245,Pooja L,Delhi,Bike,Part-time,4.1,Y
7245,DP07246,Kiran H,Mumbai,Scooter,Full-time,4.48,Y
7246,DP07247,Ananya Z,Pune,Car,Full-time,3.83,Y
7247,DP07248,Santosh T,Pune,Bike,Part-time,4.19,Y
7248,DP07249,Priya C,Chennai,Bike,Contract,4.48,Y
7249,DP07250,Meena T,Bengaluru,Cycle,Full-time,4.01,Y
7250,DP07251,Kiran U,Bengaluru,Scooter,Full-time,3.71,Y
7251,DP07252,Kiran W,Ahmedabad,Scooter,Contract,4.31,Y
7252,DP07253,Deepak U,Delhi,Bike,Part-time,3.98,Y
7253,DP07254,Divya Z,Bengaluru,Cycle,Full-time,4.07,Y
7254,DP07255,Santosh T,Bengaluru,Scooter,Full-time,3.77,Y
7255,DP07256,Ananya B,Chennai,Bike,Full-time,4.07,Y
7256,DP07257,Arjun H,Hyderabad,Scooter,Full-time,3.74,Y
7257,DP07258,Neha Y,Hyderabad,Cycle,Contract,3.86,Y
7258,DP07259,Sneha M,Mumbai,Bike,Full-time,4.28,Y
7259,DP07260,Vikas D,Mumbai,Scooter,Full-time,4.32,Y
7260,DP07261,Meena D,Kolkata,Cycle,Contract,4.42,Y
7261,DP07262,Rahul P,Bengaluru,Bike,Full-time,3.93,Y
7262,DP07263,Nikhil K,Pune,Cycle,Full-time,4.27,Y
7263,DP07264,Suresh J,Chennai,Cycle,Full-time,4.81,Y
7264,DP07265,Amit O,Mumbai,Scooter,Full-time,4.54,Y
7265,DP07266,Nikhil A,Mumbai,Bike,Contract,4.57,Y
7266,DP07267,Nikhil B,Bengaluru,Scooter,Part-time,4.31,Y
7267,DP07268,Priya Z,Mumbai,Bike,Part-time,3.59,Y
7268,DP07269,Arjun T,Kolkata,Scooter,Contract,3.7,Y
7269,DP07270,Suresh H,Pune,Bike,Contract,4.66,Y
7270,DP07271,Rahul D,Bengaluru,Scooter,Full-time,4.28,Y
7271,DP07272,Amit J,Delhi,Bike,Full-time,4.23,Y
7272,DP07273,Rakesh P,Ahmedabad,Scooter,Full-time,4.27,Y
7273,DP07274,Priya D,Ahmedabad,Bike,Full-time,4.37,Y
7274,DP07275,Rahul G,Mumbai,Cycle,Part-time,4.14,Y
7275,DP07276,Shreya J,Delhi,Scooter,Full-time,4.35,Y
7276,DP07277,Rakesh R,Bengaluru,Bike,Full-time,4.19,Y
7277,DP07278,Manoj X,Pune,Scooter,Part-time,4.11,Y
7278,DP07279,Sneha H,Kolkata,Scooter,Full-time,4.25,Y
7279,DP07280,Pooja I,Bengaluru,Scooter,Full-time,4.1,Y
7280,DP07281,Arjun H,Delhi,Scooter,Part-time,4.02,Y
7281,DP07282,Divya C,Delhi,Bike,Part-time,4.17,Y
7282,DP07283,Arjun L,Chennai,Cycle,Part-time,3.68,Y
7283,DP07284,Suresh C,Delhi,Bike,Contract,4.32,Y
7284,DP07285,Nikhil J,Kolkata,Bike,Full-time,4.27,Y
7285,DP07286,Neha O,Mumbai,Bike,Full-time,4.4,Y
7286,DP07287,Suresh P,Bengaluru,Car,Part-time,3.81,Y
7287,DP07288,Neha Q,Bengaluru,Scooter,Contract,4.35,Y
7288,DP07289,Divya K,Bengaluru,Scooter,Contract,4.11,Y
7289,DP07290,Sneha J,Chennai,Cycle,Full-time,3.73,Y
7290,DP07291,Kiran H,Kolkata,Bike,Part-time,4.3,Y
7291,DP07292,Rakesh Y,Bengaluru,Scooter,Contract,4.0,Y
7292,DP07293,Meena J,Mumbai,Cycle,Full-time,4.44,Y
7293,DP07294,Rahul A,Ahmedabad,Scooter,Full-time,4.73,Y
7294,DP07295,Shreya H,Mumbai,Bike,Contract,4.27,Y
7295,DP07296,Sneha I,Bengaluru,Bike,Full-time,4.45,Y
7296,DP07297,Vikas Y,Chennai,Bike,Contract,4.07,Y
7297,DP07298,Ravi X,Hyderabad,Bike,Full-time,4.26,Y
7298,DP07299,Pooja G,Bengaluru,Scooter,Full-time,4.33,N
7299,DP07300,Manoj M,Delhi,Scooter,Part-time,4.38,Y
7300,DP07301,Ananya I,Delhi,Scooter,Contract,4.18,Y
7301,DP07302,Priya Y,Mumbai,Cycle,Full-time,3.97,Y
7302,DP07303,Arjun L,Mumbai,Bike,Part-time,4.32,Y
7303,DP07304,Deepak H,Mumbai,Scooter,Full-time,4.53,Y
7304,DP07305,Vikas X,Bengaluru,Bike,Full-time,4.32,Y
7305,DP07306,Santosh U,Ahmedabad,Bike,Part-time,3.9,Y
7306,DP07307,Pooja B,Delhi,Scooter,Full-time,4.64,Y
7307,DP07308,Kiran P,Hyderabad,Bike,Full-time,4.15,Y
7308,DP07309,Deepak M,Bengaluru,Scooter,Full-time,5.0,Y
7309,DP07310,Ananya D,Chennai,Cycle,Contract,3.91,N
7310,DP07311,Sneha Z,Ahmedabad,Bike,Part-time,4.95,Y
7311,DP07312,Santosh Q,Mumbai,Car,Full-time,4.22,Y
7312,DP07313,Rakesh X,Pune,Bike,Part-time,4.26,Y
7313,DP07314,Suresh N,Bengaluru,Cycle,Part-time,4.04,Y
7314,DP07315,Pooja V,Ahmedabad,Bike,Full-time,4.06,Y
7315,DP07316,Ananya F,Bengaluru,Cycle,Full-time,4.53,N
7316,DP07317,Manoj Z,Ahmedabad,Scooter,Contract,4.1,N
7317,DP07318,Santosh Z,Pune,Scooter,Full-time,4.23,Y
7318,DP07319,Nikhil I,Bengaluru,Scooter,Part-time,4.26,Y
7319,DP07320,Shreya U,Hyderabad,Scooter,Full-time,4.5,Y
7320,DP07321,Pooja R,Ahmedabad,Bike,Full-time,4.19,Y
7321,DP07322,Rahul T,Hyderabad,Cycle,Full-time,4.48,Y
7322,DP07323,Rakesh Y,Kolkata,Scooter,Full-time,4.75,Y
7323,DP07324,Nikhil F,Pune,Scooter,Full-time,3.93,Y
7324,DP07325,Nikhil G,Bengaluru,Cycle,Full-time,4.02,Y
7325,DP07326,Meena X,Delhi,Bike,Full-time,4.08,Y
7326,DP07327,Pooja C,Bengaluru,Scooter,Full-time,4.05,Y
7327,DP07328,Rahul I,Delhi,Scooter,Part-time,4.45,Y
7328,DP07329,Rahul C,Mumbai,Scooter,Part-time,3.98,Y
7329,DP07330,Suresh U,Chennai,Scooter,Contract,4.19,Y
7330,DP07331,Ravi I,Bengaluru,Cycle,Part-time,3.94,Y
7331,DP07332,Divya J,Bengaluru,Cycle,Contract,4.47,Y
7332,DP07333,Kiran K,Delhi,Bike,Full-time,4.13,Y
7333,DP07334,Amit J,Bengaluru,Bike,Full-time,4.05,Y
7334,DP07335,Deepak N,Kolkata,Bike,Contract,4.57,N
7335,DP07336,Arjun V,Delhi,Bike,Full-time,3.92,Y
7336,DP07337,Nikhil D,Delhi,Car,Full-time,4.51,Y
7337,DP07338,Suresh I,Hyderabad,Car,Part-time,4.37,Y
7338,DP07339,Santosh J,Chennai,Bike,Full-time,4.34,Y
7339,DP07340,Ananya L,Chennai,Cycle,Full-time,4.02,Y
7340,DP07341,Priya E,Hyderabad,Scooter,Full-time,3.94,Y
7341,DP07342,Nikhil Z,Pune,Bike,Full-time,4.23,Y
7342,DP07343,Priya K,Kolkata,Scooter,Contract,4.09,Y
7343,DP07344,Shreya O,Ahmedabad,Bike,Contract,3.78,Y
7344,DP07345,Rahul V,Bengaluru,Scooter,Part-time,3.68,Y
7345,DP07346,Manoj Y,Kolkata,Car,Full-time,3.95,Y
7346,DP07347,Shreya X,Kolkata,Scooter,Full-time,4.12,Y
7347,DP07348,Vikas I,Pune,Scooter,Contract,4.4,Y
7348,DP07349,Suresh T,Mumbai,Scooter,Full-time,4.29,Y
7349,DP07350,Pooja U,Chennai,Scooter,Full-time,3.48,Y
7350,DP07351,Arjun U,Delhi,Scooter,Part-time,4.09,Y
7351,DP07352,Meena L,Bengaluru,Bike,Full-time,4.54,Y
7352,DP07353,Neha A,Mumbai,Bike,Full-time,3.76,Y
7353,DP07354,Vikas E,Bengaluru,Scooter,Contract,3.61,Y
7354,DP07355,Divya R,Delhi,Scooter,Full-time,4.09,Y
7355,DP07356,Ravi N,Chennai,Cycle,Part-time,3.99,N
7356,DP07357,Neha Z,Pune,Scooter,Full-time,4.01,Y
7357,DP07358,Sneha G,Bengaluru,Scooter,Full-time,4.34,Y
7358,DP07359,Manoj P,Ahmedabad,Scooter,Part-time,4.29,N
7359,DP07360,Amit U,Mumbai,Cycle,Full-time,3.64,N
7360,DP07361,Shreya M,Delhi,Bike,Part-time,4.23,Y
7361,DP07362,Amit K,Pune,Car,Full-time,4.41,Y
7362,DP07363,Manoj T,Hyderabad,Bike,Contract,3.82,Y
7363,DP07364,Rahul D,Mumbai,Scooter,Full-time,3.98,Y
7364,DP07365,Arjun T,Bengaluru,Bike,Contract,3.79,Y
7365,DP07366,Suresh U,Ahmedabad,Scooter,Contract,4.66,Y
7366,DP07367,Rahul R,Bengaluru,Scooter,Part-time,4.0,Y
7367,DP07368,Divya Y,Delhi,Bike,Contract,4.28,Y
7368,DP07369,Meena Z,Delhi,Scooter,Contract,4.26,Y
7369,DP07370,Meena Y,Kolkata,Scooter,Full-time,4.27,Y
7370,DP07371,Ananya U,Mumbai,Scooter,Contract,4.24,Y
7371,DP07372,Priya T,Kolkata,Scooter,Contract,4.3,Y
7372,DP07373,Shreya A,Mumbai,Scooter,Full-time,3.97,Y
7373,DP07374,Nikhil K,Pune,Car,Full-time,4.49,Y
7374,DP07375,Rakesh Z,Chennai,Cycle,Part-time,4.27,Y
7375,DP07376,Manoj Z,Bengaluru,Scooter,Part-time,4.12,Y
7376,DP07377,Ravi T,Ahmedabad,Bike,Full-time,4.25,Y
7377,DP07378,Ravi I,Pune,Bike,Contract,3.85,Y
7378,DP07379,Rakesh V,Ahmedabad,Scooter,Full-time,3.92,Y
7379,DP07380,Suresh M,Ahmedabad,Bike,Full-time,4.06,Y
7380,DP07381,Manoj T,Kolkata,Bike,Contract,4.48,Y
7381,DP07382,Priya D,Bengaluru,Bike,Full-time,4.22,Y
7382,DP07383,Neha J,Ahmedabad,Scooter,Full-time,3.78,Y
7383,DP07384,Arjun Z,Delhi,Scooter,Full-time,3.93,Y
7384,DP07385,Priya H,Bengaluru,Cycle,Contract,4.61,Y
7385,DP07386,Pooja I,Kolkata,Car,Full-time,3.71,Y
7386,DP07387,Rahul E,Chennai,Cycle,Contract,3.83,Y
7387,DP07388,Shreya R,Bengaluru,Scooter,Full-time,4.26,Y
7388,DP07389,Rahul Y,Delhi,Scooter,Full-time,4.15,Y
7389,DP07390,Ravi P,Chennai,Bike,Full-time,4.26,Y
7390,DP07391,Pooja T,Ahmedabad,Scooter,Contract,4.78,Y
7391,DP07392,Pooja Q,Bengaluru,Scooter,Part-time,3.98,Y
7392,DP07393,Ravi G,Hyderabad,Cycle,Full-time,4.66,Y
7393,DP07394,Shreya U,Chennai,Scooter,Full-time,3.64,N
7394,DP07395,Manoj J,Chennai,Scooter,Full-time,4.25,Y
7395,DP07396,Rakesh M,Delhi,Scooter,Contract,4.07,Y
7396,DP07397,Deepak J,Hyderabad,Car,Full-time,4.01,Y
7397,DP07398,Priya E,Pune,Cycle,Full-time,3.96,N
7398,DP07399,Arjun Z,Delhi,Cycle,Part-time,4.02,Y
7399,DP07400,Manoj N,Chennai,Bike,Part-time,4.05,Y
7400,DP07401,Sneha E,Pune,Scooter,Full-time,3.95,Y
7401,DP07402,Pooja M,Kolkata,Bike,Full-time,3.97,Y
7402,DP07403,Sneha R,Mumbai,Cycle,Part-time,4.39,Y
7403,DP07404,Rahul L,Bengaluru,Scooter,Full-time,4.49,Y
7404,DP07405,Nikhil Y,Bengaluru,Bike,Part-time,4.41,Y
7405,DP07406,Vikas A,Mumbai,Scooter,Part-time,4.22,Y
7406,DP07407,Amit P,Delhi,Scooter,Part-time,3.89,Y
7407,DP07408,Ananya L,Ahmedabad,Bike,Full-time,4.23,Y
7408,DP07409,Rahul Q,Pune,Bike,Part-time,4.08,N
7409,DP07410,Nikhil U,Ahmedabad,Bike,Full-time,3.97,Y
7410,DP07411,Kiran C,Chennai,Cycle,Full-time,3.87,Y
7411,DP07412,Manoj D,Bengaluru,Bike,Full-time,4.14,N
7412,DP07413,Kiran B,Chennai,Scooter,Full-time,4.57,Y
7413,DP07414,Arjun T,Bengaluru,Car,Part-time,3.79,Y
7414,DP07415,Ananya T,Chennai,Scooter,Full-time,4.46,Y
7415,DP07416,Amit T,Pune,Scooter,Part-time,4.46,Y
7416,DP07417,Shreya Z,Bengaluru,Cycle,Full-time,4.3,Y
7417,DP07418,Vikas U,Chennai,Scooter,Contract,4.11,Y
7418,DP07419,Kiran U,Chennai,Scooter,Part-time,4.76,Y
7419,DP07420,Meena I,Mumbai,Bike,Full-time,4.11,Y
7420,DP07421,Rahul Z,Delhi,Scooter,Full-time,4.47,Y
7421,DP07422,Nikhil P,Bengaluru,Cycle,Full-time,4.04,Y
7422,DP07423,Divya R,Mumbai,Bike,Part-time,4.33,Y
7423,DP07424,Meena L,Bengaluru,Scooter,Contract,4.33,Y
7424,DP07425,Neha A,Ahmedabad,Bike,Full-time,4.22,Y
7425,DP07426,Vikas X,Bengaluru,Scooter,Part-time,4.29,Y
7426,DP07427,Amit X,Delhi,Bike,Full-time,3.86,Y
7427,DP07428,Nikhil H,Bengaluru,Scooter,Contract,4.11,Y
7428,DP07429,Santosh B,Chennai,Cycle,Part-time,4.14,Y
7429,DP07430,Meena S,Mumbai,Bike,Full-time,4.62,Y
7430,DP07431,Amit A,Kolkata,Scooter,Part-time,3.83,Y
7431,DP07432,Priya M,Bengaluru,Bike,Contract,4.04,Y
7432,DP07433,Rakesh D,Chennai,Car,Part-time,4.19,Y
7433,DP07434,Pooja W,Bengaluru,Scooter,Contract,4.18,Y
7434,DP07435,Divya A,Chennai,Scooter,Part-time,4.26,Y
7435,DP07436,Pooja Z,Kolkata,Bike,Full-time,4.36,Y
7436,DP07437,Amit Z,Bengaluru,Bike,Part-time,3.83,Y
7437,DP07438,Rahul F,Ahmedabad,Bike,Part-time,4.29,Y
7438,DP07439,Vikas U,Mumbai,Cycle,Contract,4.04,Y
7439,DP07440,Deepak X,Kolkata,Scooter,Full-time,4.16,Y
7440,DP07441,Sneha Z,Pune,Car,Contract,3.95,Y
7441,DP07442,Kiran V,Bengaluru,Bike,Full-time,4.26,Y
7442,DP07443,Suresh I,Mumbai,Scooter,Full-time,4.16,Y
7443,DP07444,Manoj G,Chennai,Cycle,Full-time,4.33,Y
7444,DP07445,Rahul B,Hyderabad,Scooter,Full-time,4.28,Y
7445,DP07446,Pooja Y,Delhi,Scooter,Part-time,4.2,Y
7446,DP07447,Rakesh T,Bengaluru,Bike,Full-time,4.09,Y
7447,DP07448,Divya W,Bengaluru,Bike,Full-time,4.19,Y
7448,DP07449,Sneha V,Kolkata,Bike,Contract,4.12,Y
7449,DP07450,Ravi Z,Pune,Cycle,Part-time,4.21,N
7450,DP07451,Nikhil B,Chennai,Bike,Contract,4.0,Y
7451,DP07452,Divya L,Mumbai,Cycle,Full-time,3.63,N
7452,DP07453,Sneha C,Pune,Scooter,Contract,3.63,Y
7453,DP07454,Ravi Y,Bengaluru,Scooter,Contract,4.22,Y
7454,DP07455,Priya T,Delhi,Cycle,Part-time,4.13,Y
7455,DP07456,Meena Y,Bengaluru,Scooter,Part-time,4.39,Y
7456,DP07457,Deepak D,Mumbai,Cycle,Full-time,4.39,Y
7457,DP07458,Sneha E,Ahmedabad,Car,Part-time,4.12,Y
7458,DP07459,Arjun H,Bengaluru,Bike,Part-time,4.27,Y
7459,DP07460,Suresh B,Delhi,Cycle,Full-time,3.73,Y
7460,DP07461,Ravi I,Mumbai,Bike,Full-time,4.24,Y
7461,DP07462,Manoj F,Hyderabad,Scooter,Part-time,4.39,Y
7462,DP07463,Neha I,Kolkata,Scooter,Full-time,4.1,Y
7463,DP07464,Pooja J,Ahmedabad,Bike,Part-time,4.29,Y
7464,DP07465,Divya Z,Chennai,Car,Part-time,4.06,Y
7465,DP07466,Vikas K,Bengaluru,Bike,Full-time,4.15,Y
7466,DP07467,Shreya E,Delhi,Cycle,Full-time,3.92,Y
7467,DP07468,Ananya E,Mumbai,Scooter,Part-time,4.66,Y
7468,DP07469,Ananya C,Mumbai,Bike,Part-time,4.22,Y
7469,DP07470,Pooja B,Chennai,Bike,Contract,3.67,Y
7470,DP07471,Ravi N,Kolkata,Bike,Full-time,3.82,Y
7471,DP07472,Suresh Y,Chennai,Cycle,Full-time,4.49,Y
7472,DP07473,Manoj F,Bengaluru,Cycle,Contract,4.24,Y
7473,DP07474,Neha X,Delhi,Car,Contract,4.21,Y
7474,DP07475,Neha M,Delhi,Bike,Full-time,4.36,N
7475,DP07476,Ananya D,Hyderabad,Bike,Contract,4.23,Y
7476,DP07477,Divya P,Pune,Bike,Full-time,3.79,N
7477,DP07478,Divya T,Mumbai,Scooter,Part-time,4.2,Y
7478,DP07479,Pooja B,Bengaluru,Bike,Part-time,4.08,Y
7479,DP07480,Pooja E,Chennai,Bike,Full-time,3.75,Y
7480,DP07481,Neha J,Delhi,Car,Part-time,4.72,Y
7481,DP07482,Arjun E,Mumbai,Bike,Part-time,4.2,Y
7482,DP07483,Shreya Y,Delhi,Scooter,Contract,4.18,Y
7483,DP07484,Suresh J,Mumbai,Scooter,Full-time,4.61,Y
7484,DP07485,Nikhil N,Delhi,Car,Contract,4.63,Y
7485,DP07486,Priya J,Chennai,Scooter,Full-time,4.08,Y
7486,DP07487,Manoj G,Mumbai,Scooter,Part-time,4.01,Y
7487,DP07488,Meena Q,Ahmedabad,Bike,Part-time,3.99,Y
7488,DP07489,Ravi O,Delhi,Cycle,Full-time,4.06,Y
7489,DP07490,Suresh I,Mumbai,Bike,Full-time,4.66,Y
7490,DP07491,Priya D,Hyderabad,Bike,Contract,5.0,N
7491,DP07492,Amit X,Pune,Scooter,Contract,3.96,Y
7492,DP07493,Arjun F,Hyderabad,Bike,Full-time,3.5,Y
7493,DP07494,Arjun B,Kolkata,Cycle,Full-time,4.39,Y
7494,DP07495,Rahul S,Hyderabad,Bike,Full-time,3.95,Y
7495,DP07496,Ravi T,Kolkata,Bike,Contract,4.34,Y
7496,DP07497,Rakesh U,Delhi,Cycle,Full-time,3.93,N
7497,DP07498,Meena X,Pune,Bike,Part-time,3.94,Y
7498,DP07499,Deepak N,Bengaluru,Scooter,Full-time,3.86,Y
7499,DP07500,Vikas X,Bengaluru,Car,Part-time,4.04,Y
7500,DP07501,Divya O,Mumbai,Cycle,Full-time,3.87,Y
7501,DP07502,Manoj Y,Chennai,Scooter,Contract,4.12,Y
7502,DP07503,Divya Y,Bengaluru,Bike,Contract,3.93,Y
7503,DP07504,Ravi W,Bengaluru,Scooter,Full-time,4.6,Y
7504,DP07505,Vikas R,Kolkata,Cycle,Part-time,4.11,Y
7505,DP07506,Rahul N,Pune,Scooter,Contract,3.9,Y
7506,DP07507,Divya C,Kolkata,Cycle,Full-time,4.41,Y
7507,DP07508,Sneha G,Mumbai,Scooter,Part-time,4.32,Y
7508,DP07509,Kiran S,Bengaluru,Cycle,Part-time,4.27,Y
7509,DP07510,Shreya H,Delhi,Bike,Full-time,4.14,Y
7510,DP07511,Neha E,Chennai,Scooter,Full-time,3.85,N
7511,DP07512,Santosh F,Pune,Scooter,Part-time,4.2,Y
7512,DP07513,Suresh S,Mumbai,Scooter,Contract,4.52,Y
7513,DP07514,Ravi J,Bengaluru,Scooter,Full-time,4.43,Y
7514,DP07515,Meena D,Delhi,Scooter,Full-time,4.28,Y
7515,DP07516,Kiran L,Chennai,Scooter,Full-time,4.49,Y
7516,DP07517,Santosh F,Delhi,Cycle,Full-time,4.89,Y
7517,DP07518,Ravi A,Ahmedabad,Scooter,Contract,3.71,Y
7518,DP07519,Kiran G,Bengaluru,Bike,Contract,3.88,Y
7519,DP07520,Vikas F,Hyderabad,Cycle,Part-time,4.13,Y
7520,DP07521,Meena Y,Bengaluru,Scooter,Full-time,4.35,Y
7521,DP07522,Divya Z,Mumbai,Scooter,Full-time,4.76,Y
7522,DP07523,Priya U,Kolkata,Scooter,Full-time,4.26,Y
7523,DP07524,Meena R,Hyderabad,Scooter,Full-time,4.45,Y
7524,DP07525,Deepak E,Delhi,Cycle,Full-time,4.41,Y
7525,DP07526,Sneha Q,Delhi,Scooter,Full-time,3.89,Y
7526,DP07527,Kiran A,Hyderabad,Car,Contract,3.77,Y
7527,DP07528,Kiran H,Delhi,Bike,Contract,4.14,Y
7528,DP07529,Shreya E,Delhi,Bike,Part-time,3.85,Y
7529,DP07530,Arjun V,Mumbai,Bike,Part-time,4.38,Y
7530,DP07531,Meena K,Bengaluru,Scooter,Part-time,4.7,Y
7531,DP07532,Rahul F,Ahmedabad,Bike,Part-time,4.25,Y
7532,DP07533,Neha R,Hyderabad,Scooter,Full-time,4.46,Y
7533,DP07534,Ananya M,Mumbai,Bike,Full-time,4.26,Y
7534,DP07535,Suresh A,Bengaluru,Scooter,Full-time,4.38,Y
7535,DP07536,Sneha I,Delhi,Cycle,Full-time,4.44,Y
7536,DP07537,Sneha M,Chennai,Bike,Part-time,3.71,N
7537,DP07538,Neha Y,Chennai,Cycle,Part-time,4.23,Y
7538,DP07539,Arjun W,Bengaluru,Bike,Contract,3.73,Y
7539,DP07540,Amit H,Bengaluru,Scooter,Contract,4.29,N
7540,DP07541,Meena W,Bengaluru,Bike,Full-time,3.96,Y
7541,DP07542,Amit F,Bengaluru,Cycle,Full-time,4.42,Y
7542,DP07543,Nikhil E,Mumbai,Cycle,Contract,4.25,Y
7543,DP07544,Rahul Z,Delhi,Scooter,Full-time,4.24,Y
7544,DP07545,Meena E,Mumbai,Scooter,Contract,3.82,N
7545,DP07546,Amit K,Ahmedabad,Car,Full-time,4.62,Y
7546,DP07547,Kiran D,Mumbai,Scooter,Full-time,4.09,N
7547,DP07548,Rakesh X,Bengaluru,Bike,Full-time,4.43,Y
7548,DP07549,Divya Q,Chennai,Scooter,Full-time,4.31,Y
7549,DP07550,Kiran S,Hyderabad,Scooter,Full-time,4.48,Y
7550,DP07551,Divya Y,Hyderabad,Scooter,Part-time,4.62,Y
7551,DP07552,Meena O,Bengaluru,Bike,Full-time,3.96,Y
7552,DP07553,Deepak K,Hyderabad,Bike,Part-time,3.57,Y
7553,DP07554,Meena K,Pune,Bike,Part-time,3.82,N
7554,DP07555,Shreya W,Mumbai,Scooter,Part-time,4.43,Y
7555,DP07556,Rakesh D,Bengaluru,Bike,Full-time,4.01,Y
7556,DP07557,Vikas R,Delhi,Cycle,Part-time,4.35,Y
7557,DP07558,Suresh J,Mumbai,Bike,Full-time,4.01,Y
7558,DP07559,Santosh K,Hyderabad,Cycle,Contract,3.86,Y
7559,DP07560,Rakesh D,Bengaluru,Scooter,Full-time,3.83,Y
7560,DP07561,Suresh A,Bengaluru,Bike,Full-time,3.65,Y
7561,DP07562,Vikas S,Mumbai,Cycle,Full-time,4.09,Y
7562,DP07563,Deepak C,Mumbai,Scooter,Full-time,4.15,Y
7563,DP07564,Vikas H,Hyderabad,Scooter,Full-time,4.12,Y
7564,DP07565,Arjun E,Delhi,Scooter,Full-time,3.82,Y
7565,DP07566,Rahul H,Bengaluru,Bike,Full-time,4.53,Y
7566,DP07567,Neha Z,Chennai,Scooter,Full-time,4.43,Y
7567,DP07568,Neha Y,Hyderabad,Car,Contract,3.92,Y
7568,DP07569,Arjun O,Bengaluru,Bike,Full-time,4.52,Y
7569,DP07570,Rakesh T,Pune,Scooter,Full-time,4.04,Y
7570,DP07571,Meena Q,Chennai,Cycle,Full-time,3.81,Y
7571,DP07572,Santosh P,Pune,Cycle,Contract,4.17,Y
7572,DP07573,Manoj B,Mumbai,Bike,Part-time,4.66,Y
7573,DP07574,Manoj W,Kolkata,Scooter,Full-time,4.16,N
7574,DP07575,Amit P,Bengaluru,Scooter,Full-time,4.69,Y
7575,DP07576,Rahul X,Pune,Bike,Part-time,4.07,Y
7576,DP07577,Deepak B,Delhi,Car,Full-time,4.1,Y
7577,DP07578,Ravi W,Kolkata,Bike,Full-time,4.46,Y
7578,DP07579,Neha W,Bengaluru,Scooter,Part-time,4.09,Y
7579,DP07580,Neha K,Bengaluru,Scooter,Contract,4.61,Y
7580,DP07581,Deepak I,Chennai,Scooter,Full-time,4.36,Y
7581,DP07582,Suresh M,Mumbai,Bike,Full-time,4.06,Y
7582,DP07583,Meena D,Mumbai,Scooter,Part-time,4.36,Y
7583,DP07584,Neha Y,Bengaluru,Scooter,Part-time,3.55,Y
7584,DP07585,Sneha E,Kolkata,Scooter,Contract,4.06,Y
7585,DP07586,Kiran P,Hyderabad,Bike,Full-time,4.73,Y
7586,DP07587,Deepak U,Mumbai,Cycle,Part-time,4.28,Y
7587,DP07588,Deepak E,Kolkata,Scooter,Contract,4.17,Y
7588,DP07589,Nikhil S,Bengaluru,Scooter,Full-time,3.91,Y
7589,DP07590,Divya G,Delhi,Cycle,Contract,4.29,Y
7590,DP07591,Vikas Z,Delhi,Bike,Contract,3.99,Y
7591,DP07592,Suresh T,Bengaluru,Scooter,Contract,3.85,Y
7592,DP07593,Sneha H,Mumbai,Cycle,Part-time,4.88,Y
7593,DP07594,Meena F,Bengaluru,Bike,Full-time,4.09,Y
7594,DP07595,Vikas G,Hyderabad,Scooter,Part-time,4.41,Y
7595,DP07596,Santosh R,Bengaluru,Bike,Full-time,4.85,Y
7596,DP07597,Meena N,Delhi,Bike,Full-time,4.07,Y
7597,DP07598,Divya N,Kolkata,Bike,Part-time,4.37,Y
7598,DP07599,Rakesh A,Ahmedabad,Bike,Full-time,4.21,Y
7599,DP07600,Kiran Z,Bengaluru,Scooter,Part-time,4.09,Y
7600,DP07601,Santosh H,Delhi,Bike,Full-time,3.88,Y
7601,DP07602,Amit S,Delhi,Scooter,Contract,4.02,Y
7602,DP07603,Meena X,Bengaluru,Bike,Full-time,4.34,Y
7603,DP07604,Rakesh D,Delhi,Scooter,Full-time,4.36,Y
7604,DP07605,Santosh O,Delhi,Bike,Full-time,3.85,Y
7605,DP07606,Nikhil S,Ahmedabad,Car,Full-time,4.27,Y
7606,DP07607,Ravi S,Kolkata,Scooter,Full-time,4.19,N
7607,DP07608,Amit I,Mumbai,Scooter,Full-time,4.44,Y
7608,DP07609,Amit W,Kolkata,Bike,Full-time,4.42,Y
7609,DP07610,Suresh Z,Bengaluru,Cycle,Contract,4.08,Y
7610,DP07611,Rakesh O,Ahmedabad,Scooter,Part-time,4.16,Y
7611,DP07612,Rakesh C,Mumbai,Bike,Full-time,3.95,Y
7612,DP07613,Shreya W,Bengaluru,Bike,Full-time,3.85,Y
7613,DP07614,Meena F,Ahmedabad,Scooter,Full-time,4.17,Y
7614,DP07615,Neha B,Bengaluru,Scooter,Full-time,4.29,N
7615,DP07616,Kiran T,Chennai,Cycle,Full-time,4.69,Y
7616,DP07617,Suresh J,Bengaluru,Scooter,Full-time,3.87,Y
7617,DP07618,Pooja T,Delhi,Scooter,Part-time,4.25,Y
7618,DP07619,Suresh N,Mumbai,Scooter,Full-time,4.13,Y
7619,DP07620,Ananya V,Mumbai,Scooter,Part-time,4.21,Y
7620,DP07621,Arjun O,Bengaluru,Bike,Part-time,4.58,Y
7621,DP07622,Meena W,Kolkata,Bike,Full-time,4.38,Y
7622,DP07623,Nikhil V,Bengaluru,Car,Full-time,3.94,Y
7623,DP07624,Priya C,Ahmedabad,Bike,Part-time,4.42,Y
7624,DP07625,Santosh Z,Mumbai,Scooter,Full-time,4.22,Y
7625,DP07626,Suresh C,Bengaluru,Bike,Full-time,3.73,Y
7626,DP07627,Manoj Q,Chennai,Cycle,Part-time,4.01,Y
7627,DP07628,Rahul L,Bengaluru,Scooter,Part-time,4.03,Y
7628,DP07629,Vikas R,Chennai,Car,Part-time,3.87,N
7629,DP07630,Divya X,Bengaluru,Bike,Part-time,4.18,Y
7630,DP07631,Arjun D,Kolkata,Scooter,Contract,4.35,Y
7631,DP07632,Rakesh D,Delhi,Bike,Contract,4.31,Y
7632,DP07633,Sneha Y,Mumbai,Scooter,Part-time,4.56,Y
7633,DP07634,Neha S,Ahmedabad,Scooter,Part-time,4.01,N
7634,DP07635,Vikas N,Bengaluru,Bike,Part-time,4.64,N
7635,DP07636,Nikhil N,Bengaluru,Bike,Contract,4.37,N
7636,DP07637,Neha X,Bengaluru,Bike,Part-time,4.6,Y
7637,DP07638,Kiran C,Mumbai,Scooter,Full-time,3.54,Y
7638,DP07639,Priya J,Delhi,Scooter,Part-time,4.0,Y
7639,DP07640,Manoj Q,Chennai,Bike,Full-time,3.61,Y
7640,DP07641,Suresh D,Bengaluru,Cycle,Part-time,4.24,Y
7641,DP07642,Meena N,Bengaluru,Cycle,Full-time,4.17,Y
7642,DP07643,Kiran K,Ahmedabad,Scooter,Contract,4.22,Y
7643,DP07644,Divya W,Kolkata,Car,Part-time,3.86,Y
7644,DP07645,Kiran A,Delhi,Scooter,Part-time,4.89,Y
7645,DP07646,Pooja H,Mumbai,Scooter,Full-time,4.53,Y
7646,DP07647,Shreya W,Bengaluru,Scooter,Full-time,4.12,Y
7647,DP07648,Neha C,Kolkata,Bike,Full-time,4.35,Y
7648,DP07649,Priya A,Mumbai,Bike,Full-time,3.73,Y
7649,DP07650,Ravi V,Kolkata,Bike,Full-time,3.42,Y
7650,DP07651,Pooja V,Chennai,Bike,Full-time,4.4,Y
7651,DP07652,Kiran H,Delhi,Scooter,Full-time,3.98,Y
7652,DP07653,Arjun O,Chennai,Bike,Part-time,3.94,Y
7653,DP07654,Nikhil I,Mumbai,Scooter,Full-time,4.61,Y
7654,DP07655,Pooja O,Bengaluru,Cycle,Full-time,4.17,Y
7655,DP07656,Priya T,Chennai,Bike,Contract,3.74,Y
7656,DP07657,Manoj D,Hyderabad,Car,Contract,4.6,Y
7657,DP07658,Ravi M,Pune,Bike,Full-time,4.59,Y
7658,DP07659,Neha D,Delhi,Cycle,Full-time,4.56,Y
7659,DP07660,Ravi D,Pune,Car,Full-time,4.01,Y
7660,DP07661,Priya X,Mumbai,Cycle,Part-time,4.07,Y
7661,DP07662,Ananya N,Mumbai,Bike,Part-time,4.06,Y
7662,DP07663,Divya F,Chennai,Scooter,Part-time,4.47,N
7663,DP07664,Neha V,Bengaluru,Scooter,Full-time,4.18,Y
7664,DP07665,Manoj F,Bengaluru,Scooter,Full-time,4.2,Y
7665,DP07666,Ananya P,Ahmedabad,Scooter,Part-time,4.34,Y
7666,DP07667,Pooja T,Bengaluru,Car,Full-time,3.98,N
7667,DP07668,Priya U,Ahmedabad,Car,Contract,4.53,Y
7668,DP07669,Arjun B,Delhi,Scooter,Full-time,3.87,Y
7669,DP07670,Divya B,Delhi,Scooter,Contract,4.34,Y
7670,DP07671,Meena T,Hyderabad,Bike,Full-time,4.01,Y
7671,DP07672,Manoj Q,Kolkata,Bike,Full-time,4.22,Y
7672,DP07673,Rakesh S,Mumbai,Bike,Part-time,4.29,Y
7673,DP07674,Rakesh V,Mumbai,Scooter,Part-time,3.87,N
7674,DP07675,Meena F,Mumbai,Scooter,Full-time,4.41,Y
7675,DP07676,Suresh Z,Bengaluru,Bike,Part-time,4.15,Y
7676,DP07677,Ananya S,Hyderabad,Car,Full-time,4.55,Y
7677,DP07678,Priya G,Mumbai,Cycle,Part-time,4.48,Y
7678,DP07679,Suresh X,Hyderabad,Car,Full-time,4.06,N
7679,DP07680,Amit E,Pune,Scooter,Contract,3.97,Y
7680,DP07681,Deepak W,Bengaluru,Scooter,Full-time,3.9,Y
7681,DP07682,Rahul G,Kolkata,Bike,Contract,4.15,Y
7682,DP07683,Sneha G,Pune,Bike,Full-time,3.82,Y
7683,DP07684,Sneha M,Pune,Bike,Contract,4.01,Y
7684,DP07685,Amit N,Ahmedabad,Bike,Part-time,4.57,Y
7685,DP07686,Santosh U,Bengaluru,Bike,Full-time,4.26,Y
7686,DP07687,Divya C,Mumbai,Scooter,Full-time,4.21,N
7687,DP07688,Rahul F,Chennai,Bike,Contract,4.01,Y
7688,DP07689,Nikhil A,Bengaluru,Scooter,Contract,4.09,Y
7689,DP07690,Kiran Q,Delhi,Bike,Full-time,3.6,Y
7690,DP07691,Rakesh N,Bengaluru,Scooter,Full-time,3.99,Y
7691,DP07692,Priya Y,Hyderabad,Bike,Full-time,4.49,Y
7692,DP07693,Neha P,Kolkata,Bike,Full-time,4.23,Y
7693,DP07694,Shreya F,Delhi,Bike,Part-time,3.6,Y
7694,DP07695,Divya V,Kolkata,Scooter,Full-time,4.27,Y
7695,DP07696,Amit N,Bengaluru,Scooter,Full-time,4.25,Y
7696,DP07697,Kiran C,Mumbai,Scooter,Full-time,4.19,Y
7697,DP07698,Amit F,Hyderabad,Bike,Full-time,3.95,Y
7698,DP07699,Pooja P,Mumbai,Car,Contract,4.11,Y
7699,DP07700,Ananya X,Bengaluru,Cycle,Full-time,4.56,Y
7700,DP07701,Deepak F,Mumbai,Scooter,Part-time,4.18,Y
7701,DP07702,Meena Z,Pune,Cycle,Full-time,4.35,Y
7702,DP07703,Rakesh X,Delhi,Scooter,Full-time,4.56,Y
7703,DP07704,Rahul X,Bengaluru,Scooter,Part-time,4.4,Y
7704,DP07705,Vikas G,Delhi,Car,Part-time,4.21,Y
7705,DP07706,Pooja V,Delhi,Scooter,Contract,3.72,Y
7706,DP07707,Nikhil U,Pune,Bike,Part-time,4.81,Y
7707,DP07708,Suresh E,Mumbai,Bike,Part-time,4.26,Y
7708,DP07709,Kiran C,Mumbai,Scooter,Contract,4.12,Y
7709,DP07710,Kiran N,Bengaluru,Bike,Contract,4.16,N
7710,DP07711,Nikhil R,Hyderabad,Scooter,Part-time,4.47,Y
7711,DP07712,Rakesh R,Delhi,Scooter,Full-time,4.58,Y
7712,DP07713,Suresh K,Ahmedabad,Bike,Part-time,4.3,N
7713,DP07714,Divya P,Chennai,Scooter,Full-time,4.64,N
7714,DP07715,Meena K,Kolkata,Scooter,Contract,4.22,Y
7715,DP07716,Suresh V,Hyderabad,Bike,Part-time,4.69,Y
7716,DP07717,Priya L,Pune,Bike,Full-time,4.31,Y
7717,DP07718,Suresh X,Ahmedabad,Scooter,Part-time,4.65,Y
7718,DP07719,Suresh U,Mumbai,Scooter,Part-time,3.93,N
7719,DP07720,Neha T,Bengaluru,Bike,Contract,4.95,N
7720,DP07721,Shreya C,Hyderabad,Cycle,Part-time,3.65,Y
7721,DP07722,Nikhil S,Chennai,Scooter,Full-time,3.96,Y
7722,DP07723,Vikas Q,Delhi,Bike,Full-time,4.71,Y
7723,DP07724,Kiran P,Mumbai,Scooter,Part-time,3.55,Y
7724,DP07725,Priya E,Ahmedabad,Bike,Contract,4.26,Y
7725,DP07726,Meena T,Chennai,Scooter,Contract,4.08,Y
7726,DP07727,Rakesh X,Chennai,Bike,Full-time,4.67,Y
7727,DP07728,Ravi O,Bengaluru,Scooter,Full-time,4.63,Y
7728,DP07729,Divya S,Pune,Cycle,Full-time,4.29,Y
7729,DP07730,Deepak Z,Pune,Bike,Contract,4.67,Y
7730,DP07731,Pooja N,Bengaluru,Bike,Contract,3.9,Y
7731,DP07732,Sneha U,Mumbai,Bike,Part-time,3.85,Y
7732,DP07733,Sneha Z,Mumbai,Car,Part-time,3.95,N
7733,DP07734,Neha Q,Bengaluru,Bike,Full-time,3.99,Y
7734,DP07735,Arjun G,Chennai,Scooter,Part-time,4.71,Y
7735,DP07736,Arjun J,Kolkata,Car,Full-time,4.72,Y
7736,DP07737,Rahul G,Mumbai,Bike,Part-time,4.56,Y
7737,DP07738,Meena M,Mumbai,Scooter,Full-time,4.16,Y
7738,DP07739,Ravi H,Hyderabad,Bike,Full-time,4.24,N
7739,DP07740,Nikhil K,Delhi,Cycle,Contract,3.82,Y
7740,DP07741,Arjun H,Chennai,Cycle,Contract,4.49,Y
7741,DP07742,Kiran A,Bengaluru,Bike,Contract,4.23,Y
7742,DP07743,Rakesh R,Ahmedabad,Bike,Full-time,4.07,Y
7743,DP07744,Shreya I,Kolkata,Scooter,Full-time,3.99,N
7744,DP07745,Neha D,Chennai,Cycle,Contract,3.88,Y
7745,DP07746,Sneha K,Mumbai,Scooter,Part-time,4.58,Y
7746,DP07747,Shreya O,Delhi,Bike,Part-time,4.38,Y
7747,DP07748,Vikas E,Delhi,Scooter,Full-time,4.32,Y
7748,DP07749,Rahul F,Kolkata,Scooter,Full-time,3.62,N
7749,DP07750,Neha U,Ahmedabad,Scooter,Part-time,4.22,Y
7750,DP07751,Divya Q,Delhi,Bike,Full-time,3.88,Y
7751,DP07752,Nikhil G,Pune,Bike,Full-time,4.37,Y
7752,DP07753,Pooja A,Pune,Bike,Full-time,3.46,N
7753,DP07754,Manoj Y,Mumbai,Bike,Part-time,3.8,Y
7754,DP07755,Amit W,Bengaluru,Scooter,Full-time,3.73,Y
7755,DP07756,Rakesh Z,Bengaluru,Scooter,Full-time,4.32,Y
7756,DP07757,Santosh A,Mumbai,Scooter,Full-time,4.16,Y
7757,DP07758,Divya H,Delhi,Cycle,Part-time,4.25,N
7758,DP07759,Arjun I,Mumbai,Bike,Contract,3.78,Y
7759,DP07760,Sneha G,Bengaluru,Scooter,Full-time,4.53,Y
7760,DP07761,Ravi L,Chennai,Bike,Part-time,4.38,Y
7761,DP07762,Rakesh P,Chennai,Scooter,Full-time,3.93,Y
7762,DP07763,Amit O,Bengaluru,Cycle,Contract,4.4,Y
7763,DP07764,Neha X,Chennai,Scooter,Full-time,4.23,Y
7764,DP07765,Kiran Y,Delhi,Scooter,Part-time,4.21,Y
7765,DP07766,Divya Z,Bengaluru,Scooter,Full-time,4.27,Y
7766,DP07767,Neha X,Bengaluru,Bike,Contract,4.11,Y
7767,DP07768,Manoj A,Mumbai,Bike,Full-time,4.94,Y
7768,DP07769,Manoj T,Ahmedabad,Scooter,Part-time,4.46,Y
7769,DP07770,Vikas T,Delhi,Cycle,Contract,4.12,N
7770,DP07771,Manoj P,Chennai,Scooter,Full-time,4.54,Y
7771,DP07772,Ravi E,Delhi,Scooter,Full-time,4.43,N
7772,DP07773,Divya U,Bengaluru,Bike,Full-time,3.68,Y
7773,DP07774,Nikhil S,Ahmedabad,Scooter,Full-time,4.13,Y
7774,DP07775,Shreya B,Bengaluru,Cycle,Full-time,4.38,Y
7775,DP07776,Ananya Z,Chennai,Scooter,Contract,4.15,N
7776,DP07777,Arjun M,Ahmedabad,Bike,Contract,4.0,Y
7777,DP07778,Neha V,Hyderabad,Scooter,Full-time,3.91,Y
7778,DP07779,Santosh Z,Ahmedabad,Scooter,Part-time,3.97,Y
7779,DP07780,Nikhil T,Kolkata,Scooter,Full-time,4.14,Y
7780,DP07781,Rakesh O,Delhi,Car,Full-time,3.53,N
7781,DP07782,Kiran H,Chennai,Scooter,Full-time,4.2,Y
7782,DP07783,Amit E,Bengaluru,Cycle,Part-time,4.46,Y
7783,DP07784,Divya M,Bengaluru,Cycle,Full-time,4.38,Y
7784,DP07785,Sneha S,Mumbai,Scooter,Full-time,4.06,Y
7785,DP07786,Priya D,Bengaluru,Scooter,Part-time,4.26,Y
7786,DP07787,Sneha Q,Chennai,Cycle,Full-time,3.61,Y
7787,DP07788,Nikhil K,Pune,Bike,Contract,3.89,Y
7788,DP07789,Ravi G,Bengaluru,Scooter,Part-time,4.47,N
7789,DP07790,Rahul Y,Chennai,Bike,Full-time,4.13,Y
7790,DP07791,Santosh K,Mumbai,Bike,Full-time,4.02,Y
7791,DP07792,Suresh K,Delhi,Bike,Full-time,3.99,Y
7792,DP07793,Deepak Z,Chennai,Bike,Contract,3.8,Y
7793,DP07794,Shreya D,Delhi,Scooter,Part-time,4.58,Y
7794,DP07795,Deepak P,Pune,Scooter,Part-time,4.08,Y
7795,DP07796,Suresh E,Delhi,Car,Contract,4.42,Y
7796,DP07797,Rakesh F,Chennai,Scooter,Contract,4.24,N
7797,DP07798,Kiran H,Mumbai,Bike,Contract,4.28,N
7798,DP07799,Vikas B,Bengaluru,Bike,Contract,3.71,Y
7799,DP07800,Rahul A,Mumbai,Bike,Full-time,4.36,Y
7800,DP07801,Pooja A,Kolkata,Cycle,Full-time,4.04,Y
7801,DP07802,Shreya C,Mumbai,Bike,Full-time,4.1,Y
7802,DP07803,Vikas T,Ahmedabad,Bike,Part-time,4.52,Y
7803,DP07804,Shreya Q,Delhi,Scooter,Contract,3.85,Y
7804,DP07805,Sneha R,Bengaluru,Cycle,Full-time,4.29,Y
7805,DP07806,Manoj X,Delhi,Bike,Part-time,4.22,Y
7806,DP07807,Rahul D,Bengaluru,Bike,Full-time,4.08,Y
7807,DP07808,Ananya R,Mumbai,Scooter,Contract,3.98,Y
7808,DP07809,Rahul U,Mumbai,Scooter,Part-time,4.52,Y
7809,DP07810,Pooja O,Chennai,Bike,Contract,4.28,N
7810,DP07811,Nikhil R,Bengaluru,Scooter,Contract,4.1,Y
7811,DP07812,Pooja R,Chennai,Scooter,Full-time,4.68,Y
7812,DP07813,Meena D,Chennai,Scooter,Contract,4.46,Y
7813,DP07814,Priya S,Chennai,Scooter,Full-time,4.05,Y
7814,DP07815,Priya H,Delhi,Scooter,Full-time,3.55,Y
7815,DP07816,Rahul P,Pune,Scooter,Full-time,4.35,Y
7816,DP07817,Arjun I,Kolkata,Bike,Full-time,4.39,Y
7817,DP07818,Kiran E,Hyderabad,Scooter,Part-time,4.43,Y
7818,DP07819,Ravi G,Pune,Scooter,Part-time,4.62,Y
7819,DP07820,Arjun S,Bengaluru,Cycle,Part-time,4.16,N
7820,DP07821,Shreya B,Bengaluru,Bike,Full-time,3.99,Y
7821,DP07822,Pooja L,Chennai,Bike,Full-time,3.88,Y
7822,DP07823,Ravi E,Chennai,Scooter,Full-time,3.93,Y
7823,DP07824,Santosh S,Hyderabad,Cycle,Part-time,3.55,Y
7824,DP07825,Meena B,Chennai,Scooter,Contract,4.11,Y
7825,DP07826,Santosh B,Mumbai,Cycle,Full-time,4.49,Y
7826,DP07827,Kiran W,Mumbai,Bike,Full-time,3.69,Y
7827,DP07828,Vikas K,Ahmedabad,Bike,Part-time,4.55,Y
7828,DP07829,Shreya O,Ahmedabad,Scooter,Full-time,4.54,Y
7829,DP07830,Neha A,Bengaluru,Cycle,Full-time,4.17,N
7830,DP07831,Nikhil K,Chennai,Scooter,Part-time,3.99,Y
7831,DP07832,Rahul B,Hyderabad,Scooter,Full-time,4.0,Y
7832,DP07833,Kiran H,Mumbai,Bike,Full-time,3.8,Y
7833,DP07834,Kiran N,Bengaluru,Scooter,Part-time,4.02,N
7834,DP07835,Meena B,Mumbai,Bike,Full-time,4.14,Y
7835,DP07836,Santosh G,Hyderabad,Scooter,Full-time,4.4,Y
7836,DP07837,Manoj T,Kolkata,Bike,Contract,3.5,Y
7837,DP07838,Pooja P,Mumbai,Cycle,Full-time,4.19,Y
7838,DP07839,Divya B,Bengaluru,Scooter,Contract,4.01,Y
7839,DP07840,Meena Q,Chennai,Bike,Full-time,4.98,Y
7840,DP07841,Nikhil L,Pune,Bike,Full-time,4.6,Y
7841,DP07842,Sneha X,Chennai,Bike,Contract,4.53,Y
7842,DP07843,Manoj P,Pune,Scooter,Full-time,4.2,N
7843,DP07844,Arjun W,Mumbai,Bike,Full-time,4.19,Y
7844,DP07845,Vikas S,Bengaluru,Bike,Full-time,3.83,Y
7845,DP07846,Meena S,Ahmedabad,Scooter,Full-time,4.52,Y
7846,DP07847,Divya B,Kolkata,Scooter,Part-time,4.06,N
7847,DP07848,Divya T,Delhi,Cycle,Full-time,4.18,Y
7848,DP07849,Ravi F,Bengaluru,Bike,Part-time,3.89,Y
7849,DP07850,Vikas R,Bengaluru,Scooter,Full-time,4.19,Y
7850,DP07851,Ravi R,Delhi,Cycle,Part-time,3.5,Y
7851,DP07852,Nikhil J,Bengaluru,Bike,Part-time,4.02,Y
7852,DP07853,Meena N,Bengaluru,Scooter,Full-time,4.14,Y
7853,DP07854,Rakesh H,Mumbai,Cycle,Part-time,4.03,Y
7854,DP07855,Ananya U,Delhi,Bike,Full-time,3.51,Y
7855,DP07856,Manoj W,Kolkata,Scooter,Full-time,4.29,Y
7856,DP07857,Pooja F,Mumbai,Bike,Full-time,3.93,Y
7857,DP07858,Vikas Y,Hyderabad,Bike,Contract,4.2,Y
7858,DP07859,Ananya Y,Bengaluru,Bike,Full-time,4.28,Y
7859,DP07860,Pooja E,Kolkata,Bike,Full-time,4.6,Y
7860,DP07861,Nikhil Q,Pune,Bike,Full-time,3.94,N
7861,DP07862,Vikas Y,Kolkata,Scooter,Contract,3.56,Y
7862,DP07863,Nikhil S,Chennai,Scooter,Part-time,4.15,N
7863,DP07864,Arjun K,Ahmedabad,Scooter,Full-time,3.86,Y
7864,DP07865,Divya G,Kolkata,Scooter,Part-time,4.49,Y
7865,DP07866,Arjun Z,Ahmedabad,Scooter,Full-time,4.49,N
7866,DP07867,Neha M,Pune,Bike,Full-time,4.1,Y
7867,DP07868,Shreya E,Bengaluru,Scooter,Full-time,4.1,N
7868,DP07869,Ananya P,Bengaluru,Bike,Part-time,3.94,Y
7869,DP07870,Vikas L,Bengaluru,Scooter,Full-time,4.26,Y
7870,DP07871,Arjun W,Bengaluru,Scooter,Full-time,4.2,Y
7871,DP07872,Santosh G,Mumbai,Scooter,Part-time,4.13,Y
7872,DP07873,Nikhil X,Bengaluru,Bike,Full-time,4.58,Y
7873,DP07874,Arjun L,Hyderabad,Bike,Contract,3.29,Y
7874,DP07875,Rahul T,Hyderabad,Scooter,Full-time,4.21,N
7875,DP07876,Priya E,Chennai,Bike,Full-time,3.86,Y
7876,DP07877,Pooja K,Delhi,Scooter,Contract,4.58,Y
7877,DP07878,Rakesh Q,Chennai,Scooter,Part-time,4.16,Y
7878,DP07879,Shreya H,Ahmedabad,Bike,Contract,4.62,Y
7879,DP07880,Santosh R,Pune,Bike,Full-time,3.64,Y
7880,DP07881,Santosh G,Bengaluru,Bike,Full-time,4.12,Y
7881,DP07882,Meena V,Ahmedabad,Bike,Part-time,4.34,Y
7882,DP07883,Suresh T,Bengaluru,Scooter,Full-time,4.55,Y
7883,DP07884,Santosh B,Kolkata,Bike,Full-time,3.44,Y
7884,DP07885,Suresh W,Ahmedabad,Bike,Part-time,4.3,Y
7885,DP07886,Shreya K,Bengaluru,Car,Full-time,4.03,Y
7886,DP07887,Ananya S,Mumbai,Scooter,Full-time,4.32,Y
7887,DP07888,Nikhil E,Mumbai,Scooter,Full-time,4.09,Y
7888,DP07889,Arjun B,Hyderabad,Scooter,Part-time,4.27,Y
7889,DP07890,Kiran K,Bengaluru,Scooter,Part-time,3.53,Y
7890,DP07891,Neha N,Delhi,Scooter,Full-time,4.11,Y
7891,DP07892,Neha A,Mumbai,Scooter,Full-time,3.81,Y
7892,DP07893,Vikas S,Bengaluru,Bike,Part-time,3.92,Y
7893,DP07894,Sneha R,Chennai,Bike,Contract,4.48,N
7894,DP07895,Divya S,Bengaluru,Scooter,Full-time,3.65,Y
7895,DP07896,Deepak D,Bengaluru,Scooter,Part-time,4.16,Y
7896,DP07897,Kiran M,Bengaluru,Cycle,Full-time,4.25,Y
7897,DP07898,Kiran X,Kolkata,Bike,Part-time,4.28,Y
7898,DP07899,Pooja R,Bengaluru,Scooter,Full-time,4.45,Y
7899,DP07900,Rakesh R,Kolkata,Cycle,Full-time,4.04,Y
7900,DP07901,Deepak P,Bengaluru,Cycle,Full-time,4.11,Y
7901,DP07902,Neha Q,Ahmedabad,Scooter,Part-time,4.7,Y
7902,DP07903,Arjun Z,Ahmedabad,Scooter,Contract,4.23,Y
7903,DP07904,Divya M,Bengaluru,Scooter,Contract,4.68,Y
7904,DP07905,Priya K,Bengaluru,Bike,Part-time,4.28,Y
7905,DP07906,Kiran M,Delhi,Scooter,Full-time,4.68,Y
7906,DP07907,Shreya B,Chennai,Scooter,Part-time,4.21,Y
7907,DP07908,Nikhil X,Mumbai,Scooter,Contract,3.46,Y
7908,DP07909,Neha F,Delhi,Cycle,Part-time,4.35,Y
7909,DP07910,Santosh V,Bengaluru,Cycle,Full-time,4.88,Y
7910,DP07911,Ravi F,Bengaluru,Bike,Full-time,4.21,N
7911,DP07912,Rahul J,Pune,Cycle,Full-time,4.44,N
7912,DP07913,Santosh T,Bengaluru,Scooter,Full-time,3.97,Y
7913,DP07914,Ravi W,Mumbai,Scooter,Part-time,4.08,Y
7914,DP07915,Rakesh Y,Chennai,Scooter,Full-time,4.81,Y
7915,DP07916,Vikas U,Chennai,Scooter,Contract,4.39,Y
7916,DP07917,Ananya K,Hyderabad,Bike,Part-time,4.31,Y
7917,DP07918,Ananya C,Mumbai,Bike,Full-time,4.49,Y
7918,DP07919,Sneha B,Mumbai,Scooter,Part-time,4.64,Y
7919,DP07920,Santosh B,Mumbai,Bike,Part-time,4.34,Y
7920,DP07921,Suresh T,Kolkata,Scooter,Full-time,4.38,Y
7921,DP07922,Shreya M,Kolkata,Bike,Full-time,4.34,Y
7922,DP07923,Pooja E,Bengaluru,Bike,Full-time,4.17,Y
7923,DP07924,Santosh J,Hyderabad,Bike,Full-time,3.78,N
7924,DP07925,Sneha Z,Chennai,Scooter,Full-time,4.64,Y
7925,DP07926,Priya C,Delhi,Bike,Contract,4.04,Y
7926,DP07927,Amit O,Bengaluru,Cycle,Contract,4.31,N
7927,DP07928,Shreya F,Bengaluru,Cycle,Contract,4.09,Y
7928,DP07929,Amit O,Bengaluru,Bike,Part-time,4.08,Y
7929,DP07930,Priya E,Pune,Bike,Full-time,4.27,Y
7930,DP07931,Suresh S,Ahmedabad,Scooter,Contract,3.69,Y
7931,DP07932,Arjun G,Pune,Bike,Contract,4.41,Y
7932,DP07933,Nikhil G,Bengaluru,Scooter,Full-time,4.19,Y
7933,DP07934,Shreya P,Mumbai,Cycle,Full-time,3.83,Y
7934,DP07935,Rakesh N,Chennai,Scooter,Full-time,4.14,Y
7935,DP07936,Ananya G,Mumbai,Cycle,Part-time,3.94,Y
7936,DP07937,Divya P,Delhi,Bike,Full-time,4.21,Y
7937,DP07938,Ravi N,Mumbai,Bike,Full-time,3.98,Y
7938,DP07939,Meena Y,Hyderabad,Scooter,Part-time,4.79,Y
7939,DP07940,Priya R,Delhi,Bike,Contract,4.1,Y
7940,DP07941,Manoj B,Chennai,Bike,Part-time,3.8,N
7941,DP07942,Nikhil Q,Delhi,Bike,Part-time,4.62,Y
7942,DP07943,Priya I,Chennai,Scooter,Full-time,4.34,Y
7943,DP07944,Santosh X,Mumbai,Scooter,Contract,4.41,Y
7944,DP07945,Suresh U,Chennai,Bike,Full-time,4.12,Y
7945,DP07946,Ravi T,Bengaluru,Cycle,Full-time,4.09,Y
7946,DP07947,Meena K,Bengaluru,Bike,Full-time,4.21,Y
7947,DP07948,Rahul H,Ahmedabad,Bike,Part-time,3.96,Y
7948,DP07949,Kiran P,Kolkata,Bike,Part-time,4.48,Y
7949,DP07950,Arjun L,Bengaluru,Scooter,Full-time,4.5,Y
7950,DP07951,Shreya Z,Delhi,Cycle,Contract,3.91,Y
7951,DP07952,Vikas H,Bengaluru,Bike,Full-time,4.31,Y
7952,DP07953,Nikhil M,Bengaluru,Scooter,Full-time,3.72,Y
7953,DP07954,Deepak J,Hyderabad,Bike,Full-time,4.34,Y
7954,DP07955,Deepak T,Pune,Scooter,Full-time,4.08,Y
7955,DP07956,Arjun D,Bengaluru,Scooter,Contract,4.02,Y
7956,DP07957,Divya Y,Bengaluru,Bike,Full-time,3.88,Y
7957,DP07958,Santosh L,Bengaluru,Bike,Contract,4.65,Y
7958,DP07959,Nikhil Q,Mumbai,Scooter,Full-time,4.0,N
7959,DP07960,Priya X,Mumbai,Bike,Full-time,4.72,Y
7960,DP07961,Arjun H,Delhi,Bike,Contract,4.5,Y
7961,DP07962,Arjun K,Delhi,Scooter,Contract,4.23,Y
7962,DP07963,Amit H,Bengaluru,Bike,Full-time,4.07,Y
7963,DP07964,Rakesh F,Hyderabad,Scooter,Part-time,4.19,Y
7964,DP07965,Manoj B,Pune,Scooter,Full-time,4.35,Y
7965,DP07966,Deepak P,Bengaluru,Bike,Part-time,3.6,Y
7966,DP07967,Ananya B,Bengaluru,Bike,Part-time,4.38,Y
7967,DP07968,Meena N,Mumbai,Scooter,Full-time,4.55,Y
7968,DP07969,Amit U,Bengaluru,Cycle,Full-time,3.99,N
7969,DP07970,Ravi X,Delhi,Scooter,Full-time,4.94,Y
7970,DP07971,Sneha J,Delhi,Scooter,Full-time,4.41,Y
7971,DP07972,Santosh N,Bengaluru,Scooter,Full-time,3.99,Y
7972,DP07973,Neha A,Kolkata,Scooter,Part-time,3.9,Y
7973,DP07974,Pooja L,Bengaluru,Scooter,Full-time,4.1,Y
7974,DP07975,Sneha X,Bengaluru,Bike,Part-time,4.49,Y
7975,DP07976,Arjun E,Pune,Scooter,Full-time,4.46,Y
7976,DP07977,Pooja V,Bengaluru,Bike,Full-time,4.23,Y
7977,DP07978,Nikhil G,Hyderabad,Bike,Full-time,4.09,N
7978,DP07979,Priya I,Mumbai,Bike,Full-time,3.73,Y
7979,DP07980,Rahul D,Delhi,Cycle,Full-time,3.6,Y
7980,DP07981,Kiran E,Ahmedabad,Scooter,Part-time,4.32,Y
7981,DP07982,Santosh C,Delhi,Cycle,Part-time,4.76,Y
7982,DP07983,Meena O,Bengaluru,Bike,Full-time,4.13,Y
7983,DP07984,Rahul H,Chennai,Scooter,Full-time,3.65,Y
7984,DP07985,Amit H,Bengaluru,Scooter,Full-time,3.9,Y
7985,DP07986,Kiran L,Mumbai,Bike,Part-time,4.22,Y
7986,DP07987,Priya L,Bengaluru,Cycle,Part-time,4.06,N
7987,DP07988,Manoj B,Bengaluru,Scooter,Full-time,4.69,N
7988,DP07989,Arjun T,Ahmedabad,Scooter,Contract,4.04,Y
7989,DP07990,Priya O,Chennai,Cycle,Full-time,3.77,Y
7990,DP07991,Santosh N,Hyderabad,Cycle,Full-time,4.13,Y
7991,DP07992,Kiran O,Bengaluru,Bike,Full-time,4.37,Y
7992,DP07993,Ravi O,Pune,Scooter,Full-time,4.11,Y
7993,DP07994,Santosh U,Bengaluru,Bike,Part-time,4.55,Y
7994,DP07995,Pooja Y,Delhi,Scooter,Contract,4.53,Y
7995,DP07996,Deepak R,Chennai,Scooter,Part-time,4.07,Y
7996,DP07997,Ravi F,Bengaluru,Scooter,Full-time,4.13,Y
7997,DP07998,Suresh S,Delhi,Cycle,Full-time,4.19,Y
7998,DP07999,Nikhil Q,Delhi,Bike,Full-time,4.01,Y
7999,DP08000,Ananya Z,Ahmedabad,Bike,Contract,4.09,Y
8000,DP08001,Divya D,Ahmedabad,Scooter,Contract,3.77,Y
8001,DP08002,Amit K,Chennai,Scooter,Full-time,4.17,Y
8002,DP08003,Vikas M,Delhi,Scooter,Full-time,4.17,Y
8003,DP08004,Manoj F,Mumbai,Scooter,Full-time,4.06,N
8004,DP08005,Rakesh W,Chennai,Scooter,Full-time,3.86,N
8005,DP08006,Arjun G,Kolkata,Cycle,Full-time,4.13,Y
8006,DP08007,Pooja T,Hyderabad,Bike,Part-time,4.3,Y
8007,DP08008,Pooja V,Delhi,Scooter,Full-time,4.51,Y
8008,DP08009,Shreya E,Delhi,Cycle,Full-time,4.1,Y
8009,DP08010,Amit W,Bengaluru,Cycle,Full-time,4.15,Y
8010,DP08011,Meena P,Bengaluru,Scooter,Part-time,4.43,Y
8011,DP08012,Divya D,Delhi,Bike,Part-time,4.56,Y
8012,DP08013,Kiran T,Chennai,Cycle,Part-time,4.15,Y
8013,DP08014,Neha D,Mumbai,Bike,Full-time,4.3,Y
8014,DP08015,Arjun Z,Mumbai,Cycle,Full-time,4.29,Y
8015,DP08016,Santosh X,Mumbai,Scooter,Full-time,4.38,Y
8016,DP08017,Manoj B,Bengaluru,Bike,Full-time,4.32,Y
8017,DP08018,Arjun L,Ahmedabad,Bike,Part-time,4.66,Y
8018,DP08019,Ananya S,Bengaluru,Bike,Contract,4.37,Y
8019,DP08020,Priya M,Bengaluru,Cycle,Full-time,4.52,N
8020,DP08021,Suresh N,Delhi,Scooter,Contract,4.29,Y
8021,DP08022,Nikhil O,Bengaluru,Scooter,Full-time,4.62,Y
8022,DP08023,Nikhil X,Bengaluru,Scooter,Part-time,3.7,N
8023,DP08024,Arjun N,Hyderabad,Scooter,Full-time,3.76,Y
8024,DP08025,Rakesh F,Ahmedabad,Bike,Part-time,4.18,Y
8025,DP08026,Rahul U,Bengaluru,Bike,Full-time,4.24,Y
8026,DP08027,Santosh H,Delhi,Cycle,Contract,4.16,N
8027,DP08028,Shreya V,Delhi,Bike,Full-time,4.23,Y
8028,DP08029,Manoj G,Mumbai,Bike,Full-time,3.91,Y
8029,DP08030,Sneha C,Hyderabad,Scooter,Full-time,3.95,N
8030,DP08031,Nikhil H,Mumbai,Scooter,Contract,3.83,Y
8031,DP08032,Vikas H,Mumbai,Scooter,Full-time,3.81,Y
8032,DP08033,Priya H,Ahmedabad,Bike,Full-time,4.71,Y
8033,DP08034,Amit N,Pune,Bike,Part-time,4.07,Y
8034,DP08035,Amit A,Ahmedabad,Cycle,Full-time,4.11,Y
8035,DP08036,Vikas B,Chennai,Scooter,Part-time,4.25,Y
8036,DP08037,Nikhil Q,Kolkata,Bike,Contract,3.82,N
8037,DP08038,Manoj R,Mumbai,Scooter,Full-time,4.57,Y
8038,DP08039,Meena I,Chennai,Cycle,Full-time,4.15,Y
8039,DP08040,Deepak T,Mumbai,Bike,Contract,4.24,Y
8040,DP08041,Ananya D,Bengaluru,Car,Full-time,4.22,Y
8041,DP08042,Santosh Z,Delhi,Cycle,Full-time,4.24,N
8042,DP08043,Arjun O,Mumbai,Scooter,Contract,4.04,Y
8043,DP08044,Vikas N,Bengaluru,Scooter,Contract,4.33,Y
8044,DP08045,Kiran P,Hyderabad,Scooter,Part-time,4.17,Y
8045,DP08046,Shreya P,Bengaluru,Bike,Part-time,4.25,Y
8046,DP08047,Pooja L,Mumbai,Bike,Part-time,4.12,Y
8047,DP08048,Rakesh B,Delhi,Bike,Full-time,4.17,Y
8048,DP08049,Arjun K,Hyderabad,Bike,Full-time,3.85,Y
8049,DP08050,Amit W,Mumbai,Scooter,Full-time,3.97,N
8050,DP08051,Arjun B,Delhi,Car,Full-time,4.13,Y
8051,DP08052,Arjun G,Ahmedabad,Bike,Part-time,4.8,Y
8052,DP08053,Arjun Q,Hyderabad,Scooter,Part-time,4.64,N
8053,DP08054,Amit V,Pune,Car,Full-time,4.18,Y
8054,DP08055,Deepak M,Delhi,Bike,Full-time,4.92,Y
8055,DP08056,Arjun H,Bengaluru,Scooter,Part-time,3.6,Y
8056,DP08057,Priya G,Chennai,Scooter,Full-time,4.12,Y
8057,DP08058,Rakesh Y,Bengaluru,Scooter,Full-time,4.5,N
8058,DP08059,Vikas Q,Bengaluru,Bike,Part-time,4.21,N
8059,DP08060,Priya K,Mumbai,Cycle,Full-time,3.92,Y
8060,DP08061,Divya W,Chennai,Scooter,Contract,4.09,Y
8061,DP08062,Deepak X,Pune,Cycle,Contract,3.86,Y
8062,DP08063,Meena O,Hyderabad,Scooter,Part-time,4.37,Y
8063,DP08064,Priya L,Chennai,Scooter,Full-time,4.25,Y
8064,DP08065,Sneha M,Delhi,Scooter,Full-time,4.07,Y
8065,DP08066,Meena T,Bengaluru,Car,Part-time,3.57,Y
8066,DP08067,Sneha T,Hyderabad,Cycle,Full-time,4.29,N
8067,DP08068,Nikhil F,Bengaluru,Bike,Full-time,4.23,Y
8068,DP08069,Sneha S,Ahmedabad,Bike,Full-time,4.28,Y
8069,DP08070,Kiran T,Delhi,Bike,Full-time,3.61,Y
8070,DP08071,Ravi P,Kolkata,Scooter,Contract,4.33,Y
8071,DP08072,Rahul N,Delhi,Bike,Full-time,4.24,N
8072,DP08073,Pooja T,Mumbai,Bike,Full-time,4.08,Y
8073,DP08074,Arjun H,Bengaluru,Cycle,Part-time,4.47,Y
8074,DP08075,Ravi G,Hyderabad,Scooter,Full-time,4.42,Y
8075,DP08076,Meena P,Bengaluru,Bike,Part-time,4.07,Y
8076,DP08077,Kiran W,Chennai,Scooter,Contract,4.09,Y
8077,DP08078,Suresh M,Chennai,Bike,Full-time,4.34,Y
8078,DP08079,Divya I,Bengaluru,Scooter,Full-time,4.33,Y
8079,DP08080,Arjun Y,Ahmedabad,Scooter,Full-time,3.88,Y
8080,DP08081,Neha R,Mumbai,Scooter,Full-time,4.4,Y
8081,DP08082,Rahul W,Pune,Bike,Part-time,3.94,Y
8082,DP08083,Sneha D,Bengaluru,Scooter,Contract,4.17,Y
8083,DP08084,Kiran T,Mumbai,Bike,Contract,3.97,Y
8084,DP08085,Meena Q,Kolkata,Bike,Full-time,4.14,Y
8085,DP08086,Santosh B,Chennai,Bike,Full-time,4.07,Y
8086,DP08087,Sneha B,Bengaluru,Bike,Part-time,4.28,Y
8087,DP08088,Vikas R,Chennai,Cycle,Contract,4.09,Y
8088,DP08089,Deepak U,Chennai,Scooter,Full-time,4.46,Y
8089,DP08090,Manoj Y,Bengaluru,Bike,Part-time,4.2,Y
8090,DP08091,Arjun R,Mumbai,Car,Full-time,4.63,Y
8091,DP08092,Rahul I,Kolkata,Scooter,Full-time,4.04,Y
8092,DP08093,Neha P,Hyderabad,Cycle,Part-time,4.14,Y
8093,DP08094,Suresh K,Kolkata,Scooter,Full-time,4.35,Y
8094,DP08095,Arjun M,Bengaluru,Bike,Full-time,4.37,Y
8095,DP08096,Meena N,Bengaluru,Scooter,Part-time,4.34,Y
8096,DP08097,Nikhil H,Bengaluru,Bike,Full-time,4.57,Y
8097,DP08098,Divya G,Mumbai,Scooter,Full-time,4.16,Y
8098,DP08099,Arjun V,Mumbai,Scooter,Full-time,4.51,Y
8099,DP08100,Meena L,Mumbai,Cycle,Full-time,3.3,Y
8100,DP08101,Pooja A,Delhi,Scooter,Part-time,3.98,Y
8101,DP08102,Priya I,Bengaluru,Scooter,Contract,3.89,Y
8102,DP08103,Divya I,Pune,Bike,Full-time,4.33,Y
8103,DP08104,Meena X,Delhi,Bike,Full-time,4.14,N
8104,DP08105,Deepak S,Bengaluru,Bike,Full-time,4.62,Y
8105,DP08106,Priya U,Mumbai,Bike,Full-time,4.34,Y
8106,DP08107,Santosh R,Bengaluru,Bike,Part-time,4.48,Y
8107,DP08108,Priya D,Chennai,Scooter,Full-time,4.55,Y
8108,DP08109,Nikhil C,Delhi,Scooter,Part-time,4.67,Y
8109,DP08110,Amit H,Delhi,Scooter,Part-time,4.9,Y
8110,DP08111,Vikas V,Chennai,Bike,Part-time,4.54,Y
8111,DP08112,Neha R,Hyderabad,Bike,Full-time,4.43,Y
8112,DP08113,Vikas M,Mumbai,Scooter,Full-time,4.3,Y
8113,DP08114,Arjun J,Hyderabad,Scooter,Full-time,4.5,Y
8114,DP08115,Rahul F,Hyderabad,Scooter,Full-time,4.21,Y
8115,DP08116,Meena J,Bengaluru,Bike,Contract,4.44,Y
8116,DP08117,Divya R,Mumbai,Bike,Full-time,4.11,Y
8117,DP08118,Divya O,Mumbai,Bike,Full-time,4.44,Y
8118,DP08119,Deepak G,Bengaluru,Bike,Contract,4.02,Y
8119,DP08120,Amit L,Mumbai,Car,Contract,4.21,N
8120,DP08121,Pooja T,Mumbai,Scooter,Part-time,4.36,Y
8121,DP08122,Kiran H,Kolkata,Scooter,Contract,4.19,Y
8122,DP08123,Priya G,Chennai,Cycle,Full-time,4.15,Y
8123,DP08124,Santosh X,Ahmedabad,Scooter,Part-time,4.34,Y
8124,DP08125,Arjun T,Bengaluru,Scooter,Part-time,4.64,Y
8125,DP08126,Manoj Z,Mumbai,Bike,Full-time,4.31,Y
8126,DP08127,Rakesh P,Bengaluru,Bike,Part-time,4.43,Y
8127,DP08128,Rahul H,Hyderabad,Scooter,Full-time,4.06,Y
8128,DP08129,Suresh K,Bengaluru,Scooter,Full-time,3.85,Y
8129,DP08130,Arjun N,Hyderabad,Bike,Contract,4.42,Y
8130,DP08131,Pooja Y,Hyderabad,Bike,Full-time,4.45,Y
8131,DP08132,Vikas V,Delhi,Bike,Part-time,3.92,Y
8132,DP08133,Kiran K,Hyderabad,Cycle,Full-time,4.29,Y
8133,DP08134,Sneha G,Mumbai,Bike,Part-time,4.66,Y
8134,DP08135,Vikas S,Mumbai,Scooter,Part-time,4.51,Y
8135,DP08136,Vikas Q,Bengaluru,Scooter,Full-time,3.99,Y
8136,DP08137,Manoj X,Delhi,Bike,Full-time,4.33,Y
8137,DP08138,Deepak T,Delhi,Cycle,Full-time,4.37,N
8138,DP08139,Pooja R,Bengaluru,Scooter,Contract,3.93,Y
8139,DP08140,Santosh T,Bengaluru,Bike,Part-time,4.5,Y
8140,DP08141,Sneha L,Hyderabad,Car,Part-time,4.38,Y
8141,DP08142,Santosh K,Hyderabad,Scooter,Full-time,4.3,Y
8142,DP08143,Ananya V,Ahmedabad,Bike,Full-time,3.76,Y
8143,DP08144,Sneha J,Bengaluru,Bike,Part-time,4.46,N
8144,DP08145,Rakesh M,Bengaluru,Bike,Part-time,4.24,Y
8145,DP08146,Rakesh H,Hyderabad,Bike,Full-time,4.51,Y
8146,DP08147,Ravi X,Mumbai,Bike,Contract,3.9,N
8147,DP08148,Meena E,Bengaluru,Cycle,Part-time,4.01,Y
8148,DP08149,Suresh T,Kolkata,Bike,Part-time,4.26,Y
8149,DP08150,Suresh P,Bengaluru,Bike,Part-time,3.85,Y
8150,DP08151,Nikhil R,Kolkata,Car,Full-time,4.1,Y
8151,DP08152,Sneha N,Delhi,Bike,Part-time,4.3,N
8152,DP08153,Pooja M,Mumbai,Cycle,Full-time,4.04,Y
8153,DP08154,Priya G,Ahmedabad,Scooter,Full-time,3.86,Y
8154,DP08155,Meena T,Chennai,Scooter,Part-time,4.18,Y
8155,DP08156,Vikas Y,Bengaluru,Scooter,Contract,4.82,Y
8156,DP08157,Deepak V,Hyderabad,Scooter,Contract,3.87,N
8157,DP08158,Suresh K,Bengaluru,Scooter,Contract,4.73,Y
8158,DP08159,Priya F,Delhi,Bike,Part-time,4.19,Y
8159,DP08160,Manoj G,Chennai,Bike,Part-time,4.2,Y
8160,DP08161,Ananya K,Bengaluru,Bike,Part-time,4.0,Y
8161,DP08162,Vikas Y,Ahmedabad,Cycle,Full-time,4.12,Y
8162,DP08163,Ananya M,Bengaluru,Scooter,Contract,3.8,Y
8163,DP08164,Nikhil T,Delhi,Bike,Full-time,4.51,N
8164,DP08165,Pooja W,Chennai,Bike,Full-time,4.41,Y
8165,DP08166,Priya T,Delhi,Cycle,Contract,3.41,Y
8166,DP08167,Santosh U,Bengaluru,Bike,Part-time,4.08,N
8167,DP08168,Shreya J,Bengaluru,Scooter,Full-time,4.0,Y
8168,DP08169,Neha Z,Mumbai,Bike,Full-time,3.61,Y
8169,DP08170,Manoj Q,Hyderabad,Scooter,Full-time,3.99,Y
8170,DP08171,Pooja I,Pune,Scooter,Full-time,3.89,Y
8171,DP08172,Nikhil P,Pune,Scooter,Part-time,4.23,Y
8172,DP08173,Priya S,Delhi,Bike,Contract,4.19,Y
8173,DP08174,Manoj S,Chennai,Scooter,Full-time,4.05,Y
8174,DP08175,Vikas A,Bengaluru,Cycle,Full-time,4.33,Y
8175,DP08176,Rakesh Y,Mumbai,Scooter,Part-time,4.14,Y
8176,DP08177,Kiran L,Delhi,Scooter,Part-time,4.4,Y
8177,DP08178,Rakesh C,Hyderabad,Bike,Contract,4.38,N
8178,DP08179,Vikas L,Bengaluru,Cycle,Contract,4.03,N
8179,DP08180,Nikhil B,Bengaluru,Bike,Full-time,3.92,Y
8180,DP08181,Deepak F,Hyderabad,Bike,Full-time,3.95,Y
8181,DP08182,Pooja F,Hyderabad,Bike,Contract,4.39,Y
8182,DP08183,Sneha W,Pune,Bike,Contract,3.88,Y
8183,DP08184,Arjun J,Delhi,Bike,Full-time,4.25,Y
8184,DP08185,Pooja V,Kolkata,Bike,Contract,4.28,Y
8185,DP08186,Deepak M,Kolkata,Scooter,Full-time,3.83,Y
8186,DP08187,Suresh Z,Chennai,Scooter,Full-time,4.56,Y
8187,DP08188,Suresh Y,Ahmedabad,Scooter,Full-time,4.02,N
8188,DP08189,Priya E,Mumbai,Scooter,Part-time,4.09,Y
8189,DP08190,Rahul L,Bengaluru,Scooter,Full-time,4.11,Y
8190,DP08191,Rakesh F,Mumbai,Bike,Part-time,4.14,Y
8191,DP08192,Nikhil F,Delhi,Cycle,Full-time,4.01,Y
8192,DP08193,Divya T,Chennai,Scooter,Full-time,4.3,Y
8193,DP08194,Neha E,Mumbai,Bike,Full-time,4.29,Y
8194,DP08195,Deepak G,Hyderabad,Bike,Part-time,4.16,Y
8195,DP08196,Meena D,Bengaluru,Scooter,Full-time,4.47,Y
8196,DP08197,Shreya D,Hyderabad,Bike,Full-time,4.22,Y
8197,DP08198,Kiran F,Kolkata,Bike,Part-time,4.66,Y
8198,DP08199,Priya C,Bengaluru,Scooter,Full-time,3.97,Y
8199,DP08200,Vikas V,Bengaluru,Cycle,Full-time,3.86,N
8200,DP08201,Nikhil W,Chennai,Bike,Full-time,3.98,Y
8201,DP08202,Priya V,Bengaluru,Bike,Part-time,3.71,Y
8202,DP08203,Kiran W,Bengaluru,Bike,Part-time,4.62,Y
8203,DP08204,Ravi E,Bengaluru,Scooter,Full-time,4.23,Y
8204,DP08205,Suresh A,Hyderabad,Bike,Full-time,4.07,Y
8205,DP08206,Suresh E,Mumbai,Bike,Contract,4.41,Y
8206,DP08207,Neha J,Mumbai,Scooter,Full-time,4.22,Y
8207,DP08208,Ravi T,Delhi,Bike,Full-time,4.24,N
8208,DP08209,Ravi E,Kolkata,Bike,Full-time,3.79,N
8209,DP08210,Divya Z,Bengaluru,Scooter,Full-time,4.11,Y
8210,DP08211,Sneha B,Delhi,Scooter,Full-time,4.55,Y
8211,DP08212,Ravi P,Bengaluru,Cycle,Contract,4.15,Y
8212,DP08213,Vikas E,Mumbai,Cycle,Full-time,4.4,Y
8213,DP08214,Amit C,Kolkata,Bike,Full-time,4.14,Y
8214,DP08215,Suresh Z,Mumbai,Scooter,Contract,4.23,Y
8215,DP08216,Suresh H,Pune,Cycle,Full-time,4.2,Y
8216,DP08217,Priya T,Hyderabad,Scooter,Full-time,4.21,Y
8217,DP08218,Amit D,Mumbai,Bike,Contract,4.03,Y
8218,DP08219,Rahul Y,Hyderabad,Cycle,Full-time,4.46,Y
8219,DP08220,Arjun J,Mumbai,Bike,Part-time,4.35,Y
8220,DP08221,Vikas B,Pune,Car,Part-time,3.7,Y
8221,DP08222,Santosh R,Delhi,Bike,Part-time,4.13,Y
8222,DP08223,Manoj I,Mumbai,Cycle,Full-time,3.73,N
8223,DP08224,Kiran P,Bengaluru,Bike,Part-time,4.11,Y
8224,DP08225,Shreya P,Bengaluru,Bike,Part-time,3.93,Y
8225,DP08226,Suresh J,Chennai,Scooter,Full-time,4.5,Y
8226,DP08227,Sneha W,Ahmedabad,Scooter,Part-time,4.33,N
8227,DP08228,Divya S,Ahmedabad,Bike,Contract,4.02,Y
8228,DP08229,Shreya Z,Bengaluru,Bike,Part-time,4.2,Y
8229,DP08230,Sneha U,Delhi,Bike,Full-time,4.2,Y
8230,DP08231,Amit S,Bengaluru,Bike,Full-time,3.5,Y
8231,DP08232,Divya B,Bengaluru,Scooter,Contract,4.43,Y
8232,DP08233,Amit Y,Mumbai,Cycle,Part-time,4.3,Y
8233,DP08234,Pooja M,Bengaluru,Scooter,Full-time,4.35,Y
8234,DP08235,Suresh Z,Hyderabad,Scooter,Full-time,4.06,N
8235,DP08236,Shreya A,Chennai,Cycle,Full-time,4.61,Y
8236,DP08237,Arjun J,Bengaluru,Cycle,Full-time,4.55,Y
8237,DP08238,Rakesh U,Bengaluru,Scooter,Full-time,4.38,Y
8238,DP08239,Arjun M,Bengaluru,Cycle,Full-time,4.02,Y
8239,DP08240,Nikhil N,Kolkata,Scooter,Full-time,4.0,Y
8240,DP08241,Kiran H,Chennai,Bike,Full-time,4.03,N
8241,DP08242,Vikas O,Bengaluru,Bike,Contract,4.14,Y
8242,DP08243,Divya P,Hyderabad,Bike,Part-time,4.26,Y
8243,DP08244,Neha Q,Chennai,Bike,Contract,4.66,Y
8244,DP08245,Manoj S,Bengaluru,Scooter,Part-time,3.68,Y
8245,DP08246,Ravi A,Bengaluru,Scooter,Full-time,4.04,Y
8246,DP08247,Amit H,Pune,Scooter,Part-time,4.12,Y
8247,DP08248,Suresh E,Bengaluru,Scooter,Full-time,4.16,Y
8248,DP08249,Neha X,Delhi,Cycle,Part-time,4.96,Y
8249,DP08250,Manoj X,Delhi,Bike,Part-time,4.27,Y
8250,DP08251,Santosh U,Hyderabad,Scooter,Contract,4.24,Y
8251,DP08252,Divya J,Mumbai,Scooter,Full-time,4.48,Y
8252,DP08253,Rakesh T,Delhi,Scooter,Full-time,3.97,Y
8253,DP08254,Arjun K,Bengaluru,Cycle,Part-time,4.26,Y
8254,DP08255,Rakesh Q,Chennai,Bike,Full-time,3.66,Y
8255,DP08256,Meena H,Hyderabad,Bike,Full-time,4.47,Y
8256,DP08257,Neha U,Chennai,Bike,Contract,4.54,Y
8257,DP08258,Nikhil B,Delhi,Scooter,Contract,4.28,Y
8258,DP08259,Rakesh O,Bengaluru,Cycle,Part-time,4.07,Y
8259,DP08260,Nikhil F,Mumbai,Bike,Part-time,4.11,Y
8260,DP08261,Manoj Z,Chennai,Bike,Part-time,4.22,Y
8261,DP08262,Neha H,Chennai,Bike,Part-time,4.31,Y
8262,DP08263,Suresh W,Ahmedabad,Bike,Contract,4.36,N
8263,DP08264,Pooja P,Chennai,Bike,Full-time,3.99,Y
8264,DP08265,Divya U,Ahmedabad,Car,Full-time,3.93,Y
8265,DP08266,Neha U,Chennai,Scooter,Full-time,4.36,Y
8266,DP08267,Ananya W,Bengaluru,Bike,Part-time,4.41,Y
8267,DP08268,Rakesh S,Bengaluru,Scooter,Part-time,4.38,Y
8268,DP08269,Kiran A,Kolkata,Cycle,Full-time,4.54,N
8269,DP08270,Rakesh L,Bengaluru,Bike,Contract,3.8,Y
8270,DP08271,Suresh B,Bengaluru,Bike,Part-time,3.88,N
8271,DP08272,Divya Q,Bengaluru,Scooter,Full-time,3.91,N
8272,DP08273,Kiran T,Delhi,Bike,Full-time,3.94,Y
8273,DP08274,Amit J,Delhi,Car,Full-time,4.19,Y
8274,DP08275,Divya K,Kolkata,Bike,Full-time,4.34,Y
8275,DP08276,Divya U,Mumbai,Bike,Part-time,4.28,Y
8276,DP08277,Priya W,Delhi,Bike,Contract,4.23,Y
8277,DP08278,Shreya Z,Mumbai,Scooter,Contract,3.98,Y
8278,DP08279,Arjun K,Chennai,Scooter,Contract,3.84,Y
8279,DP08280,Kiran R,Mumbai,Scooter,Full-time,3.91,N
8280,DP08281,Arjun Z,Mumbai,Bike,Full-time,4.58,N
8281,DP08282,Shreya O,Chennai,Scooter,Full-time,4.3,N
8282,DP08283,Ravi B,Kolkata,Scooter,Full-time,4.15,Y
8283,DP08284,Rakesh T,Chennai,Bike,Full-time,3.78,Y
8284,DP08285,Amit R,Ahmedabad,Scooter,Full-time,4.28,N
8285,DP08286,Manoj F,Delhi,Bike,Full-time,4.51,Y
8286,DP08287,Manoj U,Mumbai,Bike,Contract,4.17,Y
8287,DP08288,Ananya V,Bengaluru,Scooter,Contract,4.16,Y
8288,DP08289,Nikhil A,Hyderabad,Car,Full-time,4.36,Y
8289,DP08290,Santosh V,Ahmedabad,Scooter,Part-time,3.87,Y
8290,DP08291,Vikas M,Delhi,Scooter,Full-time,4.44,Y
8291,DP08292,Deepak Q,Delhi,Bike,Full-time,3.87,Y
8292,DP08293,Deepak J,Ahmedabad,Scooter,Full-time,4.2,Y
8293,DP08294,Priya S,Delhi,Scooter,Full-time,4.33,N
8294,DP08295,Nikhil E,Mumbai,Bike,Full-time,4.11,Y
8295,DP08296,Kiran N,Chennai,Bike,Contract,4.28,Y
8296,DP08297,Santosh A,Hyderabad,Scooter,Contract,4.51,Y
8297,DP08298,Neha U,Bengaluru,Cycle,Full-time,4.25,Y
8298,DP08299,Rahul B,Bengaluru,Bike,Full-time,4.32,N
8299,DP08300,Shreya B,Ahmedabad,Bike,Contract,4.48,N
8300,DP08301,Santosh Q,Bengaluru,Car,Contract,3.99,N
8301,DP08302,Kiran R,Delhi,Cycle,Full-time,4.57,Y
8302,DP08303,Kiran E,Chennai,Scooter,Full-time,4.44,Y
8303,DP08304,Ananya Y,Delhi,Scooter,Full-time,3.71,N
8304,DP08305,Shreya Q,Chennai,Bike,Full-time,4.18,Y
8305,DP08306,Divya H,Mumbai,Scooter,Full-time,4.12,N
8306,DP08307,Santosh A,Kolkata,Bike,Contract,3.63,Y
8307,DP08308,Vikas T,Bengaluru,Car,Contract,4.15,Y
8308,DP08309,Nikhil K,Delhi,Bike,Full-time,4.43,Y
8309,DP08310,Meena L,Delhi,Scooter,Full-time,4.39,Y
8310,DP08311,Ravi Y,Bengaluru,Scooter,Part-time,4.26,Y
8311,DP08312,Shreya M,Hyderabad,Car,Contract,3.88,Y
8312,DP08313,Suresh C,Delhi,Bike,Part-time,4.51,Y
8313,DP08314,Rahul Q,Hyderabad,Scooter,Full-time,4.31,N
8314,DP08315,Santosh C,Kolkata,Cycle,Full-time,3.81,N
8315,DP08316,Priya C,Bengaluru,Scooter,Part-time,4.37,Y
8316,DP08317,Manoj Z,Hyderabad,Scooter,Part-time,4.42,Y
8317,DP08318,Ravi J,Ahmedabad,Cycle,Full-time,4.22,N
8318,DP08319,Meena G,Kolkata,Scooter,Part-time,4.64,Y
8319,DP08320,Amit X,Pune,Bike,Full-time,4.1,N
8320,DP08321,Nikhil Q,Bengaluru,Scooter,Part-time,4.32,Y
8321,DP08322,Nikhil G,Delhi,Scooter,Part-time,4.39,N
8322,DP08323,Ananya K,Chennai,Bike,Contract,4.37,Y
8323,DP08324,Nikhil G,Bengaluru,Scooter,Full-time,4.25,Y
8324,DP08325,Deepak S,Chennai,Scooter,Part-time,4.63,Y
8325,DP08326,Vikas U,Bengaluru,Bike,Full-time,4.23,Y
8326,DP08327,Divya S,Mumbai,Car,Part-time,4.23,Y
8327,DP08328,Vikas G,Pune,Car,Full-time,4.35,Y
8328,DP08329,Amit K,Ahmedabad,Scooter,Full-time,3.91,N
8329,DP08330,Sneha Q,Delhi,Scooter,Full-time,4.36,Y
8330,DP08331,Ravi B,Hyderabad,Scooter,Part-time,3.82,Y
8331,DP08332,Vikas C,Pune,Bike,Contract,4.22,Y
8332,DP08333,Arjun A,Kolkata,Scooter,Full-time,3.52,Y
8333,DP08334,Amit F,Mumbai,Cycle,Part-time,4.22,Y
8334,DP08335,Rakesh D,Pune,Scooter,Full-time,3.89,Y
8335,DP08336,Vikas D,Hyderabad,Scooter,Part-time,3.8,N
8336,DP08337,Suresh T,Chennai,Bike,Part-time,4.11,Y
8337,DP08338,Manoj E,Delhi,Bike,Full-time,4.04,N
8338,DP08339,Rahul A,Hyderabad,Cycle,Contract,4.25,Y
8339,DP08340,Santosh A,Delhi,Bike,Full-time,4.03,Y
8340,DP08341,Ananya P,Delhi,Scooter,Contract,4.17,Y
8341,DP08342,Sneha A,Bengaluru,Scooter,Part-time,3.98,Y
8342,DP08343,Vikas P,Kolkata,Scooter,Full-time,4.33,Y
8343,DP08344,Priya G,Bengaluru,Cycle,Full-time,4.19,Y
8344,DP08345,Vikas G,Delhi,Bike,Full-time,4.19,Y
8345,DP08346,Neha V,Pune,Car,Part-time,3.96,Y
8346,DP08347,Vikas M,Chennai,Bike,Part-time,3.94,Y
8347,DP08348,Rahul K,Pune,Scooter,Full-time,4.63,Y
8348,DP08349,Divya O,Delhi,Scooter,Full-time,4.22,Y
8349,DP08350,Suresh S,Bengaluru,Scooter,Full-time,4.21,Y
8350,DP08351,Ananya W,Chennai,Scooter,Part-time,3.89,N
8351,DP08352,Divya R,Mumbai,Bike,Part-time,4.06,Y
8352,DP08353,Meena M,Delhi,Scooter,Full-time,4.46,Y
8353,DP08354,Ravi M,Mumbai,Bike,Full-time,4.57,Y
8354,DP08355,Priya X,Bengaluru,Scooter,Contract,4.17,Y
8355,DP08356,Priya K,Mumbai,Scooter,Contract,4.26,Y
8356,DP08357,Pooja Z,Mumbai,Bike,Contract,3.93,Y
8357,DP08358,Vikas N,Kolkata,Scooter,Full-time,4.65,Y
8358,DP08359,Deepak J,Delhi,Bike,Contract,4.23,Y
8359,DP08360,Meena W,Ahmedabad,Bike,Full-time,3.95,Y
8360,DP08361,Divya Y,Mumbai,Scooter,Full-time,4.76,Y
8361,DP08362,Rahul D,Bengaluru,Scooter,Contract,4.03,Y
8362,DP08363,Shreya Z,Delhi,Bike,Part-time,4.16,Y
8363,DP08364,Kiran X,Bengaluru,Cycle,Full-time,4.36,Y
8364,DP08365,Kiran M,Bengaluru,Bike,Full-time,3.97,Y
8365,DP08366,Pooja G,Hyderabad,Scooter,Contract,4.55,Y
8366,DP08367,Ravi O,Delhi,Scooter,Full-time,3.43,Y
8367,DP08368,Meena H,Hyderabad,Cycle,Part-time,4.53,Y
8368,DP08369,Ananya N,Hyderabad,Cycle,Full-time,4.48,N
8369,DP08370,Pooja N,Chennai,Bike,Full-time,3.98,Y
8370,DP08371,Shreya J,Ahmedabad,Bike,Contract,4.59,Y
8371,DP08372,Ananya D,Delhi,Cycle,Full-time,4.52,Y
8372,DP08373,Divya T,Chennai,Scooter,Contract,4.03,Y
8373,DP08374,Rakesh M,Hyderabad,Bike,Part-time,4.03,N
8374,DP08375,Santosh W,Hyderabad,Cycle,Full-time,3.83,Y
8375,DP08376,Arjun Y,Ahmedabad,Scooter,Part-time,3.92,Y
8376,DP08377,Priya H,Ahmedabad,Scooter,Part-time,4.49,Y
8377,DP08378,Santosh Y,Kolkata,Bike,Full-time,3.97,Y
8378,DP08379,Shreya R,Pune,Car,Full-time,4.03,Y
8379,DP08380,Ananya E,Delhi,Scooter,Part-time,4.03,Y
8380,DP08381,Divya U,Bengaluru,Scooter,Part-time,4.05,N
8381,DP08382,Ananya T,Bengaluru,Cycle,Contract,4.4,Y
8382,DP08383,Priya Q,Delhi,Bike,Full-time,4.15,N
8383,DP08384,Rahul W,Bengaluru,Scooter,Contract,4.6,Y
8384,DP08385,Neha R,Bengaluru,Bike,Full-time,4.17,Y
8385,DP08386,Ravi W,Mumbai,Cycle,Full-time,3.73,Y
8386,DP08387,Ravi W,Bengaluru,Bike,Full-time,3.7,N
8387,DP08388,Ravi X,Hyderabad,Bike,Contract,3.87,Y
8388,DP08389,Neha L,Bengaluru,Cycle,Full-time,4.3,Y
8389,DP08390,Manoj N,Mumbai,Bike,Full-time,4.49,Y
8390,DP08391,Ravi V,Ahmedabad,Scooter,Part-time,4.36,Y
8391,DP08392,Deepak H,Bengaluru,Bike,Full-time,4.5,Y
8392,DP08393,Vikas F,Pune,Bike,Full-time,3.83,Y
8393,DP08394,Manoj C,Mumbai,Scooter,Full-time,4.79,Y
8394,DP08395,Ananya J,Bengaluru,Scooter,Contract,3.61,Y
8395,DP08396,Priya R,Bengaluru,Bike,Part-time,3.25,Y
8396,DP08397,Suresh D,Ahmedabad,Car,Full-time,4.11,Y
8397,DP08398,Santosh H,Ahmedabad,Bike,Full-time,4.16,Y
8398,DP08399,Neha Q,Bengaluru,Bike,Full-time,4.48,Y
8399,DP08400,Deepak E,Ahmedabad,Cycle,Contract,3.87,Y
8400,DP08401,Santosh Y,Bengaluru,Cycle,Part-time,4.2,Y
8401,DP08402,Nikhil N,Hyderabad,Bike,Part-time,4.52,Y
8402,DP08403,Amit C,Delhi,Scooter,Full-time,4.4,Y
8403,DP08404,Ananya Y,Chennai,Scooter,Full-time,4.08,Y
8404,DP08405,Ravi Y,Bengaluru,Scooter,Contract,4.44,Y
8405,DP08406,Vikas A,Delhi,Car,Full-time,4.28,Y
8406,DP08407,Divya T,Bengaluru,Scooter,Part-time,4.13,N
8407,DP08408,Meena A,Delhi,Scooter,Part-time,3.78,Y
8408,DP08409,Rahul H,Delhi,Scooter,Part-time,3.97,Y
8409,DP08410,Amit P,Ahmedabad,Bike,Part-time,4.49,Y
8410,DP08411,Rahul G,Ahmedabad,Bike,Full-time,4.12,Y
8411,DP08412,Rakesh C,Hyderabad,Bike,Part-time,3.59,N
8412,DP08413,Shreya D,Pune,Bike,Full-time,3.98,Y
8413,DP08414,Amit X,Bengaluru,Bike,Part-time,3.91,Y
8414,DP08415,Deepak T,Hyderabad,Car,Full-time,4.26,Y
8415,DP08416,Manoj U,Kolkata,Bike,Part-time,3.84,Y
8416,DP08417,Vikas S,Ahmedabad,Bike,Full-time,4.3,Y
8417,DP08418,Pooja M,Delhi,Bike,Full-time,4.07,Y
8418,DP08419,Nikhil H,Mumbai,Car,Contract,3.44,Y
8419,DP08420,Pooja Z,Mumbai,Cycle,Full-time,4.0,Y
8420,DP08421,Manoj K,Bengaluru,Scooter,Contract,4.53,Y
8421,DP08422,Ananya F,Chennai,Bike,Full-time,3.98,N
8422,DP08423,Divya H,Bengaluru,Scooter,Part-time,4.27,Y
8423,DP08424,Arjun G,Delhi,Scooter,Full-time,4.67,Y
8424,DP08425,Manoj Z,Ahmedabad,Bike,Full-time,4.57,Y
8425,DP08426,Vikas H,Ahmedabad,Scooter,Contract,4.01,Y
8426,DP08427,Vikas M,Bengaluru,Bike,Full-time,4.48,Y
8427,DP08428,Vikas O,Mumbai,Bike,Full-time,4.77,Y
8428,DP08429,Ravi W,Mumbai,Bike,Part-time,4.14,Y
8429,DP08430,Shreya K,Kolkata,Cycle,Full-time,4.23,Y
8430,DP08431,Arjun B,Bengaluru,Bike,Full-time,4.39,N
8431,DP08432,Arjun K,Mumbai,Car,Full-time,4.1,Y
8432,DP08433,Priya C,Kolkata,Bike,Contract,4.15,Y
8433,DP08434,Sneha F,Chennai,Cycle,Full-time,3.9,N
8434,DP08435,Santosh Q,Kolkata,Bike,Full-time,4.13,N
8435,DP08436,Divya T,Hyderabad,Bike,Full-time,4.32,Y
8436,DP08437,Ananya X,Bengaluru,Bike,Contract,4.11,Y
8437,DP08438,Pooja G,Chennai,Bike,Contract,3.88,Y
8438,DP08439,Priya E,Chennai,Bike,Full-time,3.62,Y
8439,DP08440,Suresh J,Ahmedabad,Scooter,Full-time,4.65,Y
8440,DP08441,Ananya L,Bengaluru,Cycle,Part-time,3.98,Y
8441,DP08442,Amit B,Bengaluru,Car,Part-time,4.7,Y
8442,DP08443,Ananya K,Bengaluru,Bike,Contract,4.25,Y
8443,DP08444,Divya U,Ahmedabad,Bike,Full-time,4.45,Y
8444,DP08445,Ravi C,Kolkata,Bike,Full-time,3.77,N
8445,DP08446,Kiran S,Pune,Cycle,Part-time,4.03,Y
8446,DP08447,Kiran D,Delhi,Bike,Part-time,4.27,Y
8447,DP08448,Pooja W,Bengaluru,Bike,Full-time,3.89,Y
8448,DP08449,Santosh U,Delhi,Scooter,Full-time,4.0,N
8449,DP08450,Kiran S,Bengaluru,Scooter,Full-time,4.31,Y
8450,DP08451,Manoj P,Chennai,Bike,Full-time,4.31,Y
8451,DP08452,Priya U,Mumbai,Scooter,Contract,4.88,N
8452,DP08453,Vikas O,Hyderabad,Bike,Contract,4.18,Y
8453,DP08454,Pooja B,Bengaluru,Scooter,Part-time,4.24,Y
8454,DP08455,Rahul A,Kolkata,Scooter,Full-time,4.26,Y
8455,DP08456,Arjun C,Bengaluru,Bike,Full-time,4.24,Y
8456,DP08457,Vikas G,Bengaluru,Bike,Full-time,4.23,N
8457,DP08458,Kiran U,Mumbai,Bike,Contract,4.06,Y
8458,DP08459,Rahul O,Bengaluru,Bike,Full-time,3.93,Y
8459,DP08460,Vikas S,Bengaluru,Bike,Contract,3.86,Y
8460,DP08461,Amit S,Delhi,Bike,Full-time,4.32,Y
8461,DP08462,Arjun I,Bengaluru,Scooter,Full-time,3.91,Y
8462,DP08463,Sneha U,Hyderabad,Scooter,Part-time,4.53,Y
8463,DP08464,Nikhil O,Bengaluru,Bike,Full-time,4.38,N
8464,DP08465,Shreya G,Bengaluru,Cycle,Full-time,4.03,Y
8465,DP08466,Divya O,Chennai,Car,Full-time,4.22,Y
8466,DP08467,Ravi K,Hyderabad,Scooter,Part-time,4.47,Y
8467,DP08468,Ananya P,Mumbai,Bike,Contract,3.8,Y
8468,DP08469,Ananya T,Chennai,Scooter,Part-time,4.31,Y
8469,DP08470,Neha T,Mumbai,Bike,Part-time,4.47,Y
8470,DP08471,Meena E,Mumbai,Cycle,Full-time,4.68,Y
8471,DP08472,Meena D,Bengaluru,Scooter,Part-time,3.82,Y
8472,DP08473,Rakesh S,Delhi,Bike,Full-time,4.05,Y
8473,DP08474,Kiran M,Mumbai,Scooter,Full-time,3.82,Y
8474,DP08475,Ananya F,Pune,Scooter,Full-time,4.6,Y
8475,DP08476,Meena H,Kolkata,Scooter,Full-time,4.26,Y
8476,DP08477,Divya G,Kolkata,Scooter,Full-time,4.52,Y
8477,DP08478,Pooja Y,Delhi,Scooter,Part-time,4.46,Y
8478,DP08479,Santosh N,Delhi,Scooter,Full-time,3.98,Y
8479,DP08480,Santosh Z,Ahmedabad,Car,Full-time,4.49,N
8480,DP08481,Ananya A,Hyderabad,Scooter,Full-time,4.41,Y
8481,DP08482,Deepak V,Ahmedabad,Bike,Full-time,4.72,Y
8482,DP08483,Ananya A,Ahmedabad,Scooter,Part-time,4.36,Y
8483,DP08484,Meena K,Bengaluru,Bike,Part-time,4.5,N
8484,DP08485,Amit Q,Chennai,Scooter,Part-time,4.23,Y
8485,DP08486,Kiran I,Hyderabad,Bike,Full-time,4.38,Y
8486,DP08487,Kiran G,Mumbai,Bike,Full-time,4.09,Y
8487,DP08488,Pooja H,Delhi,Scooter,Contract,4.04,Y
8488,DP08489,Sneha R,Bengaluru,Cycle,Full-time,4.13,Y
8489,DP08490,Vikas R,Bengaluru,Cycle,Part-time,4.19,Y
8490,DP08491,Arjun Z,Delhi,Bike,Full-time,4.39,Y
8491,DP08492,Amit M,Mumbai,Bike,Full-time,4.0,Y
8492,DP08493,Deepak W,Chennai,Scooter,Full-time,3.49,N
8493,DP08494,Arjun Y,Ahmedabad,Bike,Full-time,4.64,Y
8494,DP08495,Ravi Z,Hyderabad,Scooter,Contract,3.98,Y
8495,DP08496,Neha M,Chennai,Cycle,Full-time,4.27,Y
8496,DP08497,Ananya U,Hyderabad,Bike,Full-time,4.33,Y
8497,DP08498,Rahul I,Chennai,Scooter,Full-time,4.03,Y
8498,DP08499,Sneha S,Kolkata,Scooter,Part-time,3.82,Y
8499,DP08500,Amit J,Hyderabad,Bike,Part-time,4.15,Y
8500,DP08501,Kiran F,Hyderabad,Scooter,Contract,4.18,Y
8501,DP08502,Amit O,Kolkata,Scooter,Full-time,3.93,Y
8502,DP08503,Ravi U,Pune,Bike,Contract,4.17,Y
8503,DP08504,Rakesh I,Mumbai,Cycle,Full-time,4.1,Y
8504,DP08505,Rakesh R,Ahmedabad,Car,Contract,4.06,Y
8505,DP08506,Kiran X,Bengaluru,Cycle,Part-time,4.47,Y
8506,DP08507,Suresh U,Kolkata,Scooter,Part-time,4.18,Y
8507,DP08508,Vikas D,Ahmedabad,Bike,Contract,4.07,Y
8508,DP08509,Shreya M,Bengaluru,Bike,Contract,4.38,Y
8509,DP08510,Rakesh H,Bengaluru,Scooter,Part-time,3.75,Y
8510,DP08511,Priya D,Bengaluru,Scooter,Part-time,4.18,Y
8511,DP08512,Neha W,Pune,Bike,Part-time,4.01,Y
8512,DP08513,Priya S,Delhi,Cycle,Full-time,4.47,Y
8513,DP08514,Shreya M,Bengaluru,Scooter,Full-time,4.1,Y
8514,DP08515,Divya F,Bengaluru,Bike,Part-time,4.09,Y
8515,DP08516,Ananya B,Bengaluru,Scooter,Part-time,4.22,Y
8516,DP08517,Nikhil G,Bengaluru,Scooter,Full-time,4.1,Y
8517,DP08518,Nikhil M,Ahmedabad,Cycle,Full-time,4.33,Y
8518,DP08519,Pooja Q,Ahmedabad,Scooter,Part-time,3.97,Y
8519,DP08520,Vikas G,Mumbai,Bike,Part-time,4.23,Y
8520,DP08521,Sneha F,Delhi,Bike,Full-time,4.06,Y
8521,DP08522,Shreya Z,Kolkata,Cycle,Full-time,4.1,Y
8522,DP08523,Arjun P,Delhi,Bike,Contract,4.08,Y
8523,DP08524,Suresh I,Hyderabad,Scooter,Full-time,4.49,N
8524,DP08525,Arjun P,Hyderabad,Bike,Full-time,3.93,N
8525,DP08526,Neha L,Chennai,Bike,Full-time,3.81,Y
8526,DP08527,Priya P,Ahmedabad,Scooter,Contract,4.61,Y
8527,DP08528,Sneha G,Kolkata,Bike,Full-time,4.5,Y
8528,DP08529,Meena G,Bengaluru,Scooter,Part-time,4.35,Y
8529,DP08530,Deepak N,Mumbai,Cycle,Contract,4.72,Y
8530,DP08531,Divya S,Pune,Bike,Part-time,4.28,N
8531,DP08532,Deepak D,Kolkata,Bike,Full-time,4.32,Y
8532,DP08533,Shreya Y,Mumbai,Car,Full-time,4.49,Y
8533,DP08534,Rahul D,Ahmedabad,Scooter,Full-time,3.95,N
8534,DP08535,Rakesh N,Kolkata,Bike,Contract,4.33,N
8535,DP08536,Nikhil U,Bengaluru,Bike,Part-time,4.58,Y
8536,DP08537,Divya Z,Bengaluru,Scooter,Part-time,4.19,Y
8537,DP08538,Priya J,Ahmedabad,Scooter,Contract,4.38,Y
8538,DP08539,Sneha X,Ahmedabad,Bike,Full-time,4.22,Y
8539,DP08540,Suresh Q,Bengaluru,Car,Part-time,4.18,N
8540,DP08541,Arjun U,Bengaluru,Cycle,Part-time,4.47,Y
8541,DP08542,Arjun T,Mumbai,Scooter,Full-time,4.33,Y
8542,DP08543,Arjun G,Mumbai,Cycle,Contract,4.33,Y
8543,DP08544,Priya C,Kolkata,Scooter,Contract,3.98,Y
8544,DP08545,Vikas N,Ahmedabad,Scooter,Full-time,3.81,Y
8545,DP08546,Rakesh H,Delhi,Car,Contract,3.99,Y
8546,DP08547,Neha S,Chennai,Cycle,Part-time,4.03,Y
8547,DP08548,Nikhil S,Kolkata,Scooter,Full-time,4.31,Y
8548,DP08549,Priya S,Hyderabad,Bike,Part-time,4.4,Y
8549,DP08550,Amit Q,Pune,Bike,Full-time,3.85,N
8550,DP08551,Shreya M,Kolkata,Scooter,Contract,3.98,Y
8551,DP08552,Rakesh Q,Chennai,Scooter,Part-time,4.03,N
8552,DP08553,Arjun N,Delhi,Cycle,Full-time,3.93,N
8553,DP08554,Meena T,Chennai,Scooter,Part-time,3.77,N
8554,DP08555,Deepak J,Mumbai,Cycle,Full-time,4.45,Y
8555,DP08556,Shreya V,Delhi,Bike,Full-time,3.79,Y
8556,DP08557,Rakesh T,Mumbai,Scooter,Part-time,4.11,Y
8557,DP08558,Vikas Q,Kolkata,Scooter,Part-time,4.16,Y
8558,DP08559,Vikas V,Bengaluru,Bike,Contract,4.31,Y
8559,DP08560,Rahul C,Mumbai,Scooter,Full-time,4.17,Y
8560,DP08561,Manoj A,Hyderabad,Scooter,Part-time,3.99,Y
8561,DP08562,Priya A,Pune,Scooter,Full-time,3.92,Y
8562,DP08563,Suresh D,Ahmedabad,Cycle,Part-time,4.6,Y
8563,DP08564,Meena Q,Delhi,Scooter,Full-time,3.72,Y
8564,DP08565,Vikas E,Hyderabad,Bike,Full-time,4.3,N
8565,DP08566,Kiran J,Mumbai,Bike,Full-time,3.61,Y
8566,DP08567,Amit I,Mumbai,Scooter,Full-time,4.09,Y
8567,DP08568,Meena F,Bengaluru,Bike,Full-time,4.25,Y
8568,DP08569,Deepak X,Pune,Bike,Full-time,4.15,Y
8569,DP08570,Santosh G,Pune,Scooter,Full-time,3.8,Y
8570,DP08571,Vikas E,Bengaluru,Bike,Full-time,4.22,Y
8571,DP08572,Suresh B,Bengaluru,Cycle,Full-time,3.96,Y
8572,DP08573,Shreya C,Ahmedabad,Bike,Contract,4.21,Y
8573,DP08574,Amit R,Kolkata,Scooter,Full-time,4.08,Y
8574,DP08575,Ananya W,Chennai,Scooter,Contract,4.1,Y
8575,DP08576,Amit X,Delhi,Scooter,Full-time,4.11,N
8576,DP08577,Manoj U,Bengaluru,Scooter,Part-time,4.17,Y
8577,DP08578,Rakesh W,Hyderabad,Scooter,Part-time,4.37,Y
8578,DP08579,Neha O,Mumbai,Cycle,Full-time,4.05,Y
8579,DP08580,Neha P,Mumbai,Bike,Full-time,4.15,Y
8580,DP08581,Suresh W,Bengaluru,Cycle,Part-time,4.56,Y
8581,DP08582,Shreya V,Chennai,Car,Full-time,4.08,Y
8582,DP08583,Neha W,Pune,Car,Part-time,4.26,Y
8583,DP08584,Deepak S,Chennai,Scooter,Full-time,4.54,Y
8584,DP08585,Santosh C,Pune,Scooter,Full-time,4.25,Y
8585,DP08586,Divya V,Kolkata,Bike,Full-time,4.48,Y
8586,DP08587,Kiran O,Delhi,Scooter,Contract,4.29,Y
8587,DP08588,Kiran K,Mumbai,Bike,Full-time,4.41,Y
8588,DP08589,Arjun O,Pune,Scooter,Contract,4.42,Y
8589,DP08590,Priya E,Bengaluru,Scooter,Full-time,4.38,Y
8590,DP08591,Priya D,Chennai,Bike,Full-time,4.04,Y
8591,DP08592,Sneha A,Kolkata,Cycle,Full-time,4.33,Y
8592,DP08593,Santosh D,Hyderabad,Bike,Full-time,3.83,Y
8593,DP08594,Amit A,Bengaluru,Scooter,Contract,4.64,Y
8594,DP08595,Ananya I,Bengaluru,Cycle,Contract,4.21,Y
8595,DP08596,Neha B,Pune,Scooter,Part-time,4.23,Y
8596,DP08597,Meena J,Pune,Bike,Full-time,4.17,N
8597,DP08598,Pooja D,Bengaluru,Scooter,Full-time,3.99,Y
8598,DP08599,Arjun J,Ahmedabad,Cycle,Full-time,3.99,Y
8599,DP08600,Divya L,Mumbai,Bike,Part-time,3.65,Y
8600,DP08601,Santosh L,Mumbai,Scooter,Part-time,3.99,Y
8601,DP08602,Manoj C,Delhi,Bike,Full-time,4.32,Y
8602,DP08603,Amit Z,Mumbai,Bike,Part-time,4.73,Y
8603,DP08604,Rakesh T,Ahmedabad,Bike,Full-time,4.53,Y
8604,DP08605,Manoj K,Bengaluru,Cycle,Part-time,4.27,Y
8605,DP08606,Arjun L,Hyderabad,Scooter,Part-time,3.92,Y
8606,DP08607,Divya I,Hyderabad,Scooter,Full-time,4.06,Y
8607,DP08608,Manoj K,Delhi,Car,Full-time,3.97,Y
8608,DP08609,Rahul D,Bengaluru,Scooter,Full-time,3.85,Y
8609,DP08610,Manoj D,Bengaluru,Scooter,Full-time,3.81,Y
8610,DP08611,Rahul F,Kolkata,Cycle,Part-time,4.38,Y
8611,DP08612,Pooja N,Bengaluru,Bike,Full-time,4.11,N
8612,DP08613,Rahul E,Kolkata,Bike,Full-time,4.18,Y
8613,DP08614,Rahul M,Chennai,Cycle,Full-time,3.66,Y
8614,DP08615,Suresh B,Pune,Cycle,Part-time,3.91,Y
8615,DP08616,Kiran O,Mumbai,Bike,Contract,4.79,N
8616,DP08617,Deepak D,Hyderabad,Scooter,Contract,4.12,Y
8617,DP08618,Deepak E,Ahmedabad,Bike,Full-time,3.95,N
8618,DP08619,Meena Q,Mumbai,Scooter,Part-time,4.22,Y
8619,DP08620,Vikas U,Delhi,Scooter,Full-time,3.85,N
8620,DP08621,Divya X,Hyderabad,Scooter,Contract,4.38,Y
8621,DP08622,Rakesh M,Mumbai,Bike,Part-time,4.36,Y
8622,DP08623,Nikhil L,Delhi,Cycle,Part-time,3.72,N
8623,DP08624,Neha D,Mumbai,Scooter,Part-time,4.46,Y
8624,DP08625,Rakesh N,Mumbai,Cycle,Full-time,4.1,Y
8625,DP08626,Divya B,Bengaluru,Scooter,Contract,3.73,Y
8626,DP08627,Divya Y,Chennai,Bike,Part-time,4.62,Y
8627,DP08628,Nikhil G,Chennai,Cycle,Full-time,4.18,Y
8628,DP08629,Suresh D,Delhi,Car,Full-time,4.22,N
8629,DP08630,Sneha B,Bengaluru,Scooter,Contract,4.07,Y
8630,DP08631,Pooja Q,Kolkata,Scooter,Full-time,4.39,N
8631,DP08632,Pooja N,Chennai,Bike,Part-time,3.66,Y
8632,DP08633,Neha C,Hyderabad,Scooter,Part-time,4.62,Y
8633,DP08634,Suresh Y,Bengaluru,Scooter,Full-time,3.99,Y
8634,DP08635,Santosh R,Chennai,Bike,Part-time,4.42,Y
8635,DP08636,Divya L,Bengaluru,Bike,Full-time,3.92,Y
8636,DP08637,Shreya K,Chennai,Scooter,Part-time,4.59,Y
8637,DP08638,Meena U,Hyderabad,Bike,Full-time,3.95,Y
8638,DP08639,Meena O,Pune,Car,Full-time,3.79,Y
8639,DP08640,Suresh C,Delhi,Bike,Full-time,4.1,Y
8640,DP08641,Vikas Q,Delhi,Scooter,Part-time,3.86,Y
8641,DP08642,Neha B,Chennai,Bike,Part-time,4.12,Y
8642,DP08643,Rahul T,Mumbai,Scooter,Part-time,4.24,Y
8643,DP08644,Arjun Y,Kolkata,Scooter,Part-time,5.0,N
8644,DP08645,Manoj P,Kolkata,Cycle,Full-time,4.48,N
8645,DP08646,Amit M,Pune,Bike,Contract,4.27,Y
8646,DP08647,Neha B,Bengaluru,Cycle,Full-time,4.07,Y
8647,DP08648,Suresh A,Chennai,Cycle,Full-time,4.34,Y
8648,DP08649,Kiran K,Chennai,Bike,Contract,4.43,Y
8649,DP08650,Shreya S,Hyderabad,Bike,Part-time,4.63,Y
8650,DP08651,Vikas V,Bengaluru,Bike,Full-time,4.07,Y
8651,DP08652,Ananya W,Chennai,Bike,Full-time,3.61,Y
8652,DP08653,Sneha T,Chennai,Bike,Contract,4.07,Y
8653,DP08654,Ananya W,Ahmedabad,Bike,Full-time,3.89,Y
8654,DP08655,Sneha N,Chennai,Car,Contract,4.5,Y
8655,DP08656,Deepak K,Pune,Scooter,Full-time,3.72,Y
8656,DP08657,Vikas A,Bengaluru,Bike,Contract,3.85,Y
8657,DP08658,Amit Y,Mumbai,Cycle,Full-time,3.7,Y
8658,DP08659,Meena J,Mumbai,Scooter,Full-time,3.95,Y
8659,DP08660,Priya C,Delhi,Bike,Full-time,4.86,Y
8660,DP08661,Sneha Q,Bengaluru,Scooter,Part-time,4.46,Y
8661,DP08662,Amit P,Mumbai,Bike,Part-time,4.18,Y
8662,DP08663,Rakesh Z,Bengaluru,Bike,Part-time,4.09,Y
8663,DP08664,Kiran S,Bengaluru,Bike,Part-time,4.19,Y
8664,DP08665,Neha B,Hyderabad,Bike,Full-time,4.22,Y
8665,DP08666,Suresh K,Delhi,Cycle,Part-time,4.39,Y
8666,DP08667,Santosh G,Kolkata,Bike,Full-time,4.29,Y
8667,DP08668,Meena C,Bengaluru,Scooter,Full-time,4.22,Y
8668,DP08669,Sneha N,Hyderabad,Scooter,Full-time,4.58,Y
8669,DP08670,Pooja P,Chennai,Scooter,Full-time,3.78,Y
8670,DP08671,Ananya B,Delhi,Bike,Full-time,4.46,Y
8671,DP08672,Deepak G,Ahmedabad,Scooter,Full-time,4.81,Y
8672,DP08673,Amit A,Pune,Bike,Full-time,4.11,Y
8673,DP08674,Amit H,Hyderabad,Scooter,Full-time,4.29,Y
8674,DP08675,Santosh C,Pune,Cycle,Full-time,4.03,N
8675,DP08676,Ananya C,Mumbai,Bike,Part-time,4.39,Y
8676,DP08677,Amit T,Delhi,Bike,Part-time,3.87,Y
8677,DP08678,Ravi J,Bengaluru,Bike,Contract,4.45,Y
8678,DP08679,Ananya Y,Ahmedabad,Bike,Part-time,3.72,Y
8679,DP08680,Arjun Y,Kolkata,Cycle,Full-time,4.48,Y
8680,DP08681,Kiran L,Bengaluru,Scooter,Full-time,4.11,Y
8681,DP08682,Deepak B,Kolkata,Scooter,Part-time,4.32,Y
8682,DP08683,Rahul V,Delhi,Scooter,Full-time,4.28,Y
8683,DP08684,Neha A,Mumbai,Scooter,Full-time,3.94,Y
8684,DP08685,Divya I,Bengaluru,Scooter,Full-time,4.82,Y
8685,DP08686,Shreya Q,Chennai,Cycle,Full-time,4.51,Y
8686,DP08687,Suresh A,Delhi,Scooter,Full-time,4.46,Y
8687,DP08688,Priya E,Delhi,Scooter,Part-time,4.31,Y
8688,DP08689,Vikas V,Mumbai,Scooter,Full-time,3.71,Y
8689,DP08690,Santosh H,Bengaluru,Bike,Contract,3.74,Y
8690,DP08691,Rahul I,Mumbai,Bike,Full-time,4.73,N
8691,DP08692,Kiran G,Chennai,Cycle,Full-time,4.44,Y
8692,DP08693,Ravi X,Bengaluru,Bike,Full-time,4.73,Y
8693,DP08694,Ravi P,Bengaluru,Scooter,Full-time,4.12,Y
8694,DP08695,Ananya L,Ahmedabad,Bike,Full-time,4.01,Y
8695,DP08696,Sneha E,Bengaluru,Scooter,Part-time,3.95,Y
8696,DP08697,Suresh O,Mumbai,Cycle,Part-time,4.28,Y
8697,DP08698,Santosh B,Kolkata,Bike,Part-time,4.23,Y
8698,DP08699,Deepak D,Bengaluru,Scooter,Contract,3.56,Y
8699,DP08700,Deepak F,Pune,Scooter,Full-time,4.1,N
8700,DP08701,Pooja H,Mumbai,Cycle,Part-time,4.36,Y
8701,DP08702,Rakesh N,Ahmedabad,Cycle,Contract,4.14,Y
8702,DP08703,Deepak B,Chennai,Scooter,Part-time,3.86,Y
8703,DP08704,Vikas C,Kolkata,Bike,Contract,4.06,Y
8704,DP08705,Kiran A,Delhi,Bike,Part-time,4.49,Y
8705,DP08706,Manoj Y,Kolkata,Bike,Full-time,4.09,Y
8706,DP08707,Manoj T,Bengaluru,Scooter,Full-time,4.24,Y
8707,DP08708,Rakesh S,Pune,Scooter,Full-time,4.11,Y
8708,DP08709,Arjun T,Bengaluru,Scooter,Part-time,4.19,Y
8709,DP08710,Arjun W,Mumbai,Scooter,Full-time,4.14,Y
8710,DP08711,Rahul W,Hyderabad,Bike,Full-time,4.27,Y
8711,DP08712,Ravi H,Mumbai,Bike,Contract,4.27,Y
8712,DP08713,Rahul A,Ahmedabad,Car,Full-time,4.01,Y
8713,DP08714,Ravi J,Ahmedabad,Car,Full-time,4.45,Y
8714,DP08715,Shreya O,Ahmedabad,Cycle,Contract,4.24,Y
8715,DP08716,Deepak J,Bengaluru,Bike,Full-time,4.11,Y
8716,DP08717,Arjun I,Chennai,Scooter,Full-time,4.46,Y
8717,DP08718,Arjun D,Ahmedabad,Cycle,Full-time,4.68,N
8718,DP08719,Suresh P,Mumbai,Bike,Part-time,3.88,N
8719,DP08720,Rakesh H,Ahmedabad,Car,Full-time,4.14,Y
8720,DP08721,Rakesh O,Mumbai,Scooter,Part-time,4.46,Y
8721,DP08722,Ravi L,Mumbai,Scooter,Full-time,4.22,Y
8722,DP08723,Shreya U,Mumbai,Scooter,Full-time,4.48,Y
8723,DP08724,Ravi Z,Kolkata,Scooter,Full-time,4.02,Y
8724,DP08725,Sneha J,Pune,Cycle,Part-time,3.89,Y
8725,DP08726,Suresh H,Bengaluru,Bike,Full-time,4.2,Y
8726,DP08727,Neha E,Bengaluru,Scooter,Full-time,4.32,Y
8727,DP08728,Arjun Y,Bengaluru,Scooter,Full-time,4.75,Y
8728,DP08729,Pooja Z,Bengaluru,Car,Contract,3.72,Y
8729,DP08730,Pooja I,Pune,Bike,Full-time,3.97,Y
8730,DP08731,Rahul B,Hyderabad,Scooter,Full-time,4.3,Y
8731,DP08732,Kiran E,Bengaluru,Cycle,Full-time,4.35,Y
8732,DP08733,Suresh I,Bengaluru,Scooter,Contract,4.12,Y
8733,DP08734,Kiran U,Bengaluru,Cycle,Contract,4.31,Y
8734,DP08735,Amit J,Hyderabad,Bike,Contract,4.38,Y
8735,DP08736,Neha Q,Ahmedabad,Scooter,Part-time,4.61,Y
8736,DP08737,Kiran I,Chennai,Scooter,Contract,4.33,Y
8737,DP08738,Ravi O,Chennai,Bike,Contract,4.33,N
8738,DP08739,Manoj R,Delhi,Scooter,Contract,3.94,Y
8739,DP08740,Rahul B,Hyderabad,Cycle,Part-time,4.63,Y
8740,DP08741,Ravi A,Mumbai,Scooter,Part-time,4.08,Y
8741,DP08742,Santosh P,Mumbai,Cycle,Full-time,4.35,Y
8742,DP08743,Neha J,Ahmedabad,Bike,Part-time,4.71,Y
8743,DP08744,Suresh B,Kolkata,Scooter,Full-time,4.25,N
8744,DP08745,Shreya J,Delhi,Scooter,Contract,4.51,N
8745,DP08746,Nikhil D,Ahmedabad,Cycle,Part-time,4.0,Y
8746,DP08747,Nikhil K,Chennai,Bike,Part-time,3.95,Y
8747,DP08748,Kiran Y,Bengaluru,Cycle,Part-time,4.46,Y
8748,DP08749,Priya M,Bengaluru,Bike,Part-time,4.78,Y
8749,DP08750,Rahul K,Hyderabad,Scooter,Full-time,4.45,Y
8750,DP08751,Suresh L,Pune,Bike,Full-time,4.28,Y
8751,DP08752,Deepak O,Kolkata,Cycle,Contract,3.94,Y
8752,DP08753,Santosh D,Bengaluru,Scooter,Contract,4.48,N
8753,DP08754,Rakesh D,Delhi,Bike,Part-time,4.42,Y
8754,DP08755,Sneha H,Bengaluru,Scooter,Contract,3.63,N
8755,DP08756,Meena J,Bengaluru,Cycle,Part-time,3.83,Y
8756,DP08757,Priya V,Hyderabad,Cycle,Contract,3.92,Y
8757,DP08758,Arjun S,Mumbai,Scooter,Part-time,4.03,Y
8758,DP08759,Sneha E,Mumbai,Cycle,Part-time,4.1,Y
8759,DP08760,Divya L,Bengaluru,Scooter,Part-time,4.27,N
8760,DP08761,Meena R,Bengaluru,Bike,Full-time,4.37,Y
8761,DP08762,Suresh A,Mumbai,Cycle,Contract,4.22,N
8762,DP08763,Rahul I,Hyderabad,Car,Full-time,4.67,Y
8763,DP08764,Rakesh M,Chennai,Scooter,Part-time,4.42,N
8764,DP08765,Pooja T,Delhi,Scooter,Contract,3.98,N
8765,DP08766,Nikhil G,Bengaluru,Bike,Part-time,4.16,N
8766,DP08767,Rakesh A,Delhi,Bike,Full-time,4.24,Y
8767,DP08768,Kiran W,Pune,Bike,Full-time,4.34,N
8768,DP08769,Amit J,Bengaluru,Cycle,Contract,3.84,Y
8769,DP08770,Divya A,Mumbai,Scooter,Full-time,4.3,Y
8770,DP08771,Rahul W,Kolkata,Scooter,Part-time,4.24,Y
8771,DP08772,Neha W,Mumbai,Car,Contract,5.0,N
8772,DP08773,Neha I,Hyderabad,Car,Full-time,4.29,Y
8773,DP08774,Neha G,Hyderabad,Cycle,Part-time,3.95,Y
8774,DP08775,Ananya P,Hyderabad,Bike,Full-time,3.87,Y
8775,DP08776,Neha O,Hyderabad,Scooter,Contract,4.28,Y
8776,DP08777,Priya I,Bengaluru,Scooter,Full-time,3.62,Y
8777,DP08778,Sneha D,Pune,Scooter,Full-time,3.79,Y
8778,DP08779,Santosh X,Delhi,Bike,Full-time,3.36,Y
8779,DP08780,Pooja X,Mumbai,Scooter,Full-time,4.0,Y
8780,DP08781,Priya X,Bengaluru,Bike,Contract,4.02,Y
8781,DP08782,Sneha O,Bengaluru,Scooter,Full-time,3.5,Y
8782,DP08783,Rakesh R,Ahmedabad,Bike,Contract,4.24,N
8783,DP08784,Priya D,Bengaluru,Scooter,Part-time,3.92,Y
8784,DP08785,Meena W,Kolkata,Bike,Part-time,3.83,Y
8785,DP08786,Ravi O,Hyderabad,Scooter,Contract,4.53,Y
8786,DP08787,Divya R,Delhi,Bike,Contract,3.66,Y
8787,DP08788,Pooja V,Delhi,Bike,Full-time,4.2,Y
8788,DP08789,Sneha D,Pune,Bike,Part-time,3.34,N
8789,DP08790,Amit W,Delhi,Bike,Full-time,4.3,Y
8790,DP08791,Arjun R,Chennai,Bike,Part-time,4.93,Y
8791,DP08792,Santosh M,Delhi,Scooter,Full-time,3.9,Y
8792,DP08793,Ananya K,Delhi,Bike,Part-time,4.23,Y
8793,DP08794,Arjun T,Delhi,Scooter,Full-time,4.6,Y
8794,DP08795,Arjun C,Bengaluru,Scooter,Full-time,4.4,N
8795,DP08796,Divya M,Bengaluru,Scooter,Full-time,4.43,Y
8796,DP08797,Vikas S,Delhi,Scooter,Full-time,4.44,Y
8797,DP08798,Pooja Z,Chennai,Scooter,Full-time,4.5,Y
8798,DP08799,Divya O,Mumbai,Cycle,Part-time,3.57,Y
8799,DP08800,Ravi E,Delhi,Scooter,Contract,3.97,Y
8800,DP08801,Pooja K,Kolkata,Scooter,Part-time,4.18,Y
8801,DP08802,Sneha P,Pune,Bike,Full-time,3.41,Y
8802,DP08803,Arjun T,Pune,Car,Part-time,4.43,N
8803,DP08804,Vikas H,Bengaluru,Cycle,Part-time,3.92,N
8804,DP08805,Ravi H,Chennai,Car,Contract,4.58,Y
8805,DP08806,Sneha Z,Bengaluru,Scooter,Part-time,4.13,Y
8806,DP08807,Neha K,Mumbai,Bike,Full-time,3.79,Y
8807,DP08808,Deepak A,Delhi,Cycle,Full-time,4.6,Y
8808,DP08809,Priya V,Delhi,Cycle,Contract,3.87,N
8809,DP08810,Sneha F,Chennai,Bike,Full-time,4.07,Y
8810,DP08811,Arjun D,Ahmedabad,Cycle,Contract,3.69,Y
8811,DP08812,Suresh J,Bengaluru,Bike,Full-time,4.07,Y
8812,DP08813,Deepak C,Delhi,Bike,Full-time,4.14,N
8813,DP08814,Ananya Z,Ahmedabad,Scooter,Full-time,4.15,Y
8814,DP08815,Manoj J,Chennai,Bike,Full-time,4.7,Y
8815,DP08816,Suresh A,Bengaluru,Bike,Full-time,4.03,Y
8816,DP08817,Rakesh Q,Delhi,Scooter,Part-time,4.07,Y
8817,DP08818,Santosh U,Delhi,Bike,Full-time,4.17,Y
8818,DP08819,Nikhil N,Mumbai,Bike,Full-time,3.99,Y
8819,DP08820,Amit Q,Hyderabad,Bike,Part-time,4.11,Y
8820,DP08821,Neha L,Bengaluru,Bike,Contract,3.84,N
8821,DP08822,Nikhil N,Mumbai,Bike,Full-time,4.07,N
8822,DP08823,Meena Y,Bengaluru,Scooter,Full-time,4.38,Y
8823,DP08824,Rahul D,Delhi,Bike,Full-time,4.27,Y
8824,DP08825,Divya Z,Kolkata,Scooter,Contract,3.74,N
8825,DP08826,Suresh L,Delhi,Cycle,Full-time,4.47,Y
8826,DP08827,Divya L,Kolkata,Bike,Full-time,4.17,Y
8827,DP08828,Deepak E,Delhi,Bike,Contract,3.87,Y
8828,DP08829,Sneha B,Pune,Scooter,Full-time,3.82,Y
8829,DP08830,Neha Y,Kolkata,Scooter,Part-time,4.05,Y
8830,DP08831,Ravi J,Bengaluru,Bike,Full-time,4.04,Y
8831,DP08832,Deepak V,Bengaluru,Scooter,Contract,4.29,Y
8832,DP08833,Priya H,Bengaluru,Scooter,Part-time,4.27,N
8833,DP08834,Manoj X,Kolkata,Cycle,Part-time,4.33,Y
8834,DP08835,Ravi V,Bengaluru,Bike,Full-time,4.7,Y
8835,DP08836,Rahul Y,Delhi,Car,Part-time,4.72,Y
8836,DP08837,Divya G,Mumbai,Bike,Full-time,4.27,N
8837,DP08838,Arjun W,Bengaluru,Scooter,Part-time,4.07,Y
8838,DP08839,Rahul Z,Chennai,Bike,Full-time,4.66,Y
8839,DP08840,Amit P,Hyderabad,Scooter,Full-time,4.07,Y
8840,DP08841,Pooja G,Bengaluru,Bike,Full-time,4.34,Y
8841,DP08842,Rakesh B,Kolkata,Cycle,Contract,3.78,Y
8842,DP08843,Santosh G,Kolkata,Bike,Contract,4.68,Y
8843,DP08844,Meena L,Bengaluru,Bike,Part-time,4.66,Y
8844,DP08845,Ravi L,Kolkata,Cycle,Full-time,4.49,Y
8845,DP08846,Meena F,Delhi,Cycle,Contract,4.52,Y
8846,DP08847,Suresh Y,Chennai,Scooter,Contract,3.58,Y
8847,DP08848,Divya T,Hyderabad,Scooter,Full-time,3.86,Y
8848,DP08849,Manoj Z,Delhi,Cycle,Part-time,4.05,Y
8849,DP08850,Suresh P,Bengaluru,Scooter,Part-time,4.4,Y
8850,DP08851,Kiran T,Mumbai,Scooter,Contract,4.1,Y
8851,DP08852,Suresh C,Bengaluru,Bike,Full-time,4.14,Y
8852,DP08853,Meena O,Bengaluru,Scooter,Contract,4.05,Y
8853,DP08854,Ananya R,Mumbai,Bike,Contract,4.36,N
8854,DP08855,Arjun E,Ahmedabad,Scooter,Contract,3.95,Y
8855,DP08856,Rahul D,Bengaluru,Scooter,Full-time,4.14,Y
8856,DP08857,Manoj R,Bengaluru,Bike,Part-time,4.29,N
8857,DP08858,Arjun B,Chennai,Scooter,Part-time,4.09,N
8858,DP08859,Manoj S,Kolkata,Bike,Full-time,4.4,Y
8859,DP08860,Neha Y,Pune,Scooter,Full-time,4.33,Y
8860,DP08861,Vikas Y,Delhi,Scooter,Contract,3.84,Y
8861,DP08862,Ananya C,Delhi,Bike,Full-time,3.85,Y
8862,DP08863,Ananya L,Bengaluru,Bike,Part-time,4.3,Y
8863,DP08864,Santosh R,Kolkata,Bike,Contract,4.26,Y
8864,DP08865,Nikhil F,Bengaluru,Scooter,Full-time,4.43,Y
8865,DP08866,Divya T,Delhi,Cycle,Contract,4.63,Y
8866,DP08867,Santosh U,Pune,Car,Full-time,4.41,Y
8867,DP08868,Manoj P,Chennai,Bike,Contract,3.72,Y
8868,DP08869,Rakesh M,Kolkata,Cycle,Full-time,4.23,N
8869,DP08870,Santosh H,Ahmedabad,Scooter,Part-time,4.11,Y
8870,DP08871,Ravi M,Delhi,Bike,Full-time,4.05,Y
8871,DP08872,Sneha M,Hyderabad,Bike,Full-time,3.91,Y
8872,DP08873,Arjun X,Mumbai,Bike,Full-time,3.71,N
8873,DP08874,Priya M,Hyderabad,Scooter,Part-time,4.5,Y
8874,DP08875,Meena K,Mumbai,Bike,Contract,4.52,Y
8875,DP08876,Ravi A,Delhi,Scooter,Part-time,4.44,Y
8876,DP08877,Deepak T,Pune,Scooter,Part-time,4.0,Y
8877,DP08878,Nikhil Z,Bengaluru,Bike,Full-time,4.38,Y
8878,DP08879,Neha Y,Bengaluru,Bike,Part-time,4.23,Y
8879,DP08880,Meena P,Pune,Bike,Part-time,4.33,Y
8880,DP08881,Divya H,Chennai,Bike,Part-time,4.18,Y
8881,DP08882,Rakesh Q,Ahmedabad,Scooter,Part-time,3.97,Y
8882,DP08883,Deepak D,Kolkata,Bike,Full-time,4.4,Y
8883,DP08884,Divya A,Bengaluru,Scooter,Full-time,4.48,Y
8884,DP08885,Sneha M,Hyderabad,Bike,Full-time,4.61,Y
8885,DP08886,Suresh C,Delhi,Car,Part-time,3.8,Y
8886,DP08887,Ananya X,Chennai,Scooter,Full-time,4.31,N
8887,DP08888,Arjun T,Delhi,Car,Full-time,4.56,Y
8888,DP08889,Amit O,Bengaluru,Bike,Contract,3.8,N
8889,DP08890,Sneha Z,Bengaluru,Scooter,Full-time,3.97,Y
8890,DP08891,Suresh B,Mumbai,Scooter,Contract,4.1,Y
8891,DP08892,Sneha P,Bengaluru,Scooter,Full-time,4.21,N
8892,DP08893,Arjun T,Bengaluru,Scooter,Full-time,4.64,Y
8893,DP08894,Shreya G,Hyderabad,Bike,Full-time,3.65,Y
8894,DP08895,Deepak X,Bengaluru,Bike,Full-time,4.46,Y
8895,DP08896,Vikas M,Bengaluru,Scooter,Full-time,4.35,Y
8896,DP08897,Nikhil H,Bengaluru,Bike,Full-time,4.36,Y
8897,DP08898,Neha W,Mumbai,Car,Full-time,3.86,N
8898,DP08899,Santosh I,Pune,Scooter,Part-time,4.28,Y
8899,DP08900,Ravi U,Bengaluru,Cycle,Part-time,3.88,Y
8900,DP08901,Priya N,Delhi,Cycle,Full-time,3.98,Y
8901,DP08902,Deepak J,Chennai,Scooter,Full-time,4.7,Y
8902,DP08903,Suresh Z,Chennai,Scooter,Part-time,4.17,Y
8903,DP08904,Nikhil Y,Pune,Scooter,Contract,3.66,Y
8904,DP08905,Deepak V,Mumbai,Cycle,Full-time,4.01,Y
8905,DP08906,Nikhil B,Mumbai,Car,Contract,4.08,Y
8906,DP08907,Neha H,Mumbai,Bike,Full-time,3.92,Y
8907,DP08908,Divya S,Bengaluru,Cycle,Part-time,4.32,N
8908,DP08909,Meena T,Ahmedabad,Bike,Part-time,4.6,N
8909,DP08910,Vikas S,Ahmedabad,Car,Full-time,4.38,Y
8910,DP08911,Sneha M,Hyderabad,Bike,Part-time,3.39,Y
8911,DP08912,Deepak P,Delhi,Cycle,Full-time,4.21,Y
8912,DP08913,Deepak X,Bengaluru,Cycle,Full-time,4.54,Y
8913,DP08914,Ravi C,Bengaluru,Bike,Contract,3.97,Y
8914,DP08915,Neha J,Ahmedabad,Bike,Full-time,3.92,Y
8915,DP08916,Divya T,Bengaluru,Bike,Part-time,4.12,Y
8916,DP08917,Deepak L,Delhi,Cycle,Part-time,4.58,Y
8917,DP08918,Sneha F,Delhi,Scooter,Part-time,4.55,Y
8918,DP08919,Ananya R,Bengaluru,Bike,Full-time,4.08,Y
8919,DP08920,Santosh U,Delhi,Scooter,Full-time,3.58,Y
8920,DP08921,Manoj W,Kolkata,Cycle,Part-time,3.83,Y
8921,DP08922,Ravi I,Ahmedabad,Scooter,Contract,4.03,Y
8922,DP08923,Rahul F,Mumbai,Bike,Contract,4.46,Y
8923,DP08924,Manoj K,Hyderabad,Cycle,Full-time,3.91,Y
8924,DP08925,Shreya K,Chennai,Scooter,Full-time,3.75,N
8925,DP08926,Amit W,Pune,Bike,Contract,4.48,Y
8926,DP08927,Shreya N,Bengaluru,Scooter,Full-time,3.88,N
8927,DP08928,Vikas A,Hyderabad,Scooter,Full-time,4.12,Y
8928,DP08929,Priya K,Mumbai,Bike,Full-time,3.93,Y
8929,DP08930,Divya C,Ahmedabad,Scooter,Part-time,4.35,Y
8930,DP08931,Pooja W,Mumbai,Scooter,Full-time,4.32,Y
8931,DP08932,Kiran T,Kolkata,Scooter,Full-time,4.17,Y
8932,DP08933,Suresh E,Mumbai,Bike,Full-time,4.48,Y
8933,DP08934,Meena D,Bengaluru,Scooter,Full-time,3.95,Y
8934,DP08935,Deepak M,Kolkata,Bike,Contract,4.9,Y
8935,DP08936,Vikas L,Kolkata,Cycle,Full-time,4.61,Y
8936,DP08937,Amit B,Mumbai,Cycle,Full-time,3.89,N
8937,DP08938,Deepak U,Delhi,Scooter,Part-time,4.03,Y
8938,DP08939,Divya S,Hyderabad,Scooter,Contract,4.27,Y
8939,DP08940,Manoj G,Bengaluru,Scooter,Part-time,4.14,Y
8940,DP08941,Divya K,Bengaluru,Scooter,Contract,3.75,Y
8941,DP08942,Priya H,Bengaluru,Bike,Part-time,3.65,Y
8942,DP08943,Nikhil J,Bengaluru,Cycle,Full-time,4.36,Y
8943,DP08944,Manoj E,Kolkata,Scooter,Full-time,3.92,Y
8944,DP08945,Rahul C,Pune,Scooter,Full-time,4.09,Y
8945,DP08946,Meena E,Pune,Scooter,Part-time,4.32,Y
8946,DP08947,Divya S,Ahmedabad,Bike,Part-time,4.19,Y
8947,DP08948,Priya H,Chennai,Scooter,Full-time,4.14,Y
8948,DP08949,Ananya A,Ahmedabad,Scooter,Part-time,3.72,Y
8949,DP08950,Rakesh Y,Chennai,Scooter,Full-time,3.98,Y
8950,DP08951,Rahul I,Delhi,Car,Part-time,4.89,Y
8951,DP08952,Rahul K,Bengaluru,Scooter,Part-time,3.94,Y
8952,DP08953,Ravi Z,Delhi,Scooter,Part-time,4.34,Y
8953,DP08954,Pooja M,Chennai,Cycle,Part-time,4.28,Y
8954,DP08955,Santosh Y,Chennai,Cycle,Contract,4.14,Y
8955,DP08956,Manoj B,Pune,Bike,Full-time,4.37,Y
8956,DP08957,Santosh P,Ahmedabad,Bike,Full-time,4.59,Y
8957,DP08958,Deepak G,Bengaluru,Bike,Full-time,3.92,Y
8958,DP08959,Rakesh R,Ahmedabad,Bike,Part-time,4.24,N
8959,DP08960,Deepak X,Chennai,Scooter,Full-time,4.08,Y
8960,DP08961,Ravi O,Bengaluru,Cycle,Full-time,3.87,Y
8961,DP08962,Suresh A,Bengaluru,Bike,Full-time,4.26,Y
8962,DP08963,Amit F,Bengaluru,Bike,Full-time,4.39,Y
8963,DP08964,Shreya D,Mumbai,Bike,Contract,3.86,Y
8964,DP08965,Suresh G,Hyderabad,Cycle,Part-time,5.0,Y
8965,DP08966,Kiran D,Hyderabad,Bike,Contract,3.86,Y
8966,DP08967,Ananya E,Mumbai,Scooter,Contract,4.33,N
8967,DP08968,Vikas Y,Hyderabad,Scooter,Part-time,4.23,Y
8968,DP08969,Rakesh Z,Mumbai,Bike,Full-time,3.94,Y
8969,DP08970,Manoj K,Ahmedabad,Bike,Full-time,3.92,N
8970,DP08971,Neha A,Bengaluru,Cycle,Contract,4.18,Y
8971,DP08972,Priya Q,Mumbai,Scooter,Part-time,3.88,Y
8972,DP08973,Santosh Q,Pune,Scooter,Full-time,4.18,Y
8973,DP08974,Rahul N,Ahmedabad,Bike,Full-time,4.14,N
8974,DP08975,Vikas M,Mumbai,Bike,Contract,4.37,Y
8975,DP08976,Nikhil W,Mumbai,Bike,Full-time,4.5,Y
8976,DP08977,Arjun I,Pune,Bike,Contract,4.16,Y
8977,DP08978,Manoj L,Kolkata,Scooter,Full-time,3.98,Y
8978,DP08979,Sneha S,Kolkata,Bike,Full-time,4.48,Y
8979,DP08980,Rakesh P,Delhi,Scooter,Full-time,4.15,Y
8980,DP08981,Sneha I,Hyderabad,Bike,Part-time,4.18,N
8981,DP08982,Manoj S,Bengaluru,Bike,Contract,3.71,Y
8982,DP08983,Ravi R,Hyderabad,Bike,Full-time,4.55,Y
8983,DP08984,Amit W,Delhi,Cycle,Full-time,4.39,Y
8984,DP08985,Meena P,Delhi,Scooter,Full-time,4.23,Y
8985,DP08986,Manoj E,Bengaluru,Bike,Part-time,3.73,Y
8986,DP08987,Vikas G,Kolkata,Bike,Contract,4.76,Y
8987,DP08988,Ravi T,Pune,Bike,Full-time,4.27,Y
8988,DP08989,Shreya C,Chennai,Scooter,Contract,4.23,Y
8989,DP08990,Ravi U,Delhi,Scooter,Full-time,3.96,Y
8990,DP08991,Sneha H,Delhi,Scooter,Full-time,4.11,Y
8991,DP08992,Nikhil R,Bengaluru,Bike,Full-time,4.12,Y
8992,DP08993,Shreya P,Mumbai,Bike,Part-time,3.93,Y
8993,DP08994,Meena U,Delhi,Scooter,Full-time,4.31,Y
8994,DP08995,Nikhil K,Kolkata,Bike,Full-time,3.94,Y
8995,DP08996,Ravi F,Delhi,Bike,Full-time,4.78,N
8996,DP08997,Amit M,Mumbai,Scooter,Part-time,4.46,Y
8997,DP08998,Nikhil D,Chennai,Bike,Full-time,4.05,Y
8998,DP08999,Vikas K,Hyderabad,Bike,Full-time,4.06,Y
8999,DP09000,Meena I,Bengaluru,Scooter,Part-time,4.05,Y
9000,DP09001,Pooja D,Mumbai,Cycle,Full-time,3.55,Y
9001,DP09002,Shreya S,Delhi,Bike,Full-time,4.39,Y
9002,DP09003,Santosh D,Kolkata,Scooter,Full-time,3.89,Y
9003,DP09004,Amit W,Delhi,Bike,Contract,3.75,Y
9004,DP09005,Ravi P,Hyderabad,Bike,Part-time,4.25,Y
9005,DP09006,Priya G,Mumbai,Bike,Part-time,3.76,Y
9006,DP09007,Santosh Y,Mumbai,Bike,Contract,4.28,Y
9007,DP09008,Ananya Q,Pune,Bike,Part-time,4.06,Y
9008,DP09009,Arjun U,Ahmedabad,Scooter,Part-time,4.15,Y
9009,DP09010,Shreya A,Chennai,Bike,Full-time,4.5,Y
9010,DP09011,Rakesh U,Chennai,Bike,Part-time,4.19,Y
9011,DP09012,Suresh A,Delhi,Bike,Full-time,4.45,Y
9012,DP09013,Suresh W,Delhi,Scooter,Full-time,4.0,Y
9013,DP09014,Ravi X,Bengaluru,Scooter,Full-time,3.57,Y
9014,DP09015,Sneha S,Bengaluru,Bike,Part-time,3.76,Y
9015,DP09016,Manoj Z,Bengaluru,Bike,Part-time,4.15,N
9016,DP09017,Priya K,Kolkata,Bike,Contract,3.88,Y
9017,DP09018,Suresh Q,Mumbai,Scooter,Full-time,4.48,Y
9018,DP09019,Divya V,Hyderabad,Cycle,Part-time,4.12,Y
9019,DP09020,Deepak W,Hyderabad,Scooter,Part-time,4.41,Y
9020,DP09021,Arjun O,Hyderabad,Bike,Contract,4.03,Y
9021,DP09022,Manoj D,Ahmedabad,Cycle,Full-time,4.49,N
9022,DP09023,Pooja D,Bengaluru,Scooter,Part-time,4.07,Y
9023,DP09024,Sneha C,Bengaluru,Scooter,Contract,4.48,Y
9024,DP09025,Rakesh O,Chennai,Bike,Full-time,4.35,Y
9025,DP09026,Santosh K,Mumbai,Bike,Part-time,4.17,Y
9026,DP09027,Vikas I,Bengaluru,Scooter,Full-time,3.56,Y
9027,DP09028,Rahul W,Hyderabad,Cycle,Full-time,4.21,Y
9028,DP09029,Nikhil C,Bengaluru,Bike,Part-time,4.55,Y
9029,DP09030,Sneha B,Kolkata,Bike,Contract,3.82,N
9030,DP09031,Priya Z,Bengaluru,Bike,Full-time,3.67,Y
9031,DP09032,Neha L,Pune,Scooter,Full-time,4.27,Y
9032,DP09033,Amit X,Bengaluru,Bike,Contract,4.18,Y
9033,DP09034,Meena Z,Bengaluru,Scooter,Part-time,4.52,Y
9034,DP09035,Shreya E,Delhi,Scooter,Full-time,4.84,Y
9035,DP09036,Vikas U,Mumbai,Scooter,Part-time,4.29,Y
9036,DP09037,Kiran Y,Ahmedabad,Bike,Full-time,4.45,Y
9037,DP09038,Ravi E,Delhi,Bike,Full-time,3.96,Y
9038,DP09039,Rakesh Q,Ahmedabad,Bike,Full-time,3.52,Y
9039,DP09040,Shreya I,Bengaluru,Bike,Full-time,4.33,Y
9040,DP09041,Suresh E,Mumbai,Scooter,Full-time,4.41,Y
9041,DP09042,Priya I,Chennai,Car,Part-time,3.46,Y
9042,DP09043,Meena Y,Delhi,Bike,Part-time,4.38,Y
9043,DP09044,Sneha F,Hyderabad,Bike,Full-time,4.2,Y
9044,DP09045,Suresh V,Bengaluru,Scooter,Contract,4.18,Y
9045,DP09046,Priya R,Delhi,Scooter,Full-time,3.76,Y
9046,DP09047,Meena U,Mumbai,Bike,Part-time,3.88,Y
9047,DP09048,Pooja R,Kolkata,Bike,Full-time,4.03,Y
9048,DP09049,Sneha W,Pune,Bike,Part-time,4.56,Y
9049,DP09050,Kiran V,Bengaluru,Bike,Part-time,4.54,N
9050,DP09051,Kiran M,Mumbai,Car,Part-time,4.47,Y
9051,DP09052,Kiran F,Bengaluru,Bike,Full-time,4.38,Y
9052,DP09053,Amit E,Chennai,Cycle,Part-time,4.29,Y
9053,DP09054,Shreya Q,Mumbai,Bike,Part-time,3.89,Y
9054,DP09055,Shreya Q,Bengaluru,Scooter,Full-time,5.0,N
9055,DP09056,Kiran J,Bengaluru,Bike,Part-time,3.99,Y
9056,DP09057,Vikas M,Bengaluru,Bike,Full-time,4.1,Y
9057,DP09058,Suresh F,Mumbai,Bike,Full-time,4.16,Y
9058,DP09059,Manoj R,Hyderabad,Scooter,Contract,3.8,Y
9059,DP09060,Sneha P,Ahmedabad,Scooter,Contract,4.01,Y
9060,DP09061,Sneha V,Bengaluru,Bike,Part-time,4.42,Y
9061,DP09062,Rahul V,Mumbai,Scooter,Part-time,4.0,Y
9062,DP09063,Priya H,Delhi,Scooter,Part-time,4.04,Y
9063,DP09064,Rakesh W,Kolkata,Bike,Full-time,4.16,Y
9064,DP09065,Santosh S,Chennai,Cycle,Part-time,4.0,Y
9065,DP09066,Ananya C,Pune,Scooter,Full-time,4.03,Y
9066,DP09067,Pooja I,Pune,Bike,Full-time,4.27,Y
9067,DP09068,Arjun M,Ahmedabad,Scooter,Full-time,4.11,Y
9068,DP09069,Vikas W,Chennai,Scooter,Full-time,3.88,Y
9069,DP09070,Arjun O,Hyderabad,Scooter,Part-time,4.35,Y
9070,DP09071,Priya B,Chennai,Scooter,Full-time,4.36,Y
9071,DP09072,Meena C,Kolkata,Car,Part-time,3.57,Y
9072,DP09073,Rahul J,Bengaluru,Scooter,Full-time,4.14,Y
9073,DP09074,Pooja P,Kolkata,Scooter,Part-time,3.83,N
9074,DP09075,Vikas H,Chennai,Scooter,Full-time,4.46,Y
9075,DP09076,Pooja F,Ahmedabad,Bike,Full-time,4.59,Y
9076,DP09077,Nikhil Z,Bengaluru,Bike,Part-time,3.9,N
9077,DP09078,Sneha J,Mumbai,Bike,Full-time,4.29,Y
9078,DP09079,Ravi N,Chennai,Bike,Contract,4.28,Y
9079,DP09080,Vikas L,Delhi,Bike,Part-time,4.2,Y
9080,DP09081,Neha M,Bengaluru,Scooter,Full-time,4.25,Y
9081,DP09082,Amit U,Mumbai,Scooter,Contract,3.77,Y
9082,DP09083,Nikhil F,Bengaluru,Scooter,Contract,4.23,Y
9083,DP09084,Santosh S,Ahmedabad,Bike,Full-time,3.96,Y
9084,DP09085,Deepak V,Bengaluru,Bike,Full-time,4.45,Y
9085,DP09086,Meena B,Chennai,Cycle,Part-time,3.32,Y
9086,DP09087,Vikas M,Mumbai,Bike,Full-time,4.02,Y
9087,DP09088,Rahul I,Hyderabad,Bike,Contract,4.44,Y
9088,DP09089,Kiran M,Bengaluru,Bike,Part-time,4.01,Y
9089,DP09090,Nikhil M,Bengaluru,Cycle,Part-time,4.18,Y
9090,DP09091,Deepak K,Bengaluru,Bike,Part-time,4.88,Y
9091,DP09092,Ananya F,Bengaluru,Bike,Full-time,4.04,Y
9092,DP09093,Ananya X,Mumbai,Cycle,Full-time,4.84,Y
9093,DP09094,Vikas P,Ahmedabad,Bike,Part-time,4.05,Y
9094,DP09095,Shreya Z,Bengaluru,Scooter,Part-time,4.32,Y
9095,DP09096,Meena T,Delhi,Scooter,Full-time,4.13,Y
9096,DP09097,Ananya E,Chennai,Bike,Contract,3.53,Y
9097,DP09098,Sneha E,Delhi,Cycle,Contract,4.22,Y
9098,DP09099,Ananya Z,Kolkata,Scooter,Full-time,4.19,Y
9099,DP09100,Rahul H,Pune,Bike,Contract,3.91,Y
9100,DP09101,Priya C,Delhi,Bike,Part-time,4.0,Y
9101,DP09102,Arjun F,Mumbai,Scooter,Contract,4.2,Y
9102,DP09103,Pooja R,Bengaluru,Bike,Full-time,4.38,N
9103,DP09104,Priya N,Ahmedabad,Cycle,Contract,4.24,Y
9104,DP09105,Divya E,Bengaluru,Scooter,Contract,3.87,Y
9105,DP09106,Ravi N,Chennai,Car,Part-time,4.08,Y
9106,DP09107,Divya D,Delhi,Cycle,Part-time,4.12,Y
9107,DP09108,Amit X,Pune,Car,Full-time,4.23,Y
9108,DP09109,Deepak H,Mumbai,Bike,Full-time,4.17,Y
9109,DP09110,Nikhil I,Chennai,Scooter,Part-time,3.88,Y
9110,DP09111,Priya Z,Delhi,Scooter,Part-time,4.37,Y
9111,DP09112,Rahul A,Ahmedabad,Bike,Full-time,4.08,Y
9112,DP09113,Amit P,Ahmedabad,Cycle,Full-time,4.18,Y
9113,DP09114,Santosh W,Bengaluru,Bike,Full-time,4.39,Y
9114,DP09115,Vikas Z,Pune,Bike,Contract,4.72,Y
9115,DP09116,Kiran Q,Chennai,Cycle,Part-time,4.5,Y
9116,DP09117,Neha S,Ahmedabad,Scooter,Full-time,4.41,Y
9117,DP09118,Suresh B,Hyderabad,Scooter,Part-time,3.65,N
9118,DP09119,Rakesh Q,Hyderabad,Bike,Full-time,4.16,Y
9119,DP09120,Suresh N,Bengaluru,Scooter,Full-time,4.2,N
9120,DP09121,Shreya H,Bengaluru,Scooter,Part-time,4.13,Y
9121,DP09122,Neha C,Ahmedabad,Bike,Full-time,4.57,Y
9122,DP09123,Manoj G,Delhi,Bike,Full-time,4.05,Y
9123,DP09124,Divya P,Mumbai,Scooter,Part-time,4.03,Y
9124,DP09125,Arjun N,Ahmedabad,Bike,Part-time,3.74,Y
9125,DP09126,Nikhil U,Bengaluru,Cycle,Full-time,3.6,Y
9126,DP09127,Meena Q,Hyderabad,Scooter,Full-time,4.73,Y
9127,DP09128,Ravi L,Bengaluru,Scooter,Part-time,4.36,Y
9128,DP09129,Santosh V,Kolkata,Car,Full-time,4.46,Y
9129,DP09130,Santosh T,Delhi,Scooter,Part-time,4.4,Y
9130,DP09131,Rakesh O,Bengaluru,Scooter,Contract,4.73,Y
9131,DP09132,Santosh E,Delhi,Scooter,Full-time,3.95,Y
9132,DP09133,Neha X,Mumbai,Bike,Full-time,4.5,Y
9133,DP09134,Amit M,Ahmedabad,Bike,Full-time,4.54,Y
9134,DP09135,Amit H,Kolkata,Bike,Contract,3.81,N
9135,DP09136,Pooja P,Delhi,Scooter,Full-time,3.91,Y
9136,DP09137,Rakesh M,Bengaluru,Cycle,Part-time,3.88,Y
9137,DP09138,Ravi X,Bengaluru,Bike,Contract,4.51,Y
9138,DP09139,Manoj S,Bengaluru,Bike,Full-time,4.01,Y
9139,DP09140,Amit P,Kolkata,Bike,Contract,4.29,Y
9140,DP09141,Manoj D,Kolkata,Scooter,Contract,4.68,N
9141,DP09142,Divya A,Pune,Scooter,Full-time,4.81,Y
9142,DP09143,Santosh C,Delhi,Scooter,Contract,3.89,Y
9143,DP09144,Ananya T,Chennai,Scooter,Full-time,4.01,Y
9144,DP09145,Ananya Z,Mumbai,Cycle,Part-time,4.05,Y
9145,DP09146,Priya A,Chennai,Cycle,Full-time,4.43,Y
9146,DP09147,Divya V,Bengaluru,Bike,Part-time,4.09,Y
9147,DP09148,Ananya Z,Ahmedabad,Bike,Full-time,4.07,Y
9148,DP09149,Sneha E,Bengaluru,Bike,Part-time,4.21,Y
9149,DP09150,Pooja X,Mumbai,Scooter,Full-time,3.84,Y
9150,DP09151,Shreya E,Hyderabad,Scooter,Full-time,4.48,Y
9151,DP09152,Shreya L,Ahmedabad,Bike,Full-time,4.15,N
9152,DP09153,Ananya X,Kolkata,Cycle,Part-time,4.42,Y
9153,DP09154,Arjun E,Bengaluru,Bike,Full-time,3.88,Y
9154,DP09155,Meena R,Pune,Scooter,Part-time,4.12,Y
9155,DP09156,Neha O,Pune,Bike,Contract,4.51,Y
9156,DP09157,Meena L,Ahmedabad,Scooter,Full-time,4.95,Y
9157,DP09158,Neha P,Hyderabad,Bike,Contract,4.3,Y
9158,DP09159,Ananya C,Hyderabad,Bike,Full-time,3.88,Y
9159,DP09160,Kiran T,Kolkata,Scooter,Part-time,4.49,Y
9160,DP09161,Nikhil K,Chennai,Bike,Full-time,4.72,N
9161,DP09162,Suresh D,Delhi,Scooter,Full-time,3.26,Y
9162,DP09163,Ravi S,Bengaluru,Bike,Part-time,4.09,Y
9163,DP09164,Arjun Z,Bengaluru,Cycle,Full-time,3.9,Y
9164,DP09165,Shreya M,Mumbai,Scooter,Full-time,4.04,Y
9165,DP09166,Amit O,Bengaluru,Scooter,Full-time,3.65,Y
9166,DP09167,Sneha Q,Bengaluru,Scooter,Full-time,4.49,Y
9167,DP09168,Vikas F,Ahmedabad,Scooter,Full-time,4.28,Y
9168,DP09169,Priya E,Hyderabad,Scooter,Contract,4.19,Y
9169,DP09170,Priya R,Mumbai,Bike,Contract,4.52,Y
9170,DP09171,Pooja C,Bengaluru,Bike,Part-time,4.16,N
9171,DP09172,Neha P,Chennai,Cycle,Contract,4.3,N
9172,DP09173,Arjun M,Bengaluru,Bike,Full-time,3.97,Y
9173,DP09174,Ravi U,Delhi,Cycle,Contract,4.44,Y
9174,DP09175,Vikas E,Mumbai,Scooter,Contract,4.29,Y
9175,DP09176,Santosh I,Delhi,Bike,Full-time,3.85,N
9176,DP09177,Vikas J,Hyderabad,Bike,Contract,3.9,Y
9177,DP09178,Arjun C,Pune,Scooter,Part-time,4.15,N
9178,DP09179,Suresh E,Kolkata,Bike,Full-time,4.52,Y
9179,DP09180,Meena B,Delhi,Bike,Full-time,3.86,N
9180,DP09181,Ravi G,Bengaluru,Scooter,Full-time,3.81,Y
9181,DP09182,Vikas B,Mumbai,Scooter,Part-time,3.95,Y
9182,DP09183,Priya D,Mumbai,Bike,Full-time,3.88,Y
9183,DP09184,Nikhil U,Mumbai,Bike,Full-time,4.14,N
9184,DP09185,Suresh C,Delhi,Bike,Part-time,3.72,N
9185,DP09186,Arjun Z,Kolkata,Scooter,Contract,4.57,Y
9186,DP09187,Manoj B,Pune,Bike,Full-time,4.31,Y
9187,DP09188,Arjun N,Delhi,Bike,Full-time,4.58,Y
9188,DP09189,Nikhil Y,Hyderabad,Bike,Full-time,4.49,Y
9189,DP09190,Nikhil O,Mumbai,Scooter,Full-time,4.21,N
9190,DP09191,Sneha J,Kolkata,Bike,Part-time,4.11,Y
9191,DP09192,Suresh S,Delhi,Scooter,Full-time,4.82,Y
9192,DP09193,Deepak V,Kolkata,Scooter,Contract,3.57,Y
9193,DP09194,Ravi E,Pune,Bike,Full-time,4.35,Y
9194,DP09195,Rakesh K,Delhi,Bike,Part-time,3.84,N
9195,DP09196,Rakesh P,Kolkata,Cycle,Part-time,4.18,Y
9196,DP09197,Rahul K,Ahmedabad,Cycle,Full-time,4.19,Y
9197,DP09198,Ananya F,Mumbai,Bike,Part-time,3.98,Y
9198,DP09199,Suresh O,Ahmedabad,Bike,Full-time,4.38,Y
9199,DP09200,Arjun R,Chennai,Cycle,Part-time,3.69,Y
9200,DP09201,Meena V,Delhi,Scooter,Full-time,4.43,Y
9201,DP09202,Vikas H,Ahmedabad,Bike,Part-time,3.91,Y
9202,DP09203,Santosh C,Hyderabad,Bike,Part-time,4.31,Y
9203,DP09204,Neha Q,Bengaluru,Car,Full-time,3.94,Y
9204,DP09205,Manoj O,Kolkata,Bike,Contract,4.23,Y
9205,DP09206,Deepak I,Mumbai,Bike,Contract,4.21,Y
9206,DP09207,Ananya S,Chennai,Scooter,Full-time,3.58,Y
9207,DP09208,Pooja B,Hyderabad,Bike,Full-time,4.73,N
9208,DP09209,Divya G,Bengaluru,Scooter,Full-time,3.76,Y
9209,DP09210,Vikas A,Chennai,Cycle,Contract,4.2,Y
9210,DP09211,Manoj M,Bengaluru,Cycle,Full-time,4.13,N
9211,DP09212,Manoj Z,Bengaluru,Scooter,Part-time,4.47,Y
9212,DP09213,Vikas R,Mumbai,Bike,Contract,3.93,Y
9213,DP09214,Deepak A,Kolkata,Scooter,Contract,4.77,Y
9214,DP09215,Neha C,Chennai,Scooter,Full-time,3.76,Y
9215,DP09216,Neha F,Kolkata,Bike,Part-time,4.17,Y
9216,DP09217,Amit L,Chennai,Bike,Full-time,4.93,N
9217,DP09218,Deepak L,Kolkata,Scooter,Part-time,4.5,N
9218,DP09219,Arjun S,Chennai,Bike,Part-time,4.38,Y
9219,DP09220,Kiran O,Ahmedabad,Bike,Full-time,4.48,N
9220,DP09221,Ravi T,Pune,Scooter,Part-time,4.33,Y
9221,DP09222,Arjun J,Delhi,Bike,Full-time,4.19,Y
9222,DP09223,Meena B,Kolkata,Scooter,Part-time,4.23,Y
9223,DP09224,Vikas E,Pune,Car,Contract,4.39,Y
9224,DP09225,Sneha E,Delhi,Scooter,Full-time,4.21,Y
9225,DP09226,Shreya F,Delhi,Bike,Contract,3.61,Y
9226,DP09227,Meena G,Mumbai,Bike,Full-time,4.3,Y
9227,DP09228,Kiran Z,Bengaluru,Bike,Part-time,3.67,Y
9228,DP09229,Divya D,Mumbai,Bike,Full-time,4.13,Y
9229,DP09230,Pooja D,Kolkata,Scooter,Contract,4.1,N
9230,DP09231,Arjun A,Mumbai,Bike,Full-time,3.72,Y
9231,DP09232,Nikhil U,Bengaluru,Scooter,Full-time,4.37,Y
9232,DP09233,Shreya P,Bengaluru,Scooter,Full-time,3.73,Y
9233,DP09234,Ananya I,Delhi,Cycle,Part-time,4.03,Y
9234,DP09235,Ravi Z,Kolkata,Scooter,Full-time,4.08,Y
9235,DP09236,Meena I,Bengaluru,Cycle,Part-time,4.48,N
9236,DP09237,Sneha I,Ahmedabad,Cycle,Full-time,3.89,Y
9237,DP09238,Pooja H,Mumbai,Scooter,Part-time,4.05,Y
9238,DP09239,Ananya L,Hyderabad,Bike,Full-time,4.12,Y
9239,DP09240,Priya J,Chennai,Scooter,Full-time,5.0,Y
9240,DP09241,Suresh T,Pune,Cycle,Contract,4.34,Y
9241,DP09242,Neha D,Ahmedabad,Scooter,Full-time,4.12,Y
9242,DP09243,Pooja M,Kolkata,Scooter,Contract,3.92,Y
9243,DP09244,Rahul O,Hyderabad,Cycle,Part-time,4.1,Y
9244,DP09245,Vikas N,Mumbai,Bike,Full-time,4.02,Y
9245,DP09246,Meena B,Mumbai,Bike,Part-time,3.81,Y
9246,DP09247,Sneha H,Bengaluru,Bike,Full-time,4.05,Y
9247,DP09248,Amit D,Bengaluru,Cycle,Full-time,3.67,Y
9248,DP09249,Santosh V,Hyderabad,Bike,Full-time,4.25,Y
9249,DP09250,Pooja K,Kolkata,Scooter,Part-time,3.68,Y
9250,DP09251,Rahul P,Delhi,Cycle,Full-time,4.4,N
9251,DP09252,Suresh H,Delhi,Bike,Full-time,4.23,Y
9252,DP09253,Manoj W,Delhi,Car,Full-time,3.79,Y
9253,DP09254,Deepak Z,Bengaluru,Cycle,Part-time,4.15,Y
9254,DP09255,Deepak B,Hyderabad,Scooter,Contract,4.03,Y
9255,DP09256,Rahul K,Chennai,Bike,Part-time,4.1,Y
9256,DP09257,Ananya P,Mumbai,Scooter,Full-time,3.81,Y
9257,DP09258,Ravi H,Hyderabad,Cycle,Contract,4.06,Y
9258,DP09259,Rahul M,Bengaluru,Bike,Part-time,3.91,Y
9259,DP09260,Arjun H,Bengaluru,Scooter,Full-time,4.2,Y
9260,DP09261,Deepak A,Kolkata,Bike,Contract,3.85,Y
9261,DP09262,Shreya A,Bengaluru,Bike,Full-time,4.76,Y
9262,DP09263,Pooja P,Ahmedabad,Bike,Part-time,4.36,Y
9263,DP09264,Rakesh A,Ahmedabad,Bike,Full-time,4.33,Y
9264,DP09265,Divya E,Mumbai,Cycle,Part-time,4.25,Y
9265,DP09266,Pooja S,Hyderabad,Scooter,Part-time,4.32,Y
9266,DP09267,Rakesh N,Bengaluru,Cycle,Part-time,4.0,Y
9267,DP09268,Pooja V,Chennai,Bike,Contract,4.06,Y
9268,DP09269,Priya W,Mumbai,Scooter,Part-time,4.3,Y
9269,DP09270,Manoj U,Hyderabad,Scooter,Full-time,4.13,Y
9270,DP09271,Ravi W,Delhi,Bike,Full-time,4.16,Y
9271,DP09272,Manoj Y,Ahmedabad,Scooter,Full-time,4.02,Y
9272,DP09273,Kiran P,Chennai,Scooter,Full-time,3.78,N
9273,DP09274,Deepak Y,Bengaluru,Scooter,Full-time,4.28,Y
9274,DP09275,Santosh L,Bengaluru,Bike,Contract,4.47,Y
9275,DP09276,Rakesh F,Pune,Cycle,Part-time,4.38,Y
9276,DP09277,Nikhil D,Pune,Cycle,Full-time,4.5,Y
9277,DP09278,Nikhil R,Delhi,Scooter,Contract,3.78,N
9278,DP09279,Amit T,Bengaluru,Bike,Part-time,4.1,Y
9279,DP09280,Neha R,Delhi,Scooter,Full-time,4.14,Y
9280,DP09281,Pooja J,Hyderabad,Scooter,Full-time,4.5,Y
9281,DP09282,Vikas U,Bengaluru,Scooter,Part-time,4.36,Y
9282,DP09283,Manoj U,Bengaluru,Bike,Contract,4.89,Y
9283,DP09284,Pooja S,Ahmedabad,Bike,Full-time,4.42,N
9284,DP09285,Kiran V,Pune,Car,Contract,4.74,Y
9285,DP09286,Manoj D,Chennai,Scooter,Contract,3.95,N
9286,DP09287,Sneha Z,Chennai,Scooter,Full-time,4.32,Y
9287,DP09288,Santosh U,Delhi,Bike,Full-time,4.52,Y
9288,DP09289,Priya L,Hyderabad,Bike,Part-time,4.94,Y
9289,DP09290,Nikhil Z,Delhi,Cycle,Full-time,4.01,Y
9290,DP09291,Nikhil C,Mumbai,Scooter,Full-time,4.21,Y
9291,DP09292,Kiran U,Bengaluru,Cycle,Contract,4.16,N
9292,DP09293,Suresh X,Hyderabad,Bike,Contract,4.69,Y
9293,DP09294,Rahul Z,Bengaluru,Scooter,Contract,3.93,Y
9294,DP09295,Sneha L,Pune,Cycle,Full-time,3.84,Y
9295,DP09296,Ravi V,Bengaluru,Bike,Full-time,4.35,Y
9296,DP09297,Amit R,Hyderabad,Cycle,Full-time,4.02,Y
9297,DP09298,Ananya D,Chennai,Bike,Full-time,4.83,Y
9298,DP09299,Nikhil D,Pune,Bike,Full-time,3.95,Y
9299,DP09300,Nikhil W,Mumbai,Bike,Part-time,4.53,Y
9300,DP09301,Sneha H,Bengaluru,Bike,Part-time,4.12,Y
9301,DP09302,Deepak I,Chennai,Scooter,Part-time,4.83,Y
9302,DP09303,Kiran P,Bengaluru,Bike,Full-time,4.12,Y
9303,DP09304,Ravi L,Ahmedabad,Scooter,Full-time,4.13,Y
9304,DP09305,Kiran B,Ahmedabad,Cycle,Part-time,4.16,Y
9305,DP09306,Nikhil K,Delhi,Bike,Contract,4.3,Y
9306,DP09307,Kiran M,Bengaluru,Bike,Contract,4.73,Y
9307,DP09308,Vikas B,Bengaluru,Scooter,Full-time,4.04,Y
9308,DP09309,Meena W,Kolkata,Scooter,Contract,3.8,N
9309,DP09310,Shreya H,Delhi,Bike,Full-time,3.8,Y
9310,DP09311,Ravi B,Pune,Bike,Full-time,3.53,N
9311,DP09312,Suresh S,Hyderabad,Scooter,Contract,4.62,Y
9312,DP09313,Divya K,Mumbai,Cycle,Part-time,4.26,Y
9313,DP09314,Divya J,Mumbai,Bike,Full-time,4.71,Y
9314,DP09315,Shreya M,Chennai,Car,Part-time,4.74,Y
9315,DP09316,Kiran O,Delhi,Bike,Full-time,3.77,Y
9316,DP09317,Ravi E,Pune,Scooter,Full-time,4.02,Y
9317,DP09318,Priya Y,Kolkata,Bike,Part-time,4.07,N
9318,DP09319,Shreya Y,Hyderabad,Bike,Part-time,4.02,Y
9319,DP09320,Meena K,Hyderabad,Scooter,Full-time,3.96,Y
9320,DP09321,Ravi G,Ahmedabad,Car,Part-time,4.03,Y
9321,DP09322,Sneha O,Mumbai,Bike,Full-time,4.49,Y
9322,DP09323,Shreya D,Mumbai,Cycle,Full-time,3.71,Y
9323,DP09324,Rahul C,Bengaluru,Scooter,Full-time,4.24,N
9324,DP09325,Suresh V,Bengaluru,Scooter,Full-time,4.19,Y
9325,DP09326,Sneha W,Delhi,Cycle,Full-time,4.78,Y
9326,DP09327,Priya Q,Kolkata,Scooter,Full-time,4.64,Y
9327,DP09328,Divya F,Chennai,Scooter,Full-time,3.85,Y
9328,DP09329,Santosh C,Mumbai,Cycle,Contract,4.26,Y
9329,DP09330,Arjun Y,Mumbai,Cycle,Full-time,3.81,Y
9330,DP09331,Nikhil R,Delhi,Scooter,Part-time,4.24,Y
9331,DP09332,Rakesh N,Kolkata,Scooter,Full-time,3.92,Y
9332,DP09333,Rahul A,Kolkata,Scooter,Full-time,4.39,Y
9333,DP09334,Santosh D,Kolkata,Scooter,Full-time,4.21,Y
9334,DP09335,Manoj B,Delhi,Car,Part-time,4.62,Y
9335,DP09336,Sneha E,Delhi,Scooter,Full-time,4.0,Y
9336,DP09337,Priya K,Chennai,Cycle,Full-time,3.79,Y
9337,DP09338,Meena L,Chennai,Scooter,Full-time,3.71,Y
9338,DP09339,Rakesh I,Pune,Car,Full-time,4.44,Y
9339,DP09340,Neha Q,Delhi,Bike,Part-time,4.84,Y
9340,DP09341,Rahul P,Ahmedabad,Cycle,Contract,4.57,Y
9341,DP09342,Rahul F,Chennai,Scooter,Part-time,3.81,Y
9342,DP09343,Nikhil I,Bengaluru,Scooter,Part-time,4.28,Y
9343,DP09344,Nikhil B,Mumbai,Car,Full-time,4.45,Y
9344,DP09345,Amit S,Bengaluru,Cycle,Part-time,4.33,Y
9345,DP09346,Suresh F,Hyderabad,Scooter,Full-time,4.75,Y
9346,DP09347,Nikhil A,Chennai,Scooter,Part-time,4.15,N
9347,DP09348,Kiran H,Pune,Bike,Contract,4.16,Y
9348,DP09349,Manoj C,Bengaluru,Scooter,Full-time,4.01,Y
9349,DP09350,Priya B,Mumbai,Scooter,Part-time,4.32,Y
9350,DP09351,Suresh T,Bengaluru,Bike,Full-time,4.64,Y
9351,DP09352,Rahul I,Hyderabad,Bike,Part-time,4.05,Y
9352,DP09353,Manoj G,Bengaluru,Bike,Full-time,4.23,Y
9353,DP09354,Suresh W,Delhi,Cycle,Part-time,4.51,N
9354,DP09355,Arjun X,Bengaluru,Scooter,Full-time,4.66,Y
9355,DP09356,Santosh W,Mumbai,Scooter,Full-time,4.15,Y
9356,DP09357,Meena L,Bengaluru,Cycle,Full-time,4.18,Y
9357,DP09358,Priya V,Delhi,Scooter,Part-time,4.09,Y
9358,DP09359,Nikhil I,Hyderabad,Bike,Part-time,4.31,N
9359,DP09360,Rakesh H,Bengaluru,Scooter,Full-time,4.15,Y
9360,DP09361,Pooja G,Ahmedabad,Bike,Full-time,4.85,Y
9361,DP09362,Divya V,Mumbai,Cycle,Contract,4.28,Y
9362,DP09363,Rakesh L,Delhi,Scooter,Part-time,4.32,Y
9363,DP09364,Neha Z,Pune,Car,Full-time,4.41,Y
9364,DP09365,Divya X,Bengaluru,Scooter,Full-time,4.57,Y
9365,DP09366,Sneha F,Kolkata,Scooter,Full-time,4.18,N
9366,DP09367,Ravi P,Bengaluru,Bike,Full-time,4.46,Y
9367,DP09368,Kiran W,Chennai,Cycle,Part-time,4.58,N
9368,DP09369,Ananya I,Delhi,Bike,Full-time,4.29,Y
9369,DP09370,Rahul O,Mumbai,Bike,Contract,4.44,Y
9370,DP09371,Rahul O,Mumbai,Bike,Contract,3.77,Y
9371,DP09372,Meena O,Kolkata,Bike,Full-time,4.38,Y
9372,DP09373,Manoj I,Bengaluru,Cycle,Contract,3.87,Y
9373,DP09374,Santosh H,Bengaluru,Scooter,Part-time,3.79,Y
9374,DP09375,Ravi G,Bengaluru,Bike,Part-time,4.52,Y
9375,DP09376,Sneha G,Kolkata,Cycle,Full-time,4.44,N
9376,DP09377,Kiran T,Bengaluru,Scooter,Full-time,3.78,Y
9377,DP09378,Suresh X,Bengaluru,Car,Contract,3.95,N
9378,DP09379,Arjun G,Mumbai,Scooter,Full-time,4.38,Y
9379,DP09380,Arjun M,Bengaluru,Scooter,Full-time,4.34,Y
9380,DP09381,Shreya P,Ahmedabad,Scooter,Contract,4.21,Y
9381,DP09382,Vikas X,Hyderabad,Scooter,Full-time,3.66,Y
9382,DP09383,Ravi H,Bengaluru,Scooter,Part-time,4.19,Y
9383,DP09384,Amit Y,Pune,Bike,Part-time,3.55,Y
9384,DP09385,Neha Y,Kolkata,Scooter,Part-time,4.37,Y
9385,DP09386,Rahul Z,Ahmedabad,Bike,Contract,4.85,N
9386,DP09387,Shreya H,Ahmedabad,Bike,Full-time,4.5,Y
9387,DP09388,Pooja W,Kolkata,Scooter,Part-time,3.59,Y
9388,DP09389,Divya T,Bengaluru,Scooter,Contract,4.35,N
9389,DP09390,Vikas E,Delhi,Bike,Part-time,4.25,Y
9390,DP09391,Ananya K,Ahmedabad,Scooter,Full-time,3.8,Y
9391,DP09392,Suresh G,Bengaluru,Bike,Full-time,3.96,Y
9392,DP09393,Divya N,Mumbai,Scooter,Full-time,4.35,Y
9393,DP09394,Meena J,Ahmedabad,Scooter,Full-time,4.03,Y
9394,DP09395,Deepak S,Mumbai,Scooter,Contract,4.31,Y
9395,DP09396,Nikhil C,Mumbai,Cycle,Full-time,3.48,Y
9396,DP09397,Meena Y,Delhi,Bike,Part-time,4.34,Y
9397,DP09398,Suresh T,Pune,Bike,Contract,3.91,Y
9398,DP09399,Rakesh V,Chennai,Bike,Full-time,4.04,Y
9399,DP09400,Rakesh H,Hyderabad,Car,Full-time,4.17,Y
9400,DP09401,Santosh A,Chennai,Bike,Contract,4.23,Y
9401,DP09402,Meena J,Delhi,Scooter,Part-time,4.37,Y
9402,DP09403,Arjun V,Bengaluru,Bike,Part-time,4.26,Y
9403,DP09404,Divya F,Bengaluru,Bike,Part-time,4.16,Y
9404,DP09405,Rahul Z,Chennai,Scooter,Full-time,4.0,Y
9405,DP09406,Ravi P,Delhi,Cycle,Full-time,3.85,Y
9406,DP09407,Deepak L,Chennai,Scooter,Full-time,4.48,Y
9407,DP09408,Pooja B,Mumbai,Car,Part-time,4.57,Y
9408,DP09409,Manoj V,Bengaluru,Scooter,Full-time,4.03,Y
9409,DP09410,Santosh O,Bengaluru,Scooter,Part-time,3.71,Y
9410,DP09411,Pooja P,Kolkata,Bike,Contract,4.7,N
9411,DP09412,Rakesh F,Pune,Bike,Full-time,3.91,Y
9412,DP09413,Kiran D,Hyderabad,Scooter,Full-time,4.16,N
9413,DP09414,Ravi F,Pune,Scooter,Full-time,4.17,Y
9414,DP09415,Meena K,Mumbai,Cycle,Full-time,4.35,Y
9415,DP09416,Nikhil Y,Bengaluru,Cycle,Contract,4.22,Y
9416,DP09417,Meena E,Mumbai,Cycle,Part-time,4.17,N
9417,DP09418,Ravi E,Mumbai,Scooter,Full-time,4.09,Y
9418,DP09419,Ravi G,Kolkata,Scooter,Contract,4.28,Y
9419,DP09420,Pooja H,Mumbai,Scooter,Full-time,4.23,Y
9420,DP09421,Ravi M,Hyderabad,Bike,Part-time,3.89,Y
9421,DP09422,Priya L,Mumbai,Bike,Part-time,4.3,Y
9422,DP09423,Pooja L,Bengaluru,Cycle,Part-time,3.75,Y
9423,DP09424,Rakesh G,Hyderabad,Scooter,Full-time,3.79,Y
9424,DP09425,Kiran C,Delhi,Cycle,Contract,3.92,Y
9425,DP09426,Rahul G,Pune,Bike,Contract,4.16,Y
9426,DP09427,Meena W,Pune,Bike,Contract,3.59,Y
9427,DP09428,Kiran B,Bengaluru,Bike,Contract,4.64,Y
9428,DP09429,Ananya N,Hyderabad,Bike,Full-time,4.41,N
9429,DP09430,Ravi C,Mumbai,Scooter,Part-time,4.4,N
9430,DP09431,Rahul C,Chennai,Scooter,Full-time,4.55,Y
9431,DP09432,Rakesh Q,Delhi,Bike,Full-time,3.99,Y
9432,DP09433,Meena F,Bengaluru,Scooter,Part-time,4.1,Y
9433,DP09434,Divya S,Bengaluru,Bike,Full-time,4.22,Y
9434,DP09435,Vikas Z,Hyderabad,Scooter,Part-time,4.12,Y
9435,DP09436,Shreya H,Kolkata,Bike,Full-time,4.3,Y
9436,DP09437,Vikas M,Kolkata,Scooter,Full-time,4.26,Y
9437,DP09438,Sneha M,Bengaluru,Bike,Contract,4.71,Y
9438,DP09439,Rakesh R,Delhi,Scooter,Full-time,4.66,Y
9439,DP09440,Meena O,Bengaluru,Bike,Full-time,4.04,Y
9440,DP09441,Priya W,Bengaluru,Bike,Contract,4.6,Y
9441,DP09442,Suresh B,Chennai,Cycle,Part-time,4.08,Y
9442,DP09443,Pooja W,Delhi,Scooter,Full-time,4.35,Y
9443,DP09444,Meena E,Bengaluru,Scooter,Part-time,4.56,Y
9444,DP09445,Priya E,Delhi,Cycle,Part-time,4.32,Y
9445,DP09446,Arjun M,Delhi,Scooter,Full-time,4.09,Y
9446,DP09447,Neha P,Mumbai,Scooter,Contract,4.29,Y
9447,DP09448,Sneha W,Mumbai,Scooter,Full-time,4.11,Y
9448,DP09449,Arjun Y,Chennai,Car,Full-time,4.2,Y
9449,DP09450,Vikas Z,Kolkata,Cycle,Full-time,4.18,Y
9450,DP09451,Vikas F,Ahmedabad,Scooter,Part-time,4.01,Y
9451,DP09452,Shreya D,Chennai,Cycle,Full-time,4.4,Y
9452,DP09453,Sneha T,Bengaluru,Scooter,Part-time,4.57,Y
9453,DP09454,Rakesh F,Kolkata,Scooter,Full-time,3.57,Y
9454,DP09455,Meena P,Hyderabad,Bike,Part-time,3.98,Y
9455,DP09456,Suresh E,Bengaluru,Bike,Part-time,3.95,Y
9456,DP09457,Deepak J,Hyderabad,Cycle,Full-time,4.01,N
9457,DP09458,Kiran H,Pune,Car,Full-time,4.09,Y
9458,DP09459,Rahul R,Bengaluru,Cycle,Full-time,3.92,Y
9459,DP09460,Pooja C,Chennai,Scooter,Contract,4.21,Y
9460,DP09461,Nikhil R,Chennai,Bike,Part-time,3.9,Y
9461,DP09462,Manoj W,Mumbai,Bike,Full-time,3.93,N
9462,DP09463,Santosh K,Pune,Cycle,Full-time,3.93,Y
9463,DP09464,Ravi A,Bengaluru,Bike,Full-time,4.72,Y
9464,DP09465,Manoj P,Mumbai,Scooter,Full-time,4.2,Y
9465,DP09466,Meena Z,Chennai,Cycle,Contract,4.27,Y
9466,DP09467,Pooja M,Bengaluru,Scooter,Part-time,4.24,Y
9467,DP09468,Priya A,Ahmedabad,Scooter,Full-time,4.17,N
9468,DP09469,Pooja K,Kolkata,Bike,Full-time,4.09,Y
9469,DP09470,Amit G,Bengaluru,Cycle,Full-time,4.21,Y
9470,DP09471,Amit Q,Mumbai,Scooter,Full-time,4.16,Y
9471,DP09472,Rahul R,Delhi,Bike,Part-time,4.23,Y
9472,DP09473,Divya W,Chennai,Bike,Full-time,4.39,Y
9473,DP09474,Meena A,Bengaluru,Bike,Part-time,4.3,Y
9474,DP09475,Priya D,Mumbai,Bike,Full-time,4.48,Y
9475,DP09476,Shreya X,Bengaluru,Bike,Full-time,4.45,Y
9476,DP09477,Santosh N,Kolkata,Scooter,Part-time,3.71,Y
9477,DP09478,Santosh R,Delhi,Cycle,Full-time,4.02,Y
9478,DP09479,Pooja W,Bengaluru,Scooter,Contract,4.34,Y
9479,DP09480,Shreya O,Bengaluru,Bike,Contract,4.51,Y
9480,DP09481,Deepak P,Bengaluru,Scooter,Full-time,4.27,Y
9481,DP09482,Deepak D,Bengaluru,Car,Full-time,4.21,Y
9482,DP09483,Manoj U,Delhi,Scooter,Full-time,3.99,Y
9483,DP09484,Nikhil K,Delhi,Scooter,Full-time,3.82,Y
9484,DP09485,Amit P,Pune,Car,Part-time,4.57,Y
9485,DP09486,Neha H,Kolkata,Scooter,Full-time,4.47,Y
9486,DP09487,Rahul J,Kolkata,Scooter,Full-time,4.06,N
9487,DP09488,Pooja G,Chennai,Bike,Full-time,4.45,Y
9488,DP09489,Ravi T,Bengaluru,Scooter,Full-time,3.87,Y
9489,DP09490,Arjun E,Kolkata,Cycle,Full-time,4.86,Y
9490,DP09491,Deepak K,Mumbai,Scooter,Part-time,3.96,N
9491,DP09492,Arjun H,Kolkata,Bike,Full-time,3.85,Y
9492,DP09493,Nikhil D,Hyderabad,Car,Contract,4.35,Y
9493,DP09494,Santosh J,Bengaluru,Scooter,Part-time,4.19,Y
9494,DP09495,Vikas E,Bengaluru,Bike,Contract,4.27,Y
9495,DP09496,Amit Z,Kolkata,Scooter,Full-time,4.26,Y
9496,DP09497,Rahul A,Mumbai,Car,Contract,3.98,Y
9497,DP09498,Nikhil I,Delhi,Car,Full-time,3.98,N
9498,DP09499,Priya Z,Hyderabad,Cycle,Part-time,4.1,Y
9499,DP09500,Amit R,Bengaluru,Scooter,Contract,4.2,Y
9500,DP09501,Rakesh V,Pune,Bike,Part-time,4.58,N
9501,DP09502,Meena I,Delhi,Scooter,Part-time,4.8,Y
9502,DP09503,Meena G,Delhi,Bike,Full-time,4.11,Y
9503,DP09504,Vikas C,Mumbai,Bike,Contract,4.16,N
9504,DP09505,Rakesh E,Pune,Car,Full-time,3.98,Y
9505,DP09506,Kiran B,Mumbai,Bike,Part-time,4.7,Y
9506,DP09507,Divya G,Bengaluru,Bike,Full-time,4.17,Y
9507,DP09508,Santosh L,Pune,Scooter,Full-time,4.37,Y
9508,DP09509,Ananya T,Bengaluru,Scooter,Contract,4.47,Y
9509,DP09510,Amit B,Bengaluru,Bike,Full-time,3.98,Y
9510,DP09511,Deepak W,Hyderabad,Scooter,Full-time,4.3,Y
9511,DP09512,Nikhil L,Pune,Cycle,Full-time,4.15,Y
9512,DP09513,Nikhil H,Bengaluru,Scooter,Contract,4.47,Y
9513,DP09514,Kiran X,Delhi,Bike,Contract,4.2,Y
9514,DP09515,Deepak U,Mumbai,Cycle,Contract,4.33,Y
9515,DP09516,Deepak M,Chennai,Bike,Part-time,4.21,Y
9516,DP09517,Arjun H,Kolkata,Cycle,Part-time,4.44,N
9517,DP09518,Arjun D,Delhi,Car,Contract,3.5,Y
9518,DP09519,Amit D,Mumbai,Scooter,Full-time,4.12,Y
9519,DP09520,Pooja L,Delhi,Cycle,Contract,4.67,Y
9520,DP09521,Meena G,Kolkata,Bike,Full-time,3.77,Y
9521,DP09522,Santosh Q,Bengaluru,Cycle,Full-time,4.44,Y
9522,DP09523,Neha I,Delhi,Scooter,Part-time,3.93,Y
9523,DP09524,Suresh V,Delhi,Scooter,Part-time,4.01,Y
9524,DP09525,Vikas K,Kolkata,Cycle,Contract,4.37,Y
9525,DP09526,Shreya H,Hyderabad,Bike,Part-time,4.13,Y
9526,DP09527,Suresh E,Mumbai,Scooter,Part-time,4.41,Y
9527,DP09528,Shreya M,Delhi,Scooter,Full-time,4.18,Y
9528,DP09529,Priya C,Mumbai,Bike,Full-time,3.85,Y
9529,DP09530,Divya G,Delhi,Cycle,Contract,4.23,Y
9530,DP09531,Manoj B,Pune,Scooter,Full-time,4.72,N
9531,DP09532,Meena B,Chennai,Bike,Full-time,4.5,Y
9532,DP09533,Ananya S,Mumbai,Scooter,Contract,4.46,N
9533,DP09534,Ravi S,Mumbai,Bike,Full-time,3.85,Y
9534,DP09535,Kiran W,Hyderabad,Bike,Full-time,5.0,Y
9535,DP09536,Rahul L,Bengaluru,Bike,Full-time,4.41,Y
9536,DP09537,Neha M,Pune,Bike,Full-time,4.4,Y
9537,DP09538,Suresh D,Delhi,Cycle,Contract,4.38,Y
9538,DP09539,Suresh Q,Mumbai,Scooter,Full-time,4.61,Y
9539,DP09540,Ravi L,Bengaluru,Scooter,Part-time,4.45,Y
9540,DP09541,Priya G,Hyderabad,Bike,Full-time,4.22,Y
9541,DP09542,Suresh Q,Chennai,Bike,Full-time,4.26,Y
9542,DP09543,Sneha E,Bengaluru,Bike,Part-time,3.9,Y
9543,DP09544,Manoj A,Pune,Scooter,Part-time,4.25,Y
9544,DP09545,Pooja M,Kolkata,Car,Part-time,4.06,N
9545,DP09546,Neha Q,Bengaluru,Bike,Contract,3.4,Y
9546,DP09547,Pooja V,Mumbai,Cycle,Part-time,3.92,Y
9547,DP09548,Sneha E,Delhi,Cycle,Part-time,4.37,Y
9548,DP09549,Nikhil F,Pune,Bike,Contract,3.81,Y
9549,DP09550,Divya L,Kolkata,Scooter,Part-time,4.09,N
9550,DP09551,Meena L,Bengaluru,Scooter,Part-time,4.37,Y
9551,DP09552,Manoj C,Bengaluru,Cycle,Part-time,4.44,Y
9552,DP09553,Deepak U,Bengaluru,Scooter,Full-time,4.27,N
9553,DP09554,Ravi N,Bengaluru,Bike,Full-time,4.23,Y
9554,DP09555,Deepak I,Delhi,Scooter,Part-time,4.26,Y
9555,DP09556,Sneha L,Ahmedabad,Cycle,Part-time,4.05,N
9556,DP09557,Ananya J,Hyderabad,Bike,Contract,4.32,Y
9557,DP09558,Sneha X,Mumbai,Scooter,Full-time,4.44,Y
9558,DP09559,Suresh U,Ahmedabad,Scooter,Contract,4.2,Y
9559,DP09560,Santosh M,Bengaluru,Cycle,Full-time,4.27,N
9560,DP09561,Vikas V,Pune,Bike,Part-time,3.97,Y
9561,DP09562,Divya Y,Bengaluru,Scooter,Part-time,4.29,Y
9562,DP09563,Divya O,Delhi,Scooter,Part-time,3.92,Y
9563,DP09564,Kiran B,Bengaluru,Bike,Full-time,3.67,Y
9564,DP09565,Meena Z,Mumbai,Bike,Contract,4.46,Y
9565,DP09566,Divya S,Ahmedabad,Scooter,Full-time,3.84,Y
9566,DP09567,Shreya M,Chennai,Scooter,Contract,3.34,Y
9567,DP09568,Rakesh M,Delhi,Scooter,Part-time,4.37,Y
9568,DP09569,Rakesh D,Kolkata,Bike,Part-time,4.75,Y
9569,DP09570,Amit I,Kolkata,Scooter,Part-time,4.32,Y
9570,DP09571,Arjun W,Hyderabad,Cycle,Part-time,4.33,Y
9571,DP09572,Shreya O,Delhi,Scooter,Full-time,3.74,Y
9572,DP09573,Meena V,Bengaluru,Scooter,Part-time,4.44,Y
9573,DP09574,Ananya V,Mumbai,Scooter,Part-time,3.52,Y
9574,DP09575,Kiran V,Hyderabad,Cycle,Full-time,4.05,Y
9575,DP09576,Pooja J,Pune,Scooter,Full-time,4.02,Y
9576,DP09577,Suresh D,Chennai,Bike,Part-time,4.56,Y
9577,DP09578,Rahul S,Delhi,Cycle,Part-time,4.23,Y
9578,DP09579,Suresh J,Bengaluru,Scooter,Full-time,3.82,Y
9579,DP09580,Vikas G,Kolkata,Bike,Full-time,4.17,Y
9580,DP09581,Neha T,Pune,Scooter,Contract,4.51,Y
9581,DP09582,Meena Q,Ahmedabad,Scooter,Full-time,3.76,Y
9582,DP09583,Suresh H,Bengaluru,Scooter,Contract,4.33,Y
9583,DP09584,Meena L,Kolkata,Scooter,Part-time,4.07,Y
9584,DP09585,Pooja C,Mumbai,Cycle,Full-time,4.01,Y
9585,DP09586,Neha Z,Hyderabad,Bike,Part-time,4.51,Y
9586,DP09587,Kiran N,Kolkata,Bike,Full-time,4.06,Y
9587,DP09588,Pooja E,Bengaluru,Cycle,Part-time,4.87,N
9588,DP09589,Nikhil Q,Delhi,Bike,Full-time,4.16,Y
9589,DP09590,Sneha O,Delhi,Bike,Full-time,4.49,N
9590,DP09591,Suresh H,Delhi,Scooter,Full-time,4.26,Y
9591,DP09592,Nikhil P,Chennai,Bike,Contract,4.36,Y
9592,DP09593,Rakesh R,Bengaluru,Bike,Part-time,4.22,Y
9593,DP09594,Nikhil C,Chennai,Scooter,Contract,4.24,Y
9594,DP09595,Ravi B,Chennai,Car,Full-time,4.44,N
9595,DP09596,Neha D,Bengaluru,Cycle,Part-time,4.33,Y
9596,DP09597,Suresh W,Mumbai,Cycle,Full-time,4.42,Y
9597,DP09598,Ananya P,Mumbai,Bike,Full-time,4.11,Y
9598,DP09599,Deepak Q,Pune,Scooter,Part-time,4.38,Y
9599,DP09600,Nikhil A,Hyderabad,Cycle,Full-time,4.74,Y
9600,DP09601,Sneha U,Hyderabad,Cycle,Full-time,4.1,Y
9601,DP09602,Santosh E,Hyderabad,Bike,Full-time,4.32,Y
9602,DP09603,Suresh W,Kolkata,Scooter,Full-time,4.01,Y
9603,DP09604,Kiran L,Delhi,Cycle,Full-time,4.12,Y
9604,DP09605,Manoj Z,Chennai,Scooter,Part-time,4.15,Y
9605,DP09606,Nikhil H,Bengaluru,Bike,Contract,4.57,Y
9606,DP09607,Deepak L,Delhi,Bike,Full-time,4.03,Y
9607,DP09608,Deepak Z,Delhi,Scooter,Full-time,3.91,Y
9608,DP09609,Divya O,Ahmedabad,Scooter,Full-time,4.41,Y
9609,DP09610,Divya A,Hyderabad,Bike,Part-time,4.48,Y
9610,DP09611,Meena W,Hyderabad,Cycle,Contract,4.05,Y
9611,DP09612,Suresh O,Hyderabad,Car,Full-time,4.1,Y
9612,DP09613,Neha J,Chennai,Scooter,Full-time,4.16,Y
9613,DP09614,Divya H,Mumbai,Bike,Part-time,4.19,Y
9614,DP09615,Neha E,Bengaluru,Scooter,Full-time,3.77,Y
9615,DP09616,Sneha V,Delhi,Cycle,Full-time,4.23,Y
9616,DP09617,Pooja S,Mumbai,Bike,Contract,4.41,Y
9617,DP09618,Sneha Q,Mumbai,Bike,Contract,4.0,Y
9618,DP09619,Ravi Q,Mumbai,Bike,Part-time,4.88,Y
9619,DP09620,Ravi G,Bengaluru,Bike,Full-time,4.13,Y
9620,DP09621,Kiran D,Bengaluru,Scooter,Full-time,3.48,Y
9621,DP09622,Rakesh H,Bengaluru,Cycle,Full-time,4.57,Y
9622,DP09623,Pooja T,Bengaluru,Bike,Part-time,4.28,N
9623,DP09624,Neha C,Mumbai,Scooter,Full-time,4.29,Y
9624,DP09625,Ananya W,Bengaluru,Scooter,Contract,4.59,Y
9625,DP09626,Sneha V,Mumbai,Cycle,Full-time,4.08,Y
9626,DP09627,Divya Q,Bengaluru,Scooter,Full-time,4.34,Y
9627,DP09628,Suresh B,Mumbai,Car,Full-time,4.64,Y
9628,DP09629,Santosh N,Hyderabad,Bike,Part-time,4.01,Y
9629,DP09630,Santosh W,Ahmedabad,Scooter,Full-time,4.14,Y
9630,DP09631,Neha W,Bengaluru,Scooter,Full-time,4.71,Y
9631,DP09632,Divya S,Delhi,Scooter,Full-time,4.47,Y
9632,DP09633,Meena G,Kolkata,Cycle,Full-time,4.23,N
9633,DP09634,Vikas F,Delhi,Scooter,Part-time,4.4,Y
9634,DP09635,Santosh B,Mumbai,Scooter,Contract,4.48,Y
9635,DP09636,Neha N,Delhi,Scooter,Part-time,4.01,N
9636,DP09637,Suresh P,Ahmedabad,Bike,Part-time,3.89,Y
9637,DP09638,Divya V,Bengaluru,Scooter,Full-time,3.45,Y
9638,DP09639,Sneha F,Bengaluru,Bike,Part-time,4.18,Y
9639,DP09640,Ananya O,Pune,Bike,Contract,4.03,Y
9640,DP09641,Pooja D,Delhi,Scooter,Full-time,4.01,Y
9641,DP09642,Amit Z,Delhi,Bike,Part-time,4.41,Y
9642,DP09643,Vikas R,Delhi,Bike,Contract,4.25,Y
9643,DP09644,Deepak G,Ahmedabad,Car,Part-time,4.14,Y
9644,DP09645,Neha L,Pune,Car,Contract,4.14,Y
9645,DP09646,Suresh P,Hyderabad,Bike,Part-time,3.99,Y
9646,DP09647,Deepak E,Pune,Scooter,Contract,4.46,Y
9647,DP09648,Meena F,Mumbai,Bike,Part-time,4.15,Y
9648,DP09649,Kiran F,Mumbai,Scooter,Full-time,4.03,Y
9649,DP09650,Nikhil B,Delhi,Bike,Full-time,4.45,Y
9650,DP09651,Kiran S,Bengaluru,Cycle,Full-time,4.18,Y
9651,DP09652,Suresh K,Pune,Bike,Full-time,3.97,Y
9652,DP09653,Ananya D,Kolkata,Bike,Part-time,4.17,Y
9653,DP09654,Meena H,Chennai,Cycle,Contract,4.19,Y
9654,DP09655,Priya P,Chennai,Scooter,Contract,4.19,Y
9655,DP09656,Suresh I,Delhi,Bike,Full-time,3.99,Y
9656,DP09657,Priya L,Bengaluru,Bike,Contract,4.6,Y
9657,DP09658,Divya L,Mumbai,Bike,Full-time,3.74,N
9658,DP09659,Manoj U,Pune,Cycle,Full-time,4.46,Y
9659,DP09660,Manoj X,Pune,Cycle,Full-time,4.1,Y
9660,DP09661,Shreya E,Hyderabad,Bike,Part-time,4.41,Y
9661,DP09662,Santosh P,Delhi,Bike,Full-time,4.09,Y
9662,DP09663,Ravi V,Kolkata,Scooter,Contract,4.39,Y
9663,DP09664,Manoj E,Ahmedabad,Cycle,Full-time,4.07,Y
9664,DP09665,Deepak L,Kolkata,Bike,Part-time,4.28,Y
9665,DP09666,Neha D,Delhi,Cycle,Part-time,4.28,Y
9666,DP09667,Rakesh Q,Hyderabad,Scooter,Part-time,3.94,Y
9667,DP09668,Nikhil I,Kolkata,Bike,Part-time,4.8,Y
9668,DP09669,Rahul K,Pune,Scooter,Part-time,3.59,Y
9669,DP09670,Suresh R,Delhi,Scooter,Full-time,4.01,Y
9670,DP09671,Ananya C,Bengaluru,Bike,Contract,4.49,Y
9671,DP09672,Divya G,Delhi,Bike,Part-time,4.23,Y
9672,DP09673,Kiran K,Delhi,Scooter,Part-time,4.42,Y
9673,DP09674,Neha W,Mumbai,Scooter,Part-time,4.7,Y
9674,DP09675,Santosh L,Kolkata,Scooter,Full-time,4.5,Y
9675,DP09676,Suresh Z,Mumbai,Bike,Full-time,4.58,Y
9676,DP09677,Neha A,Hyderabad,Bike,Full-time,4.21,Y
9677,DP09678,Priya D,Ahmedabad,Scooter,Contract,4.31,Y
9678,DP09679,Ananya R,Chennai,Cycle,Contract,4.59,Y
9679,DP09680,Arjun P,Pune,Scooter,Part-time,4.04,Y
9680,DP09681,Ravi F,Delhi,Scooter,Full-time,3.86,Y
9681,DP09682,Suresh Y,Kolkata,Bike,Full-time,4.23,Y
9682,DP09683,Nikhil I,Kolkata,Scooter,Part-time,4.18,Y
9683,DP09684,Rakesh B,Delhi,Scooter,Contract,4.06,Y
9684,DP09685,Rakesh H,Pune,Scooter,Full-time,3.73,Y
9685,DP09686,Manoj F,Bengaluru,Bike,Contract,4.2,N
9686,DP09687,Meena L,Pune,Bike,Full-time,4.5,Y
9687,DP09688,Meena K,Pune,Scooter,Full-time,4.06,Y
9688,DP09689,Kiran Q,Hyderabad,Bike,Contract,4.54,Y
9689,DP09690,Rahul D,Bengaluru,Scooter,Contract,4.43,Y
9690,DP09691,Santosh Q,Mumbai,Bike,Part-time,4.18,Y
9691,DP09692,Manoj N,Pune,Scooter,Full-time,4.2,Y
9692,DP09693,Suresh T,Hyderabad,Scooter,Part-time,4.03,Y
9693,DP09694,Pooja T,Kolkata,Scooter,Full-time,4.07,Y
9694,DP09695,Meena X,Delhi,Scooter,Full-time,4.27,Y
9695,DP09696,Pooja N,Bengaluru,Scooter,Full-time,3.94,N
9696,DP09697,Amit D,Chennai,Scooter,Full-time,4.11,Y
9697,DP09698,Kiran I,Bengaluru,Cycle,Full-time,4.17,Y
9698,DP09699,Deepak U,Bengaluru,Bike,Contract,4.23,Y
9699,DP09700,Manoj P,Bengaluru,Scooter,Full-time,3.77,Y
9700,DP09701,Arjun F,Mumbai,Scooter,Full-time,4.82,Y
9701,DP09702,Deepak W,Bengaluru,Scooter,Full-time,3.87,Y
9702,DP09703,Santosh Z,Pune,Scooter,Contract,3.94,N
9703,DP09704,Amit Y,Bengaluru,Car,Full-time,3.89,Y
9704,DP09705,Manoj F,Delhi,Car,Full-time,4.54,Y
9705,DP09706,Arjun M,Ahmedabad,Scooter,Part-time,4.59,Y
9706,DP09707,Shreya K,Mumbai,Bike,Full-time,3.77,Y
9707,DP09708,Suresh P,Delhi,Scooter,Contract,4.14,N
9708,DP09709,Pooja R,Delhi,Scooter,Part-time,3.55,Y
9709,DP09710,Kiran H,Bengaluru,Scooter,Full-time,4.56,Y
9710,DP09711,Neha W,Mumbai,Scooter,Part-time,4.63,Y
9711,DP09712,Deepak P,Hyderabad,Cycle,Full-time,4.68,Y
9712,DP09713,Meena U,Pune,Bike,Contract,4.48,Y
9713,DP09714,Arjun N,Hyderabad,Bike,Part-time,3.98,Y
9714,DP09715,Santosh V,Bengaluru,Bike,Contract,4.15,N
9715,DP09716,Divya Z,Delhi,Bike,Full-time,4.68,Y
9716,DP09717,Suresh S,Bengaluru,Scooter,Part-time,4.31,Y
9717,DP09718,Vikas T,Bengaluru,Bike,Full-time,4.41,Y
9718,DP09719,Nikhil N,Mumbai,Car,Part-time,4.02,Y
9719,DP09720,Vikas N,Pune,Cycle,Full-time,4.17,Y
9720,DP09721,Arjun G,Delhi,Bike,Full-time,4.04,Y
9721,DP09722,Vikas G,Mumbai,Scooter,Contract,4.23,Y
9722,DP09723,Ravi U,Kolkata,Scooter,Contract,4.39,Y
9723,DP09724,Pooja B,Bengaluru,Bike,Part-time,3.95,Y
9724,DP09725,Meena W,Bengaluru,Bike,Contract,4.01,N
9725,DP09726,Pooja H,Bengaluru,Scooter,Part-time,3.53,Y
9726,DP09727,Deepak I,Chennai,Cycle,Full-time,4.04,Y
9727,DP09728,Suresh V,Delhi,Bike,Full-time,4.08,Y
9728,DP09729,Neha O,Pune,Scooter,Part-time,3.81,Y
9729,DP09730,Nikhil W,Mumbai,Scooter,Part-time,4.29,Y
9730,DP09731,Neha N,Delhi,Bike,Part-time,4.56,Y
9731,DP09732,Vikas W,Hyderabad,Car,Part-time,4.62,Y
9732,DP09733,Kiran L,Delhi,Cycle,Contract,4.39,Y
9733,DP09734,Nikhil Y,Bengaluru,Scooter,Full-time,4.2,Y
9734,DP09735,Neha Y,Chennai,Bike,Full-time,4.54,Y
9735,DP09736,Rakesh R,Chennai,Cycle,Full-time,4.24,Y
9736,DP09737,Deepak N,Kolkata,Scooter,Full-time,4.34,Y
9737,DP09738,Meena R,Bengaluru,Bike,Part-time,4.16,Y
9738,DP09739,Deepak D,Mumbai,Scooter,Full-time,4.47,Y
9739,DP09740,Santosh R,Kolkata,Bike,Full-time,3.95,N
9740,DP09741,Vikas C,Hyderabad,Scooter,Part-time,4.04,Y
9741,DP09742,Arjun X,Pune,Car,Part-time,4.21,Y
9742,DP09743,Divya K,Pune,Scooter,Part-time,3.93,Y
9743,DP09744,Rahul N,Bengaluru,Bike,Contract,4.06,Y
9744,DP09745,Priya Y,Hyderabad,Scooter,Full-time,4.53,Y
9745,DP09746,Vikas Z,Ahmedabad,Scooter,Contract,4.88,Y
9746,DP09747,Sneha I,Mumbai,Bike,Part-time,3.95,Y
9747,DP09748,Santosh J,Chennai,Bike,Full-time,4.29,N
9748,DP09749,Vikas O,Chennai,Bike,Contract,4.16,Y
9749,DP09750,Pooja Y,Ahmedabad,Scooter,Full-time,4.52,Y
9750,DP09751,Rakesh O,Delhi,Cycle,Full-time,4.13,Y
9751,DP09752,Suresh J,Chennai,Bike,Full-time,4.28,Y
9752,DP09753,Ananya W,Chennai,Scooter,Full-time,4.03,Y
9753,DP09754,Arjun K,Delhi,Scooter,Part-time,4.2,Y
9754,DP09755,Manoj C,Bengaluru,Cycle,Full-time,4.17,Y
9755,DP09756,Rakesh D,Ahmedabad,Scooter,Part-time,3.99,Y
9756,DP09757,Arjun V,Ahmedabad,Bike,Full-time,3.96,Y
9757,DP09758,Neha M,Bengaluru,Bike,Full-time,4.48,Y
9758,DP09759,Rakesh P,Chennai,Scooter,Part-time,4.05,Y
9759,DP09760,Neha Q,Ahmedabad,Scooter,Part-time,3.88,Y
9760,DP09761,Kiran B,Delhi,Scooter,Part-time,4.51,Y
9761,DP09762,Vikas V,Kolkata,Bike,Contract,3.79,N
9762,DP09763,Divya J,Bengaluru,Car,Full-time,4.36,Y
9763,DP09764,Meena R,Kolkata,Scooter,Full-time,4.77,Y
9764,DP09765,Arjun N,Ahmedabad,Bike,Full-time,4.06,N
9765,DP09766,Amit U,Pune,Bike,Part-time,4.14,Y
9766,DP09767,Ananya X,Hyderabad,Car,Full-time,4.76,Y
9767,DP09768,Rakesh X,Ahmedabad,Scooter,Full-time,4.76,Y
9768,DP09769,Ananya O,Mumbai,Car,Full-time,4.0,Y
9769,DP09770,Pooja U,Bengaluru,Scooter,Part-time,4.03,Y
9770,DP09771,Amit N,Pune,Bike,Part-time,4.28,Y
9771,DP09772,Deepak X,Mumbai,Cycle,Full-time,4.32,Y
9772,DP09773,Santosh B,Chennai,Scooter,Full-time,4.3,Y
9773,DP09774,Divya R,Hyderabad,Scooter,Full-time,4.37,Y
9774,DP09775,Ananya Y,Delhi,Bike,Part-time,4.15,Y
9775,DP09776,Santosh D,Kolkata,Bike,Full-time,3.9,Y
9776,DP09777,Sneha Q,Delhi,Scooter,Part-time,4.35,Y
9777,DP09778,Ravi O,Bengaluru,Bike,Part-time,3.49,Y
9778,DP09779,Arjun H,Mumbai,Scooter,Part-time,4.16,Y
9779,DP09780,Santosh Q,Kolkata,Car,Full-time,4.58,Y
9780,DP09781,Neha N,Bengaluru,Bike,Full-time,4.7,Y
9781,DP09782,Ananya K,Delhi,Cycle,Full-time,4.3,Y
9782,DP09783,Shreya A,Ahmedabad,Scooter,Contract,4.28,Y
9783,DP09784,Pooja U,Chennai,Scooter,Part-time,4.43,Y
9784,DP09785,Suresh C,Bengaluru,Scooter,Contract,4.23,Y
9785,DP09786,Meena V,Bengaluru,Bike,Full-time,3.85,Y
9786,DP09787,Divya Q,Mumbai,Cycle,Part-time,4.28,Y
9787,DP09788,Priya A,Chennai,Scooter,Full-time,4.2,Y
9788,DP09789,Neha F,Delhi,Bike,Full-time,4.27,Y
9789,DP09790,Sneha U,Delhi,Bike,Full-time,3.8,Y
9790,DP09791,Deepak A,Ahmedabad,Bike,Part-time,4.47,Y
9791,DP09792,Ravi U,Bengaluru,Cycle,Part-time,4.24,Y
9792,DP09793,Shreya A,Chennai,Scooter,Part-time,4.71,Y
9793,DP09794,Sneha C,Bengaluru,Bike,Contract,4.22,Y
9794,DP09795,Manoj Z,Delhi,Bike,Part-time,3.97,Y
9795,DP09796,Santosh J,Bengaluru,Bike,Full-time,4.49,Y
9796,DP09797,Shreya V,Pune,Scooter,Full-time,4.14,Y
9797,DP09798,Rakesh W,Ahmedabad,Scooter,Part-time,3.58,Y
9798,DP09799,Rahul S,Delhi,Car,Part-time,3.49,Y
9799,DP09800,Arjun Q,Pune,Cycle,Full-time,3.8,Y
9800,DP09801,Ananya Y,Kolkata,Bike,Part-time,4.02,Y
9801,DP09802,Amit I,Pune,Cycle,Full-time,3.94,Y
9802,DP09803,Rakesh N,Mumbai,Scooter,Full-time,4.12,Y
9803,DP09804,Divya H,Bengaluru,Cycle,Contract,4.36,Y
9804,DP09805,Ravi U,Ahmedabad,Bike,Full-time,4.68,N
9805,DP09806,Ananya I,Bengaluru,Scooter,Full-time,3.78,Y
9806,DP09807,Rahul N,Chennai,Scooter,Full-time,3.91,Y
9807,DP09808,Deepak B,Pune,Cycle,Contract,3.87,N
9808,DP09809,Arjun H,Delhi,Scooter,Full-time,4.53,N
9809,DP09810,Divya C,Hyderabad,Scooter,Full-time,4.22,Y
9810,DP09811,Deepak E,Mumbai,Scooter,Contract,4.52,Y
9811,DP09812,Rakesh Q,Kolkata,Scooter,Contract,4.57,Y
9812,DP09813,Nikhil N,Delhi,Bike,Full-time,3.86,Y
9813,DP09814,Vikas Q,Chennai,Scooter,Full-time,4.53,N
9814,DP09815,Pooja Q,Mumbai,Cycle,Full-time,4.12,Y
9815,DP09816,Kiran R,Ahmedabad,Scooter,Part-time,4.03,Y
9816,DP09817,Amit M,Chennai,Cycle,Part-time,4.08,Y
9817,DP09818,Neha R,Delhi,Cycle,Contract,4.34,Y
9818,DP09819,Amit M,Bengaluru,Car,Contract,4.17,Y
9819,DP09820,Rakesh S,Kolkata,Scooter,Full-time,3.95,N
9820,DP09821,Nikhil E,Bengaluru,Bike,Part-time,3.84,Y
9821,DP09822,Santosh A,Hyderabad,Scooter,Full-time,4.2,Y
9822,DP09823,Rakesh C,Hyderabad,Scooter,Part-time,4.79,Y
9823,DP09824,Suresh E,Delhi,Bike,Full-time,4.46,N
9824,DP09825,Rahul E,Hyderabad,Scooter,Contract,4.84,Y
9825,DP09826,Shreya S,Ahmedabad,Scooter,Part-time,4.25,Y
9826,DP09827,Deepak D,Ahmedabad,Bike,Contract,4.35,Y
9827,DP09828,Ananya U,Mumbai,Scooter,Full-time,4.56,Y
9828,DP09829,Neha D,Pune,Scooter,Contract,3.79,N
9829,DP09830,Rakesh E,Delhi,Scooter,Part-time,4.2,Y
9830,DP09831,Deepak Q,Bengaluru,Scooter,Full-time,4.98,Y
9831,DP09832,Suresh U,Pune,Bike,Full-time,4.32,Y
9832,DP09833,Santosh L,Ahmedabad,Bike,Full-time,3.98,Y
9833,DP09834,Suresh N,Chennai,Bike,Part-time,4.1,Y
9834,DP09835,Ravi N,Mumbai,Bike,Part-time,4.48,Y
9835,DP09836,Santosh S,Chennai,Bike,Part-time,4.75,Y
9836,DP09837,Deepak C,Mumbai,Bike,Full-time,4.38,Y
9837,DP09838,Neha R,Chennai,Bike,Full-time,3.96,Y
9838,DP09839,Kiran T,Hyderabad,Cycle,Part-time,4.13,Y
9839,DP09840,Neha C,Delhi,Bike,Part-time,4.29,Y
9840,DP09841,Ravi C,Hyderabad,Bike,Part-time,4.37,Y
9841,DP09842,Amit O,Bengaluru,Scooter,Part-time,3.61,Y
9842,DP09843,Vikas I,Ahmedabad,Bike,Part-time,4.45,Y
9843,DP09844,Deepak C,Kolkata,Scooter,Full-time,4.52,Y
9844,DP09845,Divya F,Chennai,Scooter,Full-time,4.42,Y
9845,DP09846,Pooja Y,Pune,Cycle,Full-time,4.28,Y
9846,DP09847,Rakesh V,Chennai,Cycle,Full-time,4.6,Y
9847,DP09848,Divya A,Pune,Bike,Full-time,4.03,Y
9848,DP09849,Divya E,Delhi,Bike,Contract,3.82,Y
9849,DP09850,Shreya B,Hyderabad,Cycle,Part-time,4.13,Y
9850,DP09851,Nikhil C,Bengaluru,Bike,Full-time,4.47,Y
9851,DP09852,Nikhil T,Chennai,Cycle,Full-time,4.09,Y
9852,DP09853,Santosh H,Chennai,Bike,Part-time,4.62,Y
9853,DP09854,Rahul C,Bengaluru,Bike,Contract,4.11,N
9854,DP09855,Amit F,Delhi,Bike,Full-time,4.37,Y
9855,DP09856,Suresh A,Kolkata,Bike,Contract,4.05,Y
9856,DP09857,Pooja D,Ahmedabad,Scooter,Contract,4.8,Y
9857,DP09858,Shreya O,Bengaluru,Scooter,Part-time,4.25,Y
9858,DP09859,Deepak A,Delhi,Scooter,Part-time,4.51,Y
9859,DP09860,Kiran M,Mumbai,Cycle,Full-time,3.64,Y
9860,DP09861,Amit H,Bengaluru,Bike,Full-time,4.28,Y
9861,DP09862,Neha G,Delhi,Scooter,Contract,4.05,Y
9862,DP09863,Shreya V,Hyderabad,Bike,Full-time,4.2,Y
9863,DP09864,Neha U,Hyderabad,Car,Full-time,4.85,N
9864,DP09865,Sneha Z,Pune,Scooter,Full-time,4.46,Y
9865,DP09866,Arjun S,Bengaluru,Scooter,Part-time,3.91,Y
9866,DP09867,Nikhil A,Chennai,Scooter,Full-time,4.04,Y
9867,DP09868,Kiran N,Bengaluru,Bike,Full-time,4.79,Y
9868,DP09869,Deepak D,Delhi,Bike,Full-time,4.31,Y
9869,DP09870,Divya R,Ahmedabad,Scooter,Part-time,3.85,Y
9870,DP09871,Ravi O,Delhi,Scooter,Contract,4.38,Y
9871,DP09872,Rakesh E,Bengaluru,Bike,Full-time,3.44,Y
9872,DP09873,Vikas R,Bengaluru,Bike,Part-time,4.22,Y
9873,DP09874,Arjun Z,Kolkata,Scooter,Part-time,4.68,Y
9874,DP09875,Kiran P,Ahmedabad,Bike,Contract,4.13,Y
9875,DP09876,Divya A,Bengaluru,Scooter,Full-time,4.59,Y
9876,DP09877,Ananya R,Bengaluru,Bike,Part-time,3.64,Y
9877,DP09878,Rahul P,Mumbai,Scooter,Part-time,4.3,Y
9878,DP09879,Neha A,Bengaluru,Scooter,Contract,4.12,Y
9879,DP09880,Kiran P,Delhi,Car,Part-time,4.21,Y
9880,DP09881,Ravi B,Hyderabad,Scooter,Part-time,4.49,Y
9881,DP09882,Nikhil K,Kolkata,Scooter,Contract,4.17,Y
9882,DP09883,Rahul I,Pune,Scooter,Full-time,3.87,Y
9883,DP09884,Ravi T,Delhi,Bike,Full-time,4.76,Y
9884,DP09885,Santosh G,Mumbai,Scooter,Part-time,4.51,Y
9885,DP09886,Rakesh R,Bengaluru,Bike,Full-time,4.42,Y
9886,DP09887,Rakesh L,Ahmedabad,Scooter,Part-time,4.39,N
9887,DP09888,Neha S,Bengaluru,Bike,Part-time,4.13,Y
9888,DP09889,Ravi I,Pune,Scooter,Part-time,4.11,Y
9889,DP09890,Suresh N,Kolkata,Scooter,Full-time,4.14,Y
9890,DP09891,Amit A,Chennai,Bike,Part-time,4.31,Y
9891,DP09892,Deepak A,Delhi,Cycle,Full-time,4.24,Y
9892,DP09893,Ravi D,Chennai,Bike,Part-time,4.02,Y
9893,DP09894,Kiran A,Bengaluru,Cycle,Full-time,4.34,N
9894,DP09895,Nikhil N,Mumbai,Bike,Full-time,4.3,Y
9895,DP09896,Ravi U,Delhi,Bike,Full-time,4.41,Y
9896,DP09897,Divya U,Pune,Scooter,Full-time,4.69,Y
9897,DP09898,Nikhil E,Kolkata,Cycle,Full-time,4.55,Y
9898,DP09899,Manoj Z,Delhi,Scooter,Part-time,4.47,Y
9899,DP09900,Shreya U,Hyderabad,Bike,Full-time,3.81,N
9900,DP09901,Shreya U,Chennai,Scooter,Full-time,3.88,Y
9901,DP09902,Sneha O,Chennai,Bike,Part-time,4.29,Y
9902,DP09903,Suresh R,Hyderabad,Scooter,Full-time,4.21,Y
9903,DP09904,Amit A,Chennai,Bike,Full-time,4.22,Y
9904,DP09905,Meena N,Kolkata,Scooter,Part-time,4.8,Y
9905,DP09906,Ravi Z,Bengaluru,Scooter,Contract,4.41,N
9906,DP09907,Shreya J,Delhi,Scooter,Full-time,3.75,Y
9907,DP09908,Rahul O,Bengaluru,Scooter,Part-time,4.43,Y
9908,DP09909,Sneha K,Delhi,Bike,Full-time,4.19,Y
9909,DP09910,Arjun O,Chennai,Scooter,Full-time,4.0,Y
9910,DP09911,Ravi C,Kolkata,Bike,Full-time,4.39,Y
9911,DP09912,Vikas I,Pune,Bike,Full-time,3.59,Y
9912,DP09913,Pooja L,Delhi,Scooter,Full-time,4.84,Y
9913,DP09914,Nikhil A,Ahmedabad,Scooter,Contract,4.13,Y
9914,DP09915,Meena K,Bengaluru,Bike,Contract,4.79,Y
9915,DP09916,Manoj N,Chennai,Bike,Part-time,3.77,N
9916,DP09917,Deepak G,Bengaluru,Cycle,Full-time,4.18,Y
9917,DP09918,Priya W,Hyderabad,Scooter,Contract,4.18,Y
9918,DP09919,Pooja A,Pune,Bike,Contract,4.16,Y
9919,DP09920,Santosh K,Kolkata,Bike,Part-time,4.45,N
9920,DP09921,Santosh K,Bengaluru,Bike,Full-time,3.8,Y
9921,DP09922,Nikhil D,Chennai,Bike,Contract,3.78,Y
9922,DP09923,Shreya Z,Bengaluru,Bike,Contract,4.51,Y
9923,DP09924,Ananya U,Delhi,Scooter,Part-time,4.62,N
9924,DP09925,Rakesh B,Ahmedabad,Scooter,Full-time,4.45,Y
9925,DP09926,Santosh J,Bengaluru,Bike,Part-time,4.69,Y
9926,DP09927,Suresh D,Pune,Car,Contract,4.36,Y
9927,DP09928,Santosh D,Hyderabad,Cycle,Full-time,3.81,Y
9928,DP09929,Pooja O,Hyderabad,Scooter,Part-time,4.25,Y
9929,DP09930,Priya M,Bengaluru,Bike,Contract,4.4,N
9930,DP09931,Ananya J,Mumbai,Bike,Full-time,3.74,Y
9931,DP09932,Shreya O,Delhi,Car,Full-time,4.19,Y
9932,DP09933,Rakesh X,Mumbai,Car,Part-time,4.32,Y
9933,DP09934,Kiran B,Delhi,Car,Full-time,4.4,Y
9934,DP09935,Priya O,Mumbai,Scooter,Part-time,3.5,Y
9935,DP09936,Nikhil L,Kolkata,Scooter,Full-time,4.23,Y
9936,DP09937,Ravi V,Pune,Scooter,Part-time,4.18,N
9937,DP09938,Ravi E,Chennai,Cycle,Part-time,4.44,Y
9938,DP09939,Vikas Z,Bengaluru,Bike,Full-time,4.59,Y
9939,DP09940,Meena E,Bengaluru,Bike,Full-time,4.44,Y
9940,DP09941,Nikhil N,Chennai,Bike,Full-time,4.47,Y
9941,DP09942,Nikhil D,Chennai,Cycle,Full-time,4.03,N
9942,DP09943,Kiran E,Hyderabad,Scooter,Full-time,4.2,Y
9943,DP09944,Pooja G,Ahmedabad,Cycle,Part-time,3.82,Y
9944,DP09945,Ananya O,Mumbai,Cycle,Contract,4.36,Y
9945,DP09946,Amit G,Hyderabad,Cycle,Full-time,4.39,Y
9946,DP09947,Ananya J,Delhi,Bike,Full-time,4.2,Y
9947,DP09948,Sneha K,Bengaluru,Bike,Full-time,3.93,Y
9948,DP09949,Kiran D,Mumbai,Cycle,Full-time,3.67,Y
9949,DP09950,Shreya T,Delhi,Bike,Full-time,4.51,Y
9950,DP09951,Kiran R,Mumbai,Cycle,Contract,4.32,Y
9951,DP09952,Shreya V,Bengaluru,Scooter,Part-time,3.99,Y
9952,DP09953,Suresh R,Bengaluru,Bike,Full-time,4.46,Y
9953,DP09954,Amit T,Mumbai,Bike,Contract,3.86,Y
9954,DP09955,Pooja P,Pune,Scooter,Contract,4.07,Y
9955,DP09956,Shreya K,Pune,Cycle,Part-time,4.23,Y
9956,DP09957,Suresh V,Delhi,Bike,Full-time,4.28,Y
9957,DP09958,Nikhil Y,Kolkata,Bike,Contract,4.42,Y
9958,DP09959,Suresh M,Bengaluru,Cycle,Full-time,3.65,Y
9959,DP09960,Manoj I,Kolkata,Bike,Contract,4.53,N
9960,DP09961,Rakesh N,Chennai,Cycle,Full-time,4.28,N
9961,DP09962,Manoj V,Ahmedabad,Bike,Full-time,3.8,Y
9962,DP09963,Ravi O,Delhi,Car,Full-time,4.56,Y
9963,DP09964,Manoj B,Bengaluru,Scooter,Contract,4.6,Y
9964,DP09965,Rakesh B,Mumbai,Scooter,Full-time,4.36,Y
9965,DP09966,Deepak H,Chennai,Bike,Full-time,4.68,Y
9966,DP09967,Rakesh A,Bengaluru,Bike,Full-time,4.12,Y
9967,DP09968,Ravi F,Pune,Scooter,Full-time,3.93,Y
9968,DP09969,Neha U,Ahmedabad,Scooter,Part-time,3.69,Y
9969,DP09970,Manoj L,Ahmedabad,Bike,Full-time,4.45,Y
9970,DP09971,Ravi Z,Ahmedabad,Bike,Full-time,4.3,N
9971,DP09972,Neha C,Pune,Bike,Contract,4.22,Y
9972,DP09973,Deepak Z,Delhi,Bike,Full-time,4.15,Y
9973,DP09974,Rahul N,Pune,Scooter,Full-time,4.36,Y
9974,DP09975,Rakesh K,Bengaluru,Scooter,Full-time,4.39,Y
9975,DP09976,Suresh V,Mumbai,Bike,Part-time,3.83,Y
9976,DP09977,Vikas Q,Ahmedabad,Cycle,Part-time,4.28,Y
9977,DP09978,Sneha I,Hyderabad,Bike,Contract,3.82,N
9978,DP09979,Vikas M,Pune,Cycle,Full-time,4.9,Y
9979,DP09980,Divya O,Mumbai,Car,Full-time,4.02,Y
9980,DP09981,Priya L,Bengaluru,Bike,Part-time,3.9,Y
9981,DP09982,Shreya G,Bengaluru,Scooter,Part-time,4.29,Y
9982,DP09983,Divya J,Pune,Cycle,Part-time,4.74,Y
9983,DP09984,Neha X,Ahmedabad,Bike,Contract,4.35,N
9984,DP09985,Ravi T,Pune,Scooter,Full-time,4.42,Y
9985,DP09986,Meena L,Mumbai,Cycle,Part-time,4.57,Y
9986,DP09987,Amit T,Hyderabad,Cycle,Contract,4.02,Y
9987,DP09988,Amit J,Hyderabad,Bike,Full-time,3.88,Y
9988,DP09989,Ravi J,Mumbai,Scooter,Part-time,4.38,Y
9989,DP09990,Sneha N,Kolkata,Scooter,Full-time,3.75,Y
9990,DP09991,Rahul W,Pune,Cycle,Part-time,4.41,N
9991,DP09992,Amit C,Hyderabad,Cycle,Full-time,4.55,N
9992,DP09993,Pooja T,Bengaluru,Bike,Part-time,4.28,Y
9993,DP09994,Ananya T,Ahmedabad,Scooter,Contract,3.81,Y
9994,DP09995,Pooja H,Bengaluru,Cycle,Contract,4.28,Y
9995,DP09996,Meena M,Bengaluru,Bike,Full-time,3.73,Y
9996,DP09997,Manoj O,Ahmedabad,Bike,Part-time,4.32,Y
9997,DP09998,Rahul N,Chennai,Scooter,Full-time,4.2,Y
9998,DP09999,Amit J,Bengaluru,Scooter,Contract,3.95,Y
9999,DP10000,Santosh U,Hyderabad,Bike,Full-time,3.71,Y
10000,DP10001,Suresh M,Ahmedabad,Scooter,Full-time,4.31,Y
10001,DP10002,Meena W,Delhi,Bike,Part-time,3.58,Y
10002,DP10003,Manoj I,Delhi,Cycle,Full-time,3.73,Y
10003,DP10004,Kiran I,Ahmedabad,Scooter,Full-time,4.42,Y
10004,DP10005,Priya C,Hyderabad,Bike,Full-time,4.42,Y
10005,DP10006,Santosh R,Delhi,Bike,Contract,4.31,Y
10006,DP10007,Rahul S,Bengaluru,Bike,Full-time,4.06,Y
10007,DP10008,Shreya H,Bengaluru,Bike,Part-time,4.04,Y
10008,DP10009,Divya G,Bengaluru,Bike,Full-time,3.77,Y
10009,DP10010,Suresh C,Delhi,Scooter,Full-time,4.2,Y
10010,DP10011,Manoj T,Mumbai,Bike,Full-time,4.8,Y
10011,DP10012,Arjun K,Delhi,Bike,Full-time,4.38,Y
10012,DP10013,Deepak A,Bengaluru,Scooter,Part-time,4.53,Y
10013,DP10014,Suresh G,Pune,Bike,Contract,4.6,Y
10014,DP10015,Sneha A,Pune,Scooter,Part-time,3.8,Y
10015,DP10016,Arjun M,Pune,Bike,Full-time,3.9,Y
10016,DP10017,Sneha O,Delhi,Scooter,Full-time,4.76,N
10017,DP10018,Shreya G,Delhi,Car,Full-time,4.06,Y
10018,DP10019,Pooja L,Mumbai,Cycle,Contract,4.6,Y
10019,DP10020,Priya P,Ahmedabad,Bike,Full-time,4.8,Y
10020,DP10021,Amit H,Ahmedabad,Car,Part-time,4.09,Y
10021,DP10022,Pooja D,Kolkata,Bike,Full-time,4.82,Y
10022,DP10023,Divya H,Bengaluru,Bike,Full-time,4.39,Y
10023,DP10024,Ananya Y,Kolkata,Scooter,Full-time,4.81,Y
10024,DP10025,Neha Q,Bengaluru,Bike,Full-time,4.31,Y
10025,DP10026,Vikas Q,Bengaluru,Cycle,Contract,4.18,N
10026,DP10027,Divya A,Bengaluru,Scooter,Part-time,3.7,Y
10027,DP10028,Shreya P,Bengaluru,Cycle,Part-time,4.18,Y
10028,DP10029,Meena R,Ahmedabad,Cycle,Part-time,4.24,Y
10029,DP10030,Santosh H,Bengaluru,Car,Full-time,4.34,Y
10030,DP10031,Priya I,Ahmedabad,Bike,Full-time,4.22,Y
10031,DP10032,Suresh J,Hyderabad,Bike,Part-time,4.24,Y
10032,DP10033,Neha Y,Bengaluru,Scooter,Full-time,4.21,Y
10033,DP10034,Rahul S,Pune,Scooter,Part-time,4.64,Y
10034,DP10035,Shreya B,Bengaluru,Scooter,Full-time,4.18,Y
10035,DP10036,Amit O,Pune,Bike,Contract,4.35,Y
10036,DP10037,Arjun I,Delhi,Scooter,Contract,4.08,Y
10037,DP10038,Rakesh R,Mumbai,Bike,Full-time,4.42,Y
10038,DP10039,Santosh F,Mumbai,Scooter,Contract,4.46,Y
10039,DP10040,Rakesh X,Bengaluru,Scooter,Full-time,4.58,N
10040,DP10041,Santosh N,Mumbai,Bike,Full-time,3.99,Y
10041,DP10042,Rakesh Q,Bengaluru,Scooter,Contract,4.31,N
10042,DP10043,Kiran J,Hyderabad,Car,Part-time,4.41,Y
10043,DP10044,Suresh D,Delhi,Scooter,Contract,3.85,Y
10044,DP10045,Vikas C,Ahmedabad,Bike,Full-time,4.53,Y
10045,DP10046,Shreya K,Bengaluru,Scooter,Contract,4.42,Y
10046,DP10047,Shreya K,Hyderabad,Bike,Contract,4.82,Y
10047,DP10048,Santosh D,Kolkata,Cycle,Full-time,4.49,N
10048,DP10049,Arjun B,Delhi,Scooter,Full-time,3.84,Y
10049,DP10050,Deepak N,Ahmedabad,Scooter,Part-time,4.06,Y
10050,DP10051,Rakesh E,Mumbai,Cycle,Full-time,4.01,Y
10051,DP10052,Sneha L,Chennai,Car,Contract,4.4,Y
10052,DP10053,Nikhil M,Hyderabad,Bike,Contract,4.09,Y
10053,DP10054,Sneha G,Hyderabad,Bike,Full-time,4.03,Y
10054,DP10055,Santosh B,Chennai,Bike,Part-time,4.31,Y
10055,DP10056,Santosh L,Bengaluru,Scooter,Full-time,4.4,Y
10056,DP10057,Manoj Y,Bengaluru,Bike,Contract,3.98,Y
10057,DP10058,Pooja S,Chennai,Scooter,Full-time,4.22,Y
10058,DP10059,Shreya Y,Pune,Scooter,Part-time,4.26,Y
10059,DP10060,Suresh T,Bengaluru,Car,Full-time,4.06,N
10060,DP10061,Rakesh O,Chennai,Scooter,Part-time,4.03,Y
10061,DP10062,Ravi Q,Ahmedabad,Bike,Full-time,4.02,Y
10062,DP10063,Rakesh X,Hyderabad,Car,Contract,4.09,Y
10063,DP10064,Deepak A,Hyderabad,Bike,Full-time,3.95,Y
10064,DP10065,Vikas B,Delhi,Bike,Part-time,3.87,Y
10065,DP10066,Deepak U,Mumbai,Cycle,Part-time,4.23,Y
10066,DP10067,Neha D,Bengaluru,Cycle,Full-time,3.96,Y
10067,DP10068,Shreya A,Mumbai,Bike,Part-time,3.87,N
10068,DP10069,Suresh V,Delhi,Cycle,Contract,3.56,Y
10069,DP10070,Neha K,Bengaluru,Bike,Part-time,3.95,Y
10070,DP10071,Sneha G,Chennai,Scooter,Part-time,4.32,Y
10071,DP10072,Amit O,Kolkata,Bike,Part-time,4.29,Y
10072,DP10073,Kiran G,Pune,Scooter,Full-time,3.29,N
10073,DP10074,Priya Q,Hyderabad,Scooter,Contract,4.04,Y
10074,DP10075,Vikas G,Hyderabad,Bike,Contract,4.27,Y
10075,DP10076,Divya D,Chennai,Scooter,Part-time,4.28,Y
10076,DP10077,Meena Q,Chennai,Car,Full-time,3.72,Y
10077,DP10078,Santosh T,Mumbai,Cycle,Contract,3.84,Y
10078,DP10079,Manoj Y,Chennai,Scooter,Full-time,4.1,N
10079,DP10080,Ananya A,Bengaluru,Cycle,Contract,4.05,Y
10080,DP10081,Arjun X,Bengaluru,Cycle,Full-time,3.69,Y
10081,DP10082,Pooja F,Mumbai,Bike,Full-time,3.52,Y
10082,DP10083,Arjun Z,Delhi,Bike,Full-time,4.22,Y
10083,DP10084,Meena K,Hyderabad,Bike,Contract,4.3,Y
10084,DP10085,Neha U,Bengaluru,Scooter,Part-time,4.33,Y
10085,DP10086,Amit L,Pune,Bike,Contract,3.32,Y
10086,DP10087,Kiran G,Hyderabad,Scooter,Contract,4.63,Y
10087,DP10088,Priya D,Hyderabad,Scooter,Full-time,4.52,Y
10088,DP10089,Priya R,Bengaluru,Scooter,Full-time,4.37,Y
10089,DP10090,Nikhil U,Pune,Scooter,Full-time,4.38,N
10090,DP10091,Divya L,Delhi,Cycle,Full-time,4.32,Y
10091,DP10092,Shreya S,Bengaluru,Car,Full-time,4.78,Y
10092,DP10093,Pooja R,Delhi,Scooter,Part-time,4.62,Y
10093,DP10094,Nikhil W,Delhi,Bike,Full-time,3.85,Y
10094,DP10095,Ananya I,Mumbai,Car,Full-time,3.76,N
10095,DP10096,Kiran D,Pune,Cycle,Contract,3.95,Y
10096,DP10097,Deepak V,Chennai,Scooter,Full-time,4.2,Y
10097,DP10098,Deepak R,Hyderabad,Scooter,Part-time,4.5,Y
10098,DP10099,Ravi Z,Bengaluru,Scooter,Full-time,4.33,Y
10099,DP10100,Rakesh S,Bengaluru,Scooter,Part-time,4.3,Y
10100,DP10101,Meena C,Chennai,Scooter,Full-time,4.03,Y
10101,DP10102,Vikas W,Pune,Scooter,Contract,4.31,N
10102,DP10103,Deepak J,Bengaluru,Bike,Part-time,4.63,Y
10103,DP10104,Neha Q,Mumbai,Bike,Part-time,3.26,Y
10104,DP10105,Priya K,Mumbai,Bike,Part-time,4.45,Y
10105,DP10106,Rahul Q,Chennai,Bike,Full-time,3.9,Y
10106,DP10107,Suresh L,Chennai,Scooter,Full-time,4.49,Y
10107,DP10108,Santosh H,Bengaluru,Bike,Full-time,4.18,Y
10108,DP10109,Nikhil T,Bengaluru,Scooter,Part-time,4.4,Y
10109,DP10110,Meena H,Delhi,Bike,Part-time,4.71,Y
10110,DP10111,Nikhil X,Ahmedabad,Bike,Full-time,3.94,Y
10111,DP10112,Pooja Q,Ahmedabad,Scooter,Part-time,4.18,Y
10112,DP10113,Ananya J,Kolkata,Bike,Part-time,4.18,Y
10113,DP10114,Ananya S,Delhi,Bike,Contract,4.07,Y
10114,DP10115,Vikas S,Kolkata,Scooter,Full-time,4.22,Y
10115,DP10116,Rahul J,Bengaluru,Bike,Full-time,4.19,Y
10116,DP10117,Amit B,Ahmedabad,Car,Full-time,4.51,Y
10117,DP10118,Santosh D,Ahmedabad,Cycle,Full-time,4.09,Y
10118,DP10119,Neha R,Hyderabad,Bike,Full-time,4.02,Y
10119,DP10120,Sneha L,Mumbai,Bike,Part-time,4.19,Y
10120,DP10121,Rakesh R,Delhi,Bike,Part-time,4.02,Y
10121,DP10122,Ravi M,Delhi,Scooter,Full-time,3.97,Y
10122,DP10123,Manoj Q,Bengaluru,Scooter,Contract,3.89,Y
10123,DP10124,Pooja P,Pune,Bike,Part-time,4.73,Y
10124,DP10125,Santosh S,Bengaluru,Bike,Part-time,4.27,Y
10125,DP10126,Amit K,Pune,Bike,Full-time,4.29,N
10126,DP10127,Rahul F,Mumbai,Bike,Full-time,4.27,Y
10127,DP10128,Meena E,Ahmedabad,Scooter,Full-time,4.47,Y
10128,DP10129,Amit Z,Bengaluru,Cycle,Full-time,4.17,Y
10129,DP10130,Nikhil F,Delhi,Scooter,Contract,4.29,Y
10130,DP10131,Neha K,Chennai,Scooter,Part-time,4.68,Y
10131,DP10132,Ananya B,Delhi,Bike,Full-time,4.09,Y
10132,DP10133,Ananya K,Kolkata,Bike,Part-time,4.04,N
10133,DP10134,Santosh Q,Bengaluru,Scooter,Part-time,4.56,N
10134,DP10135,Arjun W,Kolkata,Bike,Part-time,4.38,Y
10135,DP10136,Nikhil H,Chennai,Scooter,Full-time,4.66,Y
10136,DP10137,Priya V,Bengaluru,Bike,Full-time,4.33,Y
10137,DP10138,Kiran M,Hyderabad,Bike,Full-time,3.85,Y
10138,DP10139,Nikhil W,Bengaluru,Scooter,Part-time,4.14,Y
10139,DP10140,Santosh L,Chennai,Bike,Part-time,3.89,Y
10140,DP10141,Vikas Z,Delhi,Scooter,Full-time,4.23,Y
10141,DP10142,Deepak X,Kolkata,Scooter,Part-time,4.57,Y
10142,DP10143,Deepak J,Delhi,Bike,Contract,4.25,Y
10143,DP10144,Kiran I,Hyderabad,Cycle,Full-time,4.56,Y
10144,DP10145,Kiran V,Pune,Scooter,Full-time,4.45,Y
10145,DP10146,Pooja G,Bengaluru,Scooter,Part-time,4.07,Y
10146,DP10147,Neha Q,Delhi,Bike,Part-time,4.35,Y
10147,DP10148,Suresh K,Hyderabad,Scooter,Full-time,4.57,Y
10148,DP10149,Santosh Q,Mumbai,Cycle,Part-time,4.3,Y
10149,DP10150,Divya L,Chennai,Scooter,Full-time,4.22,Y
10150,DP10151,Pooja C,Mumbai,Bike,Contract,4.03,Y
10151,DP10152,Divya P,Mumbai,Car,Part-time,3.83,Y
10152,DP10153,Deepak U,Bengaluru,Bike,Contract,4.89,Y
10153,DP10154,Meena J,Delhi,Scooter,Part-time,4.11,N
10154,DP10155,Ananya E,Ahmedabad,Scooter,Part-time,3.76,Y
10155,DP10156,Rakesh M,Bengaluru,Scooter,Full-time,4.06,Y
10156,DP10157,Manoj H,Delhi,Scooter,Contract,4.55,Y
10157,DP10158,Santosh A,Mumbai,Scooter,Full-time,4.05,Y
10158,DP10159,Pooja J,Delhi,Scooter,Part-time,3.99,Y
10159,DP10160,Neha X,Bengaluru,Scooter,Part-time,4.38,Y
10160,DP10161,Arjun H,Chennai,Car,Full-time,4.5,Y
10161,DP10162,Arjun Q,Pune,Scooter,Full-time,3.73,Y
10162,DP10163,Vikas W,Delhi,Cycle,Full-time,3.96,Y
10163,DP10164,Priya P,Ahmedabad,Bike,Full-time,3.9,N
10164,DP10165,Suresh Y,Delhi,Bike,Contract,4.22,Y
10165,DP10166,Meena I,Bengaluru,Cycle,Full-time,4.1,Y
10166,DP10167,Nikhil R,Bengaluru,Bike,Full-time,4.76,Y
10167,DP10168,Ananya G,Chennai,Bike,Full-time,4.23,Y
10168,DP10169,Rakesh R,Bengaluru,Scooter,Part-time,4.74,Y
10169,DP10170,Manoj V,Chennai,Bike,Full-time,3.76,Y
10170,DP10171,Deepak V,Mumbai,Scooter,Full-time,4.07,Y
10171,DP10172,Santosh P,Delhi,Scooter,Full-time,4.47,Y
10172,DP10173,Arjun W,Delhi,Cycle,Full-time,4.49,Y
10173,DP10174,Nikhil Z,Kolkata,Cycle,Contract,4.11,Y
10174,DP10175,Neha U,Bengaluru,Bike,Full-time,3.59,Y
10175,DP10176,Ananya U,Kolkata,Scooter,Part-time,4.37,Y
10176,DP10177,Vikas C,Ahmedabad,Bike,Full-time,3.58,Y
10177,DP10178,Amit H,Delhi,Scooter,Contract,4.26,Y
10178,DP10179,Rakesh O,Delhi,Cycle,Part-time,3.61,Y
10179,DP10180,Santosh Z,Bengaluru,Bike,Part-time,4.23,Y
10180,DP10181,Shreya S,Hyderabad,Cycle,Full-time,4.44,Y
10181,DP10182,Priya W,Bengaluru,Scooter,Part-time,4.46,Y
10182,DP10183,Kiran K,Bengaluru,Scooter,Contract,4.21,Y
10183,DP10184,Kiran C,Bengaluru,Bike,Part-time,4.11,Y
10184,DP10185,Ananya J,Bengaluru,Scooter,Full-time,4.16,Y
10185,DP10186,Nikhil B,Chennai,Bike,Part-time,3.23,Y
10186,DP10187,Vikas T,Mumbai,Scooter,Part-time,4.57,Y
10187,DP10188,Vikas G,Hyderabad,Bike,Part-time,3.8,Y
10188,DP10189,Pooja F,Bengaluru,Scooter,Full-time,3.87,Y
10189,DP10190,Vikas F,Bengaluru,Scooter,Part-time,4.14,Y
10190,DP10191,Arjun G,Hyderabad,Car,Contract,3.63,Y
10191,DP10192,Manoj Z,Delhi,Bike,Full-time,3.97,Y
10192,DP10193,Meena Z,Delhi,Bike,Full-time,4.09,Y
10193,DP10194,Vikas T,Bengaluru,Bike,Part-time,3.7,Y
10194,DP10195,Vikas D,Delhi,Scooter,Contract,4.08,Y
10195,DP10196,Pooja M,Bengaluru,Bike,Contract,3.85,Y
10196,DP10197,Pooja K,Bengaluru,Scooter,Contract,3.69,Y
10197,DP10198,Sneha Y,Delhi,Scooter,Full-time,3.94,Y
10198,DP10199,Suresh O,Bengaluru,Scooter,Full-time,4.48,Y
10199,DP10200,Shreya G,Pune,Bike,Full-time,4.13,Y
10200,DP10201,Rahul M,Chennai,Car,Contract,4.61,Y
10201,DP10202,Shreya Y,Bengaluru,Cycle,Full-time,3.58,Y
10202,DP10203,Santosh S,Chennai,Bike,Contract,4.1,Y
10203,DP10204,Pooja Z,Bengaluru,Bike,Part-time,4.33,Y
10204,DP10205,Divya S,Mumbai,Scooter,Full-time,4.36,N
10205,DP10206,Santosh D,Hyderabad,Bike,Part-time,4.25,Y
10206,DP10207,Santosh T,Pune,Bike,Full-time,4.35,Y
10207,DP10208,Sneha M,Bengaluru,Scooter,Part-time,3.91,N
10208,DP10209,Nikhil F,Mumbai,Bike,Full-time,4.3,Y
10209,DP10210,Meena T,Bengaluru,Scooter,Part-time,4.02,N
10210,DP10211,Vikas R,Ahmedabad,Scooter,Part-time,4.01,N
10211,DP10212,Nikhil E,Kolkata,Bike,Full-time,4.39,Y
10212,DP10213,Sneha L,Bengaluru,Cycle,Part-time,4.51,Y
10213,DP10214,Priya S,Bengaluru,Scooter,Full-time,3.99,N
10214,DP10215,Amit J,Delhi,Bike,Contract,4.4,Y
10215,DP10216,Santosh K,Delhi,Scooter,Full-time,3.97,Y
10216,DP10217,Vikas L,Ahmedabad,Scooter,Full-time,4.46,Y
10217,DP10218,Amit S,Bengaluru,Bike,Part-time,3.68,Y
10218,DP10219,Ananya X,Kolkata,Bike,Part-time,3.93,N
10219,DP10220,Nikhil T,Bengaluru,Bike,Contract,4.09,Y
10220,DP10221,Ananya H,Bengaluru,Scooter,Full-time,3.95,N
10221,DP10222,Priya V,Bengaluru,Scooter,Full-time,4.72,Y
10222,DP10223,Suresh D,Ahmedabad,Bike,Full-time,4.45,Y
10223,DP10224,Suresh Y,Kolkata,Scooter,Full-time,4.1,Y
10224,DP10225,Priya D,Chennai,Scooter,Part-time,4.15,Y
10225,DP10226,Shreya A,Mumbai,Scooter,Part-time,4.12,Y
10226,DP10227,Manoj F,Hyderabad,Bike,Full-time,4.04,Y
10227,DP10228,Divya A,Bengaluru,Scooter,Contract,4.2,Y
10228,DP10229,Rahul C,Kolkata,Bike,Contract,3.57,Y
10229,DP10230,Sneha C,Ahmedabad,Car,Full-time,4.84,Y
10230,DP10231,Amit A,Pune,Scooter,Full-time,4.41,Y
10231,DP10232,Arjun A,Kolkata,Scooter,Full-time,4.16,Y
10232,DP10233,Kiran Z,Delhi,Scooter,Full-time,4.76,Y
10233,DP10234,Vikas E,Bengaluru,Bike,Part-time,4.29,Y
10234,DP10235,Pooja Y,Hyderabad,Cycle,Full-time,4.31,Y
10235,DP10236,Shreya U,Pune,Cycle,Contract,3.66,Y
10236,DP10237,Divya Z,Bengaluru,Cycle,Part-time,4.19,Y
10237,DP10238,Divya Q,Mumbai,Bike,Part-time,3.94,Y
10238,DP10239,Ananya Q,Mumbai,Scooter,Part-time,3.74,Y
10239,DP10240,Amit J,Mumbai,Cycle,Contract,3.8,Y
10240,DP10241,Suresh L,Hyderabad,Bike,Full-time,4.75,Y
10241,DP10242,Divya G,Bengaluru,Bike,Contract,4.17,N
10242,DP10243,Kiran E,Bengaluru,Scooter,Full-time,4.46,N
10243,DP10244,Neha U,Hyderabad,Bike,Part-time,4.63,Y
10244,DP10245,Rakesh M,Ahmedabad,Scooter,Contract,4.21,Y
10245,DP10246,Nikhil D,Bengaluru,Scooter,Full-time,3.49,Y
10246,DP10247,Santosh L,Delhi,Scooter,Contract,4.83,Y
10247,DP10248,Rakesh V,Chennai,Bike,Contract,3.97,N
10248,DP10249,Ravi O,Chennai,Bike,Full-time,4.07,Y
10249,DP10250,Kiran R,Kolkata,Scooter,Full-time,4.39,Y
10250,DP10251,Pooja M,Mumbai,Bike,Contract,3.8,Y
10251,DP10252,Ananya K,Mumbai,Scooter,Part-time,4.28,Y
10252,DP10253,Pooja M,Chennai,Bike,Part-time,3.87,Y
10253,DP10254,Sneha K,Bengaluru,Bike,Part-time,4.05,Y
10254,DP10255,Arjun N,Chennai,Scooter,Full-time,4.24,Y
10255,DP10256,Suresh N,Kolkata,Scooter,Part-time,4.13,Y
10256,DP10257,Ravi M,Mumbai,Scooter,Full-time,3.84,Y
10257,DP10258,Vikas Y,Chennai,Scooter,Part-time,4.67,Y
10258,DP10259,Santosh P,Bengaluru,Scooter,Part-time,4.42,Y
10259,DP10260,Nikhil L,Mumbai,Bike,Part-time,4.16,Y
10260,DP10261,Shreya C,Mumbai,Car,Contract,4.96,Y
10261,DP10262,Shreya Z,Bengaluru,Scooter,Full-time,4.33,Y
10262,DP10263,Suresh W,Delhi,Cycle,Part-time,3.64,N
10263,DP10264,Arjun Q,Chennai,Bike,Contract,3.6,Y
10264,DP10265,Vikas J,Pune,Cycle,Full-time,3.92,Y
10265,DP10266,Santosh N,Mumbai,Scooter,Contract,3.76,Y
10266,DP10267,Rahul K,Delhi,Bike,Full-time,3.98,Y
10267,DP10268,Divya F,Ahmedabad,Bike,Full-time,3.89,Y
10268,DP10269,Arjun M,Chennai,Bike,Full-time,3.69,Y
10269,DP10270,Divya W,Pune,Scooter,Full-time,3.95,Y
10270,DP10271,Suresh H,Bengaluru,Bike,Full-time,4.35,Y
10271,DP10272,Rakesh P,Bengaluru,Bike,Full-time,3.95,Y
10272,DP10273,Nikhil H,Ahmedabad,Bike,Full-time,4.25,Y
10273,DP10274,Priya L,Bengaluru,Scooter,Contract,4.64,Y
10274,DP10275,Neha F,Ahmedabad,Cycle,Full-time,4.35,Y
10275,DP10276,Rahul T,Delhi,Scooter,Part-time,4.11,Y
10276,DP10277,Pooja H,Mumbai,Scooter,Contract,4.67,Y
10277,DP10278,Ananya K,Mumbai,Scooter,Part-time,4.35,N
10278,DP10279,Rakesh K,Bengaluru,Bike,Contract,4.06,Y
10279,DP10280,Divya L,Delhi,Cycle,Contract,4.27,Y
10280,DP10281,Divya O,Chennai,Bike,Full-time,4.35,Y
10281,DP10282,Meena T,Mumbai,Scooter,Full-time,4.37,Y
10282,DP10283,Rahul W,Delhi,Cycle,Part-time,3.83,Y
10283,DP10284,Ravi I,Mumbai,Scooter,Full-time,4.48,Y
10284,DP10285,Kiran U,Chennai,Bike,Contract,3.92,Y
10285,DP10286,Rahul M,Delhi,Scooter,Part-time,4.45,Y
10286,DP10287,Vikas C,Hyderabad,Bike,Part-time,4.25,Y
10287,DP10288,Divya R,Hyderabad,Bike,Contract,4.07,Y
10288,DP10289,Meena J,Hyderabad,Cycle,Full-time,4.36,Y
10289,DP10290,Rahul L,Hyderabad,Scooter,Contract,4.14,Y
10290,DP10291,Manoj P,Mumbai,Scooter,Full-time,4.11,Y
10291,DP10292,Deepak G,Mumbai,Scooter,Full-time,4.13,Y
10292,DP10293,Ananya O,Kolkata,Cycle,Part-time,4.46,Y
10293,DP10294,Suresh F,Bengaluru,Scooter,Contract,4.76,Y
10294,DP10295,Kiran A,Bengaluru,Cycle,Part-time,4.19,Y
10295,DP10296,Ananya B,Bengaluru,Scooter,Contract,4.03,Y
10296,DP10297,Arjun B,Bengaluru,Scooter,Full-time,3.79,N
10297,DP10298,Ananya M,Mumbai,Scooter,Full-time,3.49,Y
10298,DP10299,Amit A,Kolkata,Bike,Full-time,4.11,Y
10299,DP10300,Neha F,Kolkata,Bike,Part-time,4.3,Y
10300,DP10301,Shreya D,Delhi,Scooter,Full-time,4.43,Y
10301,DP10302,Rakesh U,Kolkata,Scooter,Part-time,4.17,N
10302,DP10303,Shreya R,Ahmedabad,Scooter,Full-time,4.13,Y
10303,DP10304,Deepak W,Delhi,Bike,Contract,4.27,Y
10304,DP10305,Suresh V,Delhi,Cycle,Full-time,4.35,Y
10305,DP10306,Amit O,Bengaluru,Cycle,Full-time,4.1,Y
10306,DP10307,Santosh I,Ahmedabad,Bike,Full-time,4.14,Y
10307,DP10308,Vikas D,Hyderabad,Scooter,Full-time,4.44,Y
10308,DP10309,Nikhil Y,Mumbai,Scooter,Full-time,4.3,Y
10309,DP10310,Rakesh S,Chennai,Bike,Part-time,4.13,Y
10310,DP10311,Shreya E,Ahmedabad,Cycle,Full-time,4.53,Y
10311,DP10312,Amit O,Delhi,Bike,Full-time,4.27,Y
10312,DP10313,Suresh L,Ahmedabad,Bike,Part-time,4.03,Y
10313,DP10314,Vikas K,Bengaluru,Scooter,Full-time,3.77,Y
10314,DP10315,Amit B,Ahmedabad,Scooter,Part-time,4.17,Y
10315,DP10316,Rahul L,Bengaluru,Scooter,Full-time,4.12,Y
10316,DP10317,Ravi B,Ahmedabad,Car,Full-time,3.87,Y
10317,DP10318,Shreya Y,Chennai,Scooter,Part-time,3.97,Y
10318,DP10319,Kiran O,Kolkata,Scooter,Contract,4.45,Y
10319,DP10320,Meena X,Kolkata,Scooter,Part-time,4.58,Y
10320,DP10321,Nikhil R,Chennai,Bike,Full-time,4.06,Y
10321,DP10322,Sneha G,Kolkata,Cycle,Full-time,4.27,Y
10322,DP10323,Priya L,Mumbai,Cycle,Contract,4.23,Y
10323,DP10324,Priya Z,Pune,Scooter,Full-time,3.76,Y
10324,DP10325,Arjun Z,Delhi,Bike,Full-time,4.08,N
10325,DP10326,Santosh E,Mumbai,Cycle,Part-time,4.02,Y
10326,DP10327,Nikhil Z,Kolkata,Bike,Part-time,4.16,Y
10327,DP10328,Ananya C,Bengaluru,Bike,Contract,4.6,Y
10328,DP10329,Arjun X,Bengaluru,Car,Part-time,4.0,N
10329,DP10330,Amit U,Mumbai,Scooter,Full-time,4.25,Y
10330,DP10331,Vikas I,Pune,Scooter,Full-time,4.13,Y
10331,DP10332,Divya X,Bengaluru,Scooter,Full-time,4.29,Y
10332,DP10333,Neha C,Bengaluru,Scooter,Part-time,4.28,Y
10333,DP10334,Meena J,Hyderabad,Scooter,Part-time,4.21,Y
10334,DP10335,Amit D,Bengaluru,Bike,Contract,4.42,Y
10335,DP10336,Vikas K,Bengaluru,Scooter,Full-time,4.06,Y
10336,DP10337,Deepak K,Hyderabad,Bike,Part-time,4.75,Y
10337,DP10338,Pooja X,Mumbai,Bike,Full-time,4.56,Y
10338,DP10339,Priya H,Mumbai,Cycle,Part-time,4.62,Y
10339,DP10340,Manoj D,Mumbai,Bike,Full-time,3.89,Y
10340,DP10341,Deepak N,Mumbai,Scooter,Part-time,3.82,Y
10341,DP10342,Deepak Y,Pune,Bike,Full-time,4.4,N
10342,DP10343,Amit L,Chennai,Bike,Contract,4.15,Y
10343,DP10344,Rakesh X,Hyderabad,Bike,Part-time,4.65,Y
10344,DP10345,Suresh H,Ahmedabad,Scooter,Full-time,3.88,Y
10345,DP10346,Pooja X,Bengaluru,Cycle,Full-time,4.2,Y
10346,DP10347,Divya D,Bengaluru,Car,Contract,4.33,N
10347,DP10348,Neha V,Chennai,Bike,Full-time,4.06,Y
10348,DP10349,Divya R,Bengaluru,Bike,Contract,3.68,Y
10349,DP10350,Arjun O,Kolkata,Bike,Full-time,4.56,Y
10350,DP10351,Santosh I,Mumbai,Cycle,Full-time,4.52,Y
10351,DP10352,Santosh G,Hyderabad,Scooter,Full-time,4.11,Y
10352,DP10353,Divya S,Delhi,Scooter,Full-time,4.09,Y
10353,DP10354,Amit W,Delhi,Scooter,Part-time,4.0,Y
10354,DP10355,Divya N,Mumbai,Cycle,Contract,4.18,Y
10355,DP10356,Rahul V,Chennai,Scooter,Full-time,4.16,Y
10356,DP10357,Neha O,Chennai,Bike,Full-time,4.29,Y
10357,DP10358,Meena I,Chennai,Bike,Contract,4.12,Y
10358,DP10359,Kiran W,Chennai,Bike,Part-time,4.07,N
10359,DP10360,Amit T,Mumbai,Scooter,Part-time,4.31,N
10360,DP10361,Ravi M,Hyderabad,Cycle,Contract,4.5,N
10361,DP10362,Pooja A,Bengaluru,Scooter,Full-time,4.47,Y
10362,DP10363,Arjun T,Delhi,Bike,Part-time,4.4,N
10363,DP10364,Nikhil H,Kolkata,Scooter,Full-time,4.28,Y
10364,DP10365,Amit O,Bengaluru,Scooter,Full-time,4.21,Y
10365,DP10366,Priya W,Bengaluru,Scooter,Contract,4.06,Y
10366,DP10367,Arjun C,Bengaluru,Cycle,Full-time,4.21,N
10367,DP10368,Ravi K,Chennai,Bike,Contract,3.56,Y
10368,DP10369,Neha G,Pune,Scooter,Full-time,4.5,Y
10369,DP10370,Arjun G,Bengaluru,Scooter,Part-time,4.36,Y
10370,DP10371,Kiran P,Delhi,Bike,Contract,4.22,Y
10371,DP10372,Ravi M,Bengaluru,Cycle,Full-time,4.39,Y
10372,DP10373,Pooja G,Chennai,Bike,Full-time,4.55,Y
10373,DP10374,Amit U,Bengaluru,Bike,Part-time,4.35,Y
10374,DP10375,Santosh X,Chennai,Scooter,Part-time,3.78,Y
10375,DP10376,Divya Q,Bengaluru,Cycle,Full-time,3.87,Y
10376,DP10377,Deepak H,Hyderabad,Scooter,Part-time,3.61,Y
10377,DP10378,Vikas Z,Ahmedabad,Bike,Part-time,4.51,Y
10378,DP10379,Priya O,Bengaluru,Bike,Part-time,3.94,N
10379,DP10380,Pooja C,Mumbai,Car,Contract,4.87,Y
10380,DP10381,Nikhil D,Chennai,Scooter,Full-time,3.93,Y
10381,DP10382,Rahul U,Bengaluru,Scooter,Full-time,4.53,Y
10382,DP10383,Vikas R,Bengaluru,Bike,Part-time,4.24,Y
10383,DP10384,Kiran B,Bengaluru,Cycle,Full-time,4.26,Y
10384,DP10385,Suresh J,Delhi,Bike,Part-time,4.71,Y
10385,DP10386,Vikas U,Hyderabad,Bike,Contract,4.22,Y
10386,DP10387,Vikas R,Bengaluru,Scooter,Part-time,4.45,Y
10387,DP10388,Arjun Q,Ahmedabad,Cycle,Part-time,4.43,Y
10388,DP10389,Rakesh R,Chennai,Bike,Full-time,4.52,Y
10389,DP10390,Vikas N,Chennai,Bike,Contract,3.85,N
10390,DP10391,Santosh H,Hyderabad,Bike,Full-time,4.02,Y
10391,DP10392,Suresh C,Bengaluru,Bike,Full-time,4.4,Y
10392,DP10393,Rakesh C,Hyderabad,Scooter,Full-time,4.27,Y
10393,DP10394,Neha I,Kolkata,Scooter,Part-time,4.24,Y
10394,DP10395,Deepak D,Delhi,Scooter,Part-time,4.23,Y
10395,DP10396,Meena R,Ahmedabad,Scooter,Part-time,4.21,Y
10396,DP10397,Kiran G,Delhi,Bike,Part-time,4.08,Y
10397,DP10398,Rahul C,Kolkata,Scooter,Part-time,4.17,Y
10398,DP10399,Arjun F,Chennai,Scooter,Full-time,3.86,Y
10399,DP10400,Deepak V,Bengaluru,Bike,Full-time,4.61,Y
10400,DP10401,Ananya V,Bengaluru,Scooter,Part-time,4.25,N
10401,DP10402,Priya A,Chennai,Bike,Full-time,4.03,Y
10402,DP10403,Manoj O,Chennai,Cycle,Full-time,3.83,Y
10403,DP10404,Rahul E,Chennai,Cycle,Full-time,3.74,Y
10404,DP10405,Ananya U,Kolkata,Scooter,Part-time,4.26,Y
10405,DP10406,Neha X,Mumbai,Car,Part-time,4.41,Y
10406,DP10407,Pooja C,Ahmedabad,Bike,Full-time,4.09,Y
10407,DP10408,Amit C,Hyderabad,Scooter,Full-time,4.25,Y
10408,DP10409,Divya H,Mumbai,Cycle,Part-time,4.15,Y
10409,DP10410,Ananya S,Pune,Scooter,Full-time,4.04,Y
10410,DP10411,Shreya J,Hyderabad,Car,Full-time,4.24,N
10411,DP10412,Deepak W,Chennai,Bike,Part-time,4.62,Y
10412,DP10413,Neha G,Delhi,Cycle,Contract,3.99,Y
10413,DP10414,Vikas X,Bengaluru,Bike,Full-time,4.68,Y
10414,DP10415,Nikhil E,Bengaluru,Scooter,Contract,4.55,Y
10415,DP10416,Neha C,Mumbai,Scooter,Full-time,4.32,N
10416,DP10417,Vikas A,Bengaluru,Bike,Full-time,3.61,Y
10417,DP10418,Vikas L,Chennai,Bike,Full-time,4.58,Y
10418,DP10419,Arjun S,Delhi,Scooter,Part-time,4.4,Y
10419,DP10420,Deepak M,Bengaluru,Scooter,Contract,3.96,Y
10420,DP10421,Sneha I,Pune,Scooter,Full-time,4.02,Y
10421,DP10422,Ananya I,Ahmedabad,Bike,Part-time,4.28,Y
10422,DP10423,Ananya Y,Pune,Scooter,Contract,4.11,Y
10423,DP10424,Kiran T,Kolkata,Scooter,Contract,4.07,Y
10424,DP10425,Kiran Y,Hyderabad,Bike,Contract,4.99,Y
10425,DP10426,Pooja H,Ahmedabad,Bike,Full-time,3.57,Y
10426,DP10427,Ravi J,Bengaluru,Scooter,Part-time,4.23,Y
10427,DP10428,Divya L,Bengaluru,Cycle,Contract,3.85,Y
10428,DP10429,Divya U,Ahmedabad,Scooter,Contract,4.13,Y
10429,DP10430,Neha Y,Delhi,Bike,Full-time,3.81,N
10430,DP10431,Shreya L,Bengaluru,Bike,Full-time,3.96,Y
10431,DP10432,Ananya K,Bengaluru,Scooter,Full-time,4.39,Y
10432,DP10433,Shreya A,Chennai,Bike,Part-time,4.21,Y
10433,DP10434,Vikas A,Bengaluru,Scooter,Full-time,4.24,Y
10434,DP10435,Meena C,Delhi,Scooter,Full-time,4.48,Y
10435,DP10436,Neha E,Delhi,Scooter,Full-time,4.22,Y
10436,DP10437,Rahul L,Delhi,Scooter,Full-time,4.44,Y
10437,DP10438,Arjun J,Chennai,Cycle,Part-time,4.12,Y
10438,DP10439,Vikas P,Hyderabad,Bike,Full-time,4.11,Y
10439,DP10440,Arjun K,Bengaluru,Scooter,Contract,4.31,Y
10440,DP10441,Santosh U,Mumbai,Cycle,Full-time,4.44,Y
10441,DP10442,Shreya W,Chennai,Bike,Part-time,4.59,Y
10442,DP10443,Neha Q,Bengaluru,Car,Full-time,4.1,Y
10443,DP10444,Manoj U,Mumbai,Cycle,Part-time,4.47,Y
10444,DP10445,Amit E,Bengaluru,Car,Full-time,4.34,N
10445,DP10446,Ananya S,Delhi,Scooter,Part-time,4.54,N
10446,DP10447,Priya C,Hyderabad,Cycle,Full-time,4.02,Y
10447,DP10448,Divya R,Hyderabad,Scooter,Part-time,4.02,Y
10448,DP10449,Divya A,Mumbai,Scooter,Full-time,4.03,N
10449,DP10450,Rakesh G,Bengaluru,Scooter,Part-time,3.95,Y
10450,DP10451,Rakesh O,Pune,Cycle,Full-time,4.37,Y
10451,DP10452,Priya U,Bengaluru,Scooter,Part-time,3.98,Y
10452,DP10453,Suresh J,Delhi,Bike,Part-time,4.25,N
10453,DP10454,Vikas D,Chennai,Bike,Part-time,4.78,Y
10454,DP10455,Priya M,Bengaluru,Scooter,Part-time,4.52,Y
10455,DP10456,Manoj L,Mumbai,Bike,Full-time,4.06,Y
10456,DP10457,Suresh U,Bengaluru,Bike,Contract,4.61,Y
10457,DP10458,Kiran V,Delhi,Scooter,Full-time,4.01,Y
10458,DP10459,Nikhil G,Mumbai,Scooter,Part-time,4.34,Y
10459,DP10460,Arjun F,Hyderabad,Bike,Full-time,4.16,Y
10460,DP10461,Santosh Z,Delhi,Scooter,Contract,4.47,Y
10461,DP10462,Sneha P,Mumbai,Scooter,Contract,3.96,Y
10462,DP10463,Vikas K,Bengaluru,Scooter,Part-time,4.05,Y
10463,DP10464,Priya A,Ahmedabad,Bike,Full-time,4.46,Y
10464,DP10465,Meena I,Hyderabad,Car,Part-time,4.46,Y
10465,DP10466,Meena L,Mumbai,Scooter,Full-time,4.18,Y
10466,DP10467,Santosh D,Delhi,Cycle,Full-time,4.21,Y
10467,DP10468,Deepak T,Mumbai,Car,Part-time,4.32,Y
10468,DP10469,Manoj F,Delhi,Scooter,Full-time,4.17,Y
10469,DP10470,Pooja W,Chennai,Cycle,Full-time,3.87,Y
10470,DP10471,Pooja V,Delhi,Bike,Full-time,4.18,Y
10471,DP10472,Manoj A,Bengaluru,Scooter,Full-time,4.45,N
10472,DP10473,Vikas I,Bengaluru,Scooter,Part-time,4.98,Y
10473,DP10474,Meena V,Bengaluru,Bike,Full-time,4.26,Y
10474,DP10475,Kiran Q,Mumbai,Cycle,Part-time,4.44,Y
10475,DP10476,Deepak G,Mumbai,Bike,Part-time,4.66,Y
10476,DP10477,Ananya R,Bengaluru,Bike,Contract,4.34,Y
10477,DP10478,Meena I,Bengaluru,Scooter,Full-time,4.24,Y
10478,DP10479,Priya K,Mumbai,Bike,Part-time,4.51,Y
10479,DP10480,Suresh V,Ahmedabad,Car,Part-time,4.2,Y
10480,DP10481,Ananya O,Hyderabad,Bike,Full-time,3.97,Y
10481,DP10482,Vikas S,Delhi,Bike,Part-time,3.76,N
10482,DP10483,Nikhil W,Mumbai,Scooter,Contract,3.7,Y
10483,DP10484,Meena U,Bengaluru,Bike,Full-time,4.49,Y
10484,DP10485,Santosh J,Kolkata,Car,Full-time,4.37,Y
10485,DP10486,Nikhil Q,Chennai,Bike,Full-time,4.19,Y
10486,DP10487,Suresh K,Chennai,Scooter,Contract,4.45,Y
10487,DP10488,Neha O,Pune,Scooter,Contract,5.0,Y
10488,DP10489,Vikas H,Bengaluru,Scooter,Full-time,4.77,Y
10489,DP10490,Ananya V,Hyderabad,Scooter,Full-time,4.09,Y
10490,DP10491,Ravi K,Bengaluru,Scooter,Full-time,3.66,Y
10491,DP10492,Shreya W,Mumbai,Bike,Part-time,4.51,Y
10492,DP10493,Arjun O,Delhi,Scooter,Full-time,4.8,Y
10493,DP10494,Neha X,Bengaluru,Scooter,Full-time,3.73,Y
10494,DP10495,Sneha T,Mumbai,Scooter,Full-time,4.49,Y
10495,DP10496,Arjun N,Pune,Bike,Part-time,4.28,Y
10496,DP10497,Pooja T,Bengaluru,Scooter,Contract,4.41,Y
10497,DP10498,Manoj P,Bengaluru,Scooter,Contract,4.25,Y
10498,DP10499,Santosh J,Delhi,Scooter,Full-time,4.32,Y
10499,DP10500,Rahul F,Delhi,Bike,Full-time,4.64,Y
10500,DP10501,Vikas P,Kolkata,Bike,Full-time,4.5,Y
10501,DP10502,Deepak W,Ahmedabad,Bike,Full-time,4.23,Y
10502,DP10503,Nikhil E,Kolkata,Bike,Contract,4.45,Y
10503,DP10504,Vikas K,Ahmedabad,Scooter,Full-time,4.19,Y
10504,DP10505,Sneha S,Delhi,Scooter,Full-time,4.64,Y
10505,DP10506,Vikas U,Bengaluru,Scooter,Full-time,3.84,Y
10506,DP10507,Shreya V,Mumbai,Scooter,Full-time,4.3,Y
10507,DP10508,Priya Z,Bengaluru,Bike,Contract,3.94,Y
10508,DP10509,Suresh N,Bengaluru,Scooter,Full-time,4.6,N
10509,DP10510,Ravi X,Pune,Bike,Part-time,4.65,Y
10510,DP10511,Kiran S,Mumbai,Cycle,Full-time,4.07,Y
10511,DP10512,Suresh B,Mumbai,Scooter,Full-time,3.98,Y
10512,DP10513,Deepak H,Ahmedabad,Bike,Full-time,4.42,Y
10513,DP10514,Shreya Q,Chennai,Cycle,Contract,4.24,Y
10514,DP10515,Santosh O,Bengaluru,Bike,Part-time,4.66,Y
10515,DP10516,Neha M,Mumbai,Scooter,Full-time,4.12,Y
10516,DP10517,Rakesh Q,Delhi,Scooter,Part-time,4.05,Y
10517,DP10518,Nikhil S,Ahmedabad,Scooter,Full-time,4.63,Y
10518,DP10519,Divya F,Delhi,Cycle,Full-time,3.99,Y
10519,DP10520,Vikas H,Kolkata,Bike,Part-time,4.16,Y
10520,DP10521,Sneha K,Pune,Cycle,Full-time,3.97,Y
10521,DP10522,Priya W,Chennai,Cycle,Full-time,4.39,Y
10522,DP10523,Ananya G,Bengaluru,Bike,Full-time,4.1,Y
10523,DP10524,Rakesh X,Hyderabad,Scooter,Full-time,4.21,N
10524,DP10525,Priya Z,Bengaluru,Cycle,Full-time,3.83,Y
10525,DP10526,Neha B,Delhi,Cycle,Part-time,4.75,Y
10526,DP10527,Rakesh U,Kolkata,Bike,Part-time,4.07,Y
10527,DP10528,Deepak F,Bengaluru,Scooter,Full-time,4.41,Y
10528,DP10529,Santosh H,Chennai,Scooter,Contract,4.03,N
10529,DP10530,Divya H,Bengaluru,Bike,Full-time,3.84,Y
10530,DP10531,Priya T,Mumbai,Bike,Part-time,5.0,Y
10531,DP10532,Vikas L,Mumbai,Bike,Full-time,4.02,Y
10532,DP10533,Vikas X,Delhi,Bike,Full-time,4.34,Y
10533,DP10534,Pooja K,Delhi,Bike,Contract,4.43,Y
10534,DP10535,Ravi S,Mumbai,Bike,Contract,4.23,Y
10535,DP10536,Kiran M,Hyderabad,Bike,Full-time,4.37,Y
10536,DP10537,Santosh P,Mumbai,Bike,Full-time,4.23,Y
10537,DP10538,Arjun I,Delhi,Scooter,Full-time,3.91,Y
10538,DP10539,Sneha U,Mumbai,Scooter,Full-time,4.4,Y
10539,DP10540,Ananya Z,Hyderabad,Scooter,Contract,3.85,Y
10540,DP10541,Nikhil A,Pune,Bike,Contract,4.06,Y
10541,DP10542,Neha M,Chennai,Bike,Contract,4.53,N
10542,DP10543,Shreya I,Ahmedabad,Cycle,Part-time,3.84,Y
10543,DP10544,Neha W,Delhi,Bike,Full-time,3.55,Y
10544,DP10545,Pooja V,Mumbai,Bike,Full-time,4.32,Y
10545,DP10546,Kiran L,Chennai,Bike,Part-time,3.98,Y
10546,DP10547,Shreya N,Bengaluru,Cycle,Full-time,4.47,Y
10547,DP10548,Meena T,Mumbai,Cycle,Full-time,3.75,N
10548,DP10549,Sneha W,Delhi,Bike,Full-time,4.38,Y
10549,DP10550,Vikas T,Delhi,Bike,Contract,4.25,Y
10550,DP10551,Neha F,Ahmedabad,Scooter,Part-time,4.13,Y
10551,DP10552,Deepak M,Bengaluru,Bike,Part-time,4.02,N
10552,DP10553,Ravi F,Pune,Scooter,Contract,4.7,Y
10553,DP10554,Santosh E,Delhi,Cycle,Part-time,4.59,Y
10554,DP10555,Manoj I,Chennai,Scooter,Contract,4.43,Y
10555,DP10556,Ravi Y,Chennai,Scooter,Contract,4.55,Y
10556,DP10557,Rakesh U,Chennai,Bike,Contract,4.5,Y
10557,DP10558,Divya D,Bengaluru,Scooter,Part-time,4.67,Y
10558,DP10559,Suresh E,Hyderabad,Scooter,Full-time,4.67,Y
10559,DP10560,Deepak K,Kolkata,Bike,Full-time,4.31,Y
10560,DP10561,Vikas N,Bengaluru,Bike,Contract,4.97,Y
10561,DP10562,Neha Q,Pune,Scooter,Part-time,4.71,Y
10562,DP10563,Manoj E,Pune,Bike,Part-time,4.12,Y
10563,DP10564,Rahul F,Bengaluru,Bike,Full-time,4.62,Y
10564,DP10565,Vikas V,Chennai,Cycle,Contract,4.15,Y
10565,DP10566,Neha S,Delhi,Scooter,Part-time,4.48,Y
10566,DP10567,Priya A,Pune,Bike,Full-time,4.35,Y
10567,DP10568,Amit G,Delhi,Bike,Full-time,4.09,N
10568,DP10569,Divya Y,Delhi,Bike,Part-time,4.79,Y
10569,DP10570,Neha K,Ahmedabad,Cycle,Part-time,4.22,Y
10570,DP10571,Kiran D,Chennai,Bike,Full-time,3.85,Y
10571,DP10572,Ananya T,Ahmedabad,Scooter,Full-time,4.04,Y
10572,DP10573,Rahul Z,Bengaluru,Bike,Full-time,3.81,N
10573,DP10574,Kiran E,Kolkata,Bike,Full-time,4.36,Y
10574,DP10575,Pooja Q,Mumbai,Scooter,Full-time,4.37,N
10575,DP10576,Ravi K,Bengaluru,Scooter,Full-time,4.45,Y
10576,DP10577,Meena L,Bengaluru,Scooter,Contract,4.27,Y
10577,DP10578,Ravi T,Ahmedabad,Scooter,Full-time,4.16,Y
10578,DP10579,Nikhil W,Mumbai,Bike,Full-time,3.9,Y
10579,DP10580,Priya B,Mumbai,Scooter,Part-time,4.72,Y
10580,DP10581,Ananya Y,Ahmedabad,Scooter,Full-time,3.55,Y
10581,DP10582,Sneha I,Hyderabad,Bike,Full-time,4.52,Y
10582,DP10583,Deepak Q,Delhi,Scooter,Full-time,3.81,Y
10583,DP10584,Amit V,Bengaluru,Bike,Full-time,4.03,Y
10584,DP10585,Pooja W,Bengaluru,Scooter,Full-time,4.47,Y
10585,DP10586,Deepak R,Hyderabad,Car,Contract,5.0,Y
10586,DP10587,Pooja M,Hyderabad,Bike,Full-time,4.31,Y
10587,DP10588,Manoj J,Bengaluru,Bike,Contract,3.92,Y
10588,DP10589,Shreya V,Delhi,Cycle,Part-time,4.07,Y
10589,DP10590,Ravi C,Delhi,Scooter,Full-time,3.7,N
10590,DP10591,Priya V,Kolkata,Bike,Part-time,4.24,Y
10591,DP10592,Deepak S,Delhi,Scooter,Part-time,3.88,Y
10592,DP10593,Kiran W,Bengaluru,Bike,Full-time,4.44,Y
10593,DP10594,Sneha G,Pune,Cycle,Full-time,4.42,Y
10594,DP10595,Divya H,Bengaluru,Bike,Full-time,4.07,Y
10595,DP10596,Rakesh I,Kolkata,Bike,Full-time,4.35,Y
10596,DP10597,Santosh T,Kolkata,Bike,Part-time,4.31,Y
10597,DP10598,Rahul H,Bengaluru,Scooter,Part-time,3.83,Y
10598,DP10599,Suresh F,Bengaluru,Bike,Part-time,3.74,Y
10599,DP10600,Shreya F,Delhi,Cycle,Full-time,4.17,Y
10600,DP10601,Priya D,Pune,Scooter,Part-time,4.27,Y
10601,DP10602,Nikhil C,Kolkata,Scooter,Full-time,4.49,Y
10602,DP10603,Suresh K,Delhi,Bike,Contract,4.07,Y
10603,DP10604,Vikas J,Delhi,Scooter,Part-time,4.71,Y
10604,DP10605,Sneha U,Kolkata,Bike,Full-time,3.9,Y
10605,DP10606,Santosh H,Kolkata,Bike,Part-time,4.08,Y
10606,DP10607,Kiran F,Chennai,Bike,Full-time,4.16,Y
10607,DP10608,Rakesh R,Bengaluru,Scooter,Contract,3.71,Y
10608,DP10609,Kiran C,Bengaluru,Bike,Part-time,4.26,Y
10609,DP10610,Santosh W,Mumbai,Scooter,Full-time,4.59,Y
10610,DP10611,Divya D,Chennai,Bike,Contract,4.27,Y
10611,DP10612,Neha Y,Hyderabad,Scooter,Full-time,3.98,Y
10612,DP10613,Rakesh O,Bengaluru,Bike,Contract,3.86,Y
10613,DP10614,Rakesh U,Pune,Bike,Full-time,4.12,Y
10614,DP10615,Amit L,Ahmedabad,Scooter,Part-time,4.12,Y
10615,DP10616,Pooja U,Bengaluru,Scooter,Full-time,4.16,Y
10616,DP10617,Santosh R,Pune,Scooter,Part-time,4.53,Y
10617,DP10618,Nikhil C,Bengaluru,Bike,Full-time,3.52,N
10618,DP10619,Santosh I,Kolkata,Scooter,Part-time,4.07,Y
10619,DP10620,Santosh A,Hyderabad,Bike,Part-time,4.41,Y
10620,DP10621,Rakesh X,Hyderabad,Scooter,Full-time,4.12,Y
10621,DP10622,Meena W,Mumbai,Scooter,Full-time,4.23,Y
10622,DP10623,Pooja C,Mumbai,Car,Full-time,4.5,Y
10623,DP10624,Ananya X,Bengaluru,Scooter,Part-time,4.12,Y
10624,DP10625,Divya C,Hyderabad,Bike,Full-time,4.66,Y
10625,DP10626,Priya S,Bengaluru,Bike,Part-time,3.99,Y
10626,DP10627,Meena W,Bengaluru,Scooter,Full-time,4.16,Y
10627,DP10628,Neha A,Bengaluru,Scooter,Full-time,4.43,Y
10628,DP10629,Nikhil C,Pune,Car,Contract,4.45,Y
10629,DP10630,Rakesh H,Hyderabad,Bike,Contract,3.98,Y
10630,DP10631,Pooja D,Kolkata,Bike,Full-time,4.56,Y
10631,DP10632,Divya J,Bengaluru,Bike,Full-time,4.33,Y
10632,DP10633,Nikhil O,Mumbai,Scooter,Full-time,3.99,N
10633,DP10634,Ananya M,Bengaluru,Bike,Part-time,4.6,Y
10634,DP10635,Meena O,Bengaluru,Bike,Full-time,3.99,Y
10635,DP10636,Meena U,Delhi,Scooter,Full-time,4.1,Y
10636,DP10637,Neha G,Delhi,Car,Full-time,4.16,Y
10637,DP10638,Neha K,Bengaluru,Cycle,Part-time,3.94,Y
10638,DP10639,Santosh J,Ahmedabad,Scooter,Contract,3.82,Y
10639,DP10640,Pooja H,Bengaluru,Scooter,Full-time,4.46,Y
10640,DP10641,Neha T,Mumbai,Cycle,Full-time,4.04,Y
10641,DP10642,Kiran C,Ahmedabad,Cycle,Full-time,4.16,N
10642,DP10643,Ananya M,Bengaluru,Bike,Part-time,4.01,N
10643,DP10644,Vikas L,Chennai,Scooter,Contract,4.87,Y
10644,DP10645,Arjun X,Bengaluru,Bike,Part-time,4.84,Y
10645,DP10646,Neha P,Chennai,Scooter,Full-time,4.51,Y
10646,DP10647,Neha Q,Chennai,Bike,Full-time,4.03,Y
10647,DP10648,Neha H,Kolkata,Car,Contract,4.34,Y
10648,DP10649,Amit Z,Chennai,Scooter,Part-time,4.17,Y
10649,DP10650,Arjun A,Mumbai,Bike,Part-time,4.08,Y
10650,DP10651,Meena D,Delhi,Scooter,Contract,4.2,Y
10651,DP10652,Amit J,Chennai,Scooter,Part-time,4.33,Y
10652,DP10653,Deepak C,Delhi,Scooter,Contract,3.92,Y
10653,DP10654,Sneha K,Delhi,Bike,Full-time,4.09,Y
10654,DP10655,Sneha Q,Mumbai,Bike,Full-time,4.57,Y
10655,DP10656,Neha L,Ahmedabad,Scooter,Full-time,4.08,N
10656,DP10657,Arjun U,Hyderabad,Bike,Part-time,4.51,Y
10657,DP10658,Suresh A,Delhi,Bike,Full-time,4.85,Y
10658,DP10659,Kiran M,Delhi,Bike,Part-time,3.94,Y
10659,DP10660,Neha U,Delhi,Scooter,Contract,4.37,Y
10660,DP10661,Manoj C,Pune,Bike,Contract,4.38,N
10661,DP10662,Santosh M,Kolkata,Cycle,Part-time,4.58,Y
10662,DP10663,Meena S,Bengaluru,Scooter,Part-time,4.52,Y
10663,DP10664,Neha M,Bengaluru,Scooter,Part-time,4.45,Y
10664,DP10665,Rakesh M,Bengaluru,Bike,Full-time,4.52,Y
10665,DP10666,Rahul C,Chennai,Bike,Part-time,4.13,Y
10666,DP10667,Ravi X,Chennai,Bike,Full-time,4.37,N
10667,DP10668,Kiran I,Bengaluru,Bike,Part-time,4.0,Y
10668,DP10669,Santosh F,Kolkata,Scooter,Full-time,4.51,Y
10669,DP10670,Priya P,Delhi,Scooter,Full-time,4.14,Y
10670,DP10671,Ravi Q,Kolkata,Bike,Part-time,4.0,Y
10671,DP10672,Rakesh Y,Mumbai,Bike,Part-time,4.73,Y
10672,DP10673,Meena Y,Pune,Scooter,Full-time,4.41,Y
10673,DP10674,Arjun I,Delhi,Scooter,Contract,4.53,Y
10674,DP10675,Divya Y,Delhi,Bike,Full-time,4.46,Y
10675,DP10676,Deepak G,Pune,Scooter,Part-time,4.12,Y
10676,DP10677,Rakesh Q,Pune,Cycle,Part-time,4.34,N
10677,DP10678,Nikhil R,Pune,Scooter,Contract,3.72,N
10678,DP10679,Santosh X,Ahmedabad,Scooter,Full-time,4.05,Y
10679,DP10680,Amit X,Delhi,Car,Full-time,4.39,Y
10680,DP10681,Rakesh S,Chennai,Bike,Part-time,3.99,Y
10681,DP10682,Rakesh L,Hyderabad,Bike,Contract,4.63,Y
10682,DP10683,Manoj L,Ahmedabad,Bike,Full-time,3.81,Y
10683,DP10684,Santosh C,Pune,Scooter,Full-time,3.84,Y
10684,DP10685,Pooja B,Bengaluru,Cycle,Part-time,4.29,Y
10685,DP10686,Suresh P,Bengaluru,Cycle,Full-time,4.5,N
10686,DP10687,Ravi M,Bengaluru,Scooter,Part-time,3.21,Y
10687,DP10688,Shreya T,Kolkata,Bike,Part-time,4.22,Y
10688,DP10689,Suresh K,Bengaluru,Cycle,Contract,3.71,Y
10689,DP10690,Shreya E,Hyderabad,Cycle,Part-time,4.7,Y
10690,DP10691,Deepak N,Ahmedabad,Scooter,Full-time,4.06,Y
10691,DP10692,Meena W,Delhi,Scooter,Part-time,4.06,N
10692,DP10693,Amit V,Chennai,Scooter,Contract,3.6,Y
10693,DP10694,Rahul Y,Ahmedabad,Bike,Part-time,4.21,Y
10694,DP10695,Pooja K,Mumbai,Scooter,Full-time,4.07,Y
10695,DP10696,Kiran Z,Delhi,Scooter,Full-time,4.22,Y
10696,DP10697,Priya U,Delhi,Bike,Full-time,4.62,N
10697,DP10698,Kiran H,Bengaluru,Cycle,Part-time,3.62,Y
10698,DP10699,Shreya N,Bengaluru,Scooter,Full-time,3.56,Y
10699,DP10700,Amit U,Chennai,Bike,Full-time,4.3,Y
10700,DP10701,Rakesh I,Bengaluru,Scooter,Full-time,4.61,Y
10701,DP10702,Divya R,Bengaluru,Scooter,Full-time,4.15,Y
10702,DP10703,Deepak T,Chennai,Cycle,Full-time,4.07,Y
10703,DP10704,Nikhil N,Mumbai,Scooter,Contract,3.17,Y
10704,DP10705,Manoj V,Mumbai,Bike,Full-time,4.45,Y
10705,DP10706,Rahul C,Pune,Bike,Part-time,4.39,Y
10706,DP10707,Vikas A,Hyderabad,Car,Part-time,4.35,Y
10707,DP10708,Arjun U,Mumbai,Scooter,Part-time,4.27,Y
10708,DP10709,Manoj Y,Bengaluru,Bike,Full-time,3.19,Y
10709,DP10710,Rakesh B,Bengaluru,Bike,Full-time,4.62,Y
10710,DP10711,Santosh V,Bengaluru,Bike,Full-time,4.15,Y
10711,DP10712,Neha R,Hyderabad,Bike,Part-time,4.03,N
10712,DP10713,Nikhil Q,Bengaluru,Bike,Full-time,3.83,N
10713,DP10714,Deepak U,Hyderabad,Bike,Full-time,3.88,Y
10714,DP10715,Sneha E,Hyderabad,Scooter,Full-time,3.94,Y
10715,DP10716,Ananya B,Hyderabad,Scooter,Full-time,4.33,Y
10716,DP10717,Ananya B,Delhi,Scooter,Full-time,3.82,Y
10717,DP10718,Manoj H,Hyderabad,Cycle,Contract,4.1,Y
10718,DP10719,Priya T,Kolkata,Bike,Full-time,4.69,Y
10719,DP10720,Meena J,Mumbai,Scooter,Full-time,3.97,Y
10720,DP10721,Meena V,Bengaluru,Car,Part-time,3.89,Y
10721,DP10722,Sneha J,Ahmedabad,Bike,Full-time,4.23,N
10722,DP10723,Priya S,Delhi,Bike,Contract,3.94,Y
10723,DP10724,Deepak D,Mumbai,Car,Contract,4.03,Y
10724,DP10725,Meena F,Mumbai,Scooter,Full-time,4.42,N
10725,DP10726,Rakesh T,Kolkata,Scooter,Part-time,4.53,Y
10726,DP10727,Rahul Y,Pune,Scooter,Part-time,4.49,Y
10727,DP10728,Vikas B,Bengaluru,Cycle,Full-time,4.18,Y
10728,DP10729,Rakesh K,Kolkata,Bike,Full-time,4.03,Y
10729,DP10730,Priya D,Ahmedabad,Bike,Full-time,4.6,Y
10730,DP10731,Rakesh R,Pune,Scooter,Full-time,4.58,Y
10731,DP10732,Santosh T,Bengaluru,Car,Part-time,4.37,Y
10732,DP10733,Suresh R,Mumbai,Scooter,Full-time,4.14,Y
10733,DP10734,Pooja C,Mumbai,Cycle,Contract,3.67,Y
10734,DP10735,Rakesh J,Chennai,Bike,Full-time,4.09,Y
10735,DP10736,Amit K,Hyderabad,Bike,Part-time,4.6,N
10736,DP10737,Ananya U,Ahmedabad,Scooter,Full-time,4.07,Y
10737,DP10738,Santosh K,Chennai,Bike,Full-time,4.04,Y
10738,DP10739,Deepak N,Hyderabad,Bike,Full-time,4.03,Y
10739,DP10740,Ravi L,Delhi,Bike,Full-time,4.06,Y
10740,DP10741,Pooja Q,Mumbai,Bike,Contract,4.56,Y
10741,DP10742,Vikas J,Kolkata,Bike,Part-time,4.4,Y
10742,DP10743,Priya F,Kolkata,Car,Full-time,4.31,Y
10743,DP10744,Vikas S,Delhi,Scooter,Contract,4.58,Y
10744,DP10745,Amit E,Delhi,Scooter,Part-time,3.94,Y
10745,DP10746,Rakesh P,Hyderabad,Scooter,Full-time,3.99,Y
10746,DP10747,Neha B,Bengaluru,Scooter,Part-time,4.35,Y
10747,DP10748,Manoj S,Pune,Bike,Part-time,4.17,Y
10748,DP10749,Meena K,Hyderabad,Bike,Part-time,4.55,Y
10749,DP10750,Rakesh Y,Chennai,Bike,Full-time,4.55,Y
10750,DP10751,Amit V,Kolkata,Scooter,Contract,3.29,Y
10751,DP10752,Santosh D,Bengaluru,Bike,Contract,3.81,Y
10752,DP10753,Ananya K,Mumbai,Scooter,Part-time,4.01,Y
10753,DP10754,Priya S,Chennai,Cycle,Part-time,3.74,Y
10754,DP10755,Shreya X,Mumbai,Cycle,Part-time,4.07,Y
10755,DP10756,Shreya I,Mumbai,Scooter,Full-time,3.84,Y
10756,DP10757,Rahul Q,Bengaluru,Bike,Contract,4.86,Y
10757,DP10758,Neha B,Bengaluru,Bike,Full-time,4.37,Y
10758,DP10759,Kiran R,Delhi,Scooter,Full-time,4.05,Y
10759,DP10760,Amit E,Ahmedabad,Bike,Full-time,4.29,Y
10760,DP10761,Arjun Y,Bengaluru,Cycle,Contract,4.22,Y
10761,DP10762,Arjun K,Bengaluru,Scooter,Contract,4.3,N
10762,DP10763,Arjun Z,Mumbai,Scooter,Full-time,4.66,Y
10763,DP10764,Manoj G,Bengaluru,Bike,Contract,4.37,Y
10764,DP10765,Rakesh P,Bengaluru,Scooter,Part-time,4.45,Y
10765,DP10766,Suresh K,Bengaluru,Scooter,Contract,4.15,N
10766,DP10767,Meena Z,Delhi,Bike,Part-time,4.58,N
10767,DP10768,Amit B,Delhi,Bike,Full-time,3.95,Y
10768,DP10769,Rakesh U,Delhi,Scooter,Contract,3.9,Y
10769,DP10770,Rakesh C,Mumbai,Scooter,Contract,4.26,N
10770,DP10771,Manoj F,Kolkata,Bike,Full-time,4.29,Y
10771,DP10772,Nikhil R,Mumbai,Cycle,Part-time,3.64,Y
10772,DP10773,Rahul Y,Hyderabad,Scooter,Part-time,4.25,Y
10773,DP10774,Divya A,Pune,Cycle,Part-time,4.41,Y
10774,DP10775,Vikas D,Mumbai,Scooter,Full-time,4.48,Y
10775,DP10776,Divya W,Kolkata,Bike,Part-time,4.39,N
10776,DP10777,Kiran C,Bengaluru,Bike,Contract,3.88,Y
10777,DP10778,Suresh X,Delhi,Car,Contract,4.31,Y
10778,DP10779,Ravi K,Mumbai,Scooter,Full-time,4.06,Y
10779,DP10780,Amit V,Ahmedabad,Bike,Part-time,3.82,Y
10780,DP10781,Pooja Q,Bengaluru,Scooter,Full-time,4.16,Y
10781,DP10782,Rakesh A,Ahmedabad,Bike,Full-time,4.59,Y
10782,DP10783,Vikas M,Bengaluru,Scooter,Full-time,4.08,Y
10783,DP10784,Santosh X,Ahmedabad,Scooter,Contract,4.35,Y
10784,DP10785,Meena I,Kolkata,Scooter,Full-time,4.37,Y
10785,DP10786,Deepak M,Mumbai,Bike,Full-time,4.76,Y
10786,DP10787,Amit A,Bengaluru,Bike,Full-time,4.03,Y
10787,DP10788,Ravi T,Bengaluru,Scooter,Full-time,4.23,Y
10788,DP10789,Rakesh A,Chennai,Car,Part-time,4.45,Y
10789,DP10790,Suresh K,Kolkata,Bike,Part-time,4.21,Y
10790,DP10791,Vikas Z,Delhi,Bike,Full-time,4.54,Y
10791,DP10792,Shreya Z,Chennai,Scooter,Full-time,3.9,Y
10792,DP10793,Arjun A,Mumbai,Scooter,Full-time,4.21,Y
10793,DP10794,Pooja Y,Mumbai,Bike,Contract,4.29,Y
10794,DP10795,Suresh C,Delhi,Bike,Contract,3.77,Y
10795,DP10796,Suresh A,Ahmedabad,Scooter,Part-time,4.09,Y
10796,DP10797,Deepak I,Mumbai,Car,Contract,4.07,Y
10797,DP10798,Deepak M,Mumbai,Bike,Contract,4.3,Y
10798,DP10799,Amit A,Mumbai,Scooter,Part-time,4.36,Y
10799,DP10800,Divya F,Mumbai,Scooter,Contract,3.96,Y
10800,DP10801,Deepak B,Delhi,Bike,Full-time,3.62,Y
10801,DP10802,Priya E,Hyderabad,Car,Full-time,3.89,N
10802,DP10803,Meena N,Bengaluru,Scooter,Part-time,4.07,Y
10803,DP10804,Arjun E,Bengaluru,Cycle,Full-time,4.49,Y
10804,DP10805,Pooja W,Kolkata,Bike,Contract,4.08,Y
10805,DP10806,Pooja M,Delhi,Bike,Full-time,4.52,Y
10806,DP10807,Nikhil H,Delhi,Scooter,Full-time,3.56,Y
10807,DP10808,Nikhil K,Pune,Scooter,Contract,4.29,Y
10808,DP10809,Kiran S,Bengaluru,Bike,Full-time,3.81,Y
10809,DP10810,Neha T,Chennai,Bike,Full-time,3.94,Y
10810,DP10811,Rahul M,Mumbai,Bike,Part-time,4.48,Y
10811,DP10812,Santosh Z,Delhi,Bike,Full-time,4.37,Y
10812,DP10813,Ravi W,Chennai,Scooter,Full-time,4.3,Y
10813,DP10814,Priya E,Mumbai,Scooter,Full-time,4.67,Y
10814,DP10815,Sneha T,Bengaluru,Cycle,Part-time,4.56,Y
10815,DP10816,Priya C,Chennai,Scooter,Contract,3.89,N
10816,DP10817,Suresh X,Bengaluru,Car,Contract,4.19,Y
10817,DP10818,Suresh G,Bengaluru,Scooter,Part-time,4.06,Y
10818,DP10819,Suresh V,Hyderabad,Cycle,Full-time,3.76,Y
10819,DP10820,Suresh Q,Bengaluru,Scooter,Full-time,4.41,Y
10820,DP10821,Sneha W,Pune,Scooter,Full-time,3.79,Y
10821,DP10822,Santosh I,Bengaluru,Cycle,Part-time,4.84,Y
10822,DP10823,Kiran A,Chennai,Scooter,Full-time,4.43,Y
10823,DP10824,Nikhil I,Bengaluru,Scooter,Part-time,4.23,Y
10824,DP10825,Shreya A,Pune,Scooter,Full-time,4.11,N
10825,DP10826,Nikhil C,Pune,Cycle,Full-time,4.37,N
10826,DP10827,Deepak V,Mumbai,Scooter,Full-time,4.1,Y
10827,DP10828,Ravi A,Mumbai,Bike,Part-time,4.27,Y
10828,DP10829,Priya I,Delhi,Cycle,Contract,4.15,Y
10829,DP10830,Priya T,Chennai,Bike,Part-time,4.17,Y
10830,DP10831,Kiran D,Kolkata,Cycle,Full-time,3.92,N
10831,DP10832,Priya A,Bengaluru,Bike,Full-time,4.05,N
10832,DP10833,Priya Y,Chennai,Bike,Contract,4.1,Y
10833,DP10834,Meena Q,Bengaluru,Cycle,Full-time,3.93,Y
10834,DP10835,Deepak I,Bengaluru,Bike,Contract,3.88,Y
10835,DP10836,Divya S,Chennai,Scooter,Full-time,4.7,Y
10836,DP10837,Manoj I,Hyderabad,Bike,Full-time,4.37,Y
10837,DP10838,Shreya J,Bengaluru,Cycle,Full-time,4.01,Y
10838,DP10839,Ananya X,Mumbai,Cycle,Full-time,4.72,Y
10839,DP10840,Amit Z,Delhi,Cycle,Full-time,4.84,Y
10840,DP10841,Kiran D,Bengaluru,Cycle,Full-time,4.08,Y
10841,DP10842,Suresh G,Hyderabad,Bike,Part-time,4.22,Y
10842,DP10843,Divya N,Pune,Scooter,Full-time,4.47,Y
10843,DP10844,Priya F,Bengaluru,Car,Contract,4.32,Y
10844,DP10845,Vikas A,Ahmedabad,Scooter,Full-time,3.64,Y
10845,DP10846,Neha B,Mumbai,Scooter,Part-time,4.12,Y
10846,DP10847,Sneha J,Bengaluru,Bike,Full-time,4.23,Y
10847,DP10848,Deepak I,Delhi,Bike,Full-time,4.34,Y
10848,DP10849,Deepak M,Kolkata,Scooter,Contract,4.41,Y
10849,DP10850,Ravi M,Pune,Scooter,Full-time,4.05,N
10850,DP10851,Kiran X,Chennai,Bike,Full-time,4.35,Y
10851,DP10852,Ananya R,Bengaluru,Scooter,Full-time,4.41,Y
10852,DP10853,Shreya N,Delhi,Scooter,Full-time,4.46,Y
10853,DP10854,Vikas Z,Mumbai,Bike,Full-time,4.29,N
10854,DP10855,Neha Y,Hyderabad,Scooter,Full-time,3.72,Y
10855,DP10856,Priya F,Delhi,Bike,Contract,4.06,Y
10856,DP10857,Shreya U,Mumbai,Bike,Full-time,3.87,Y
10857,DP10858,Suresh Q,Mumbai,Bike,Full-time,4.31,Y
10858,DP10859,Suresh T,Pune,Scooter,Part-time,4.23,Y
10859,DP10860,Arjun Y,Bengaluru,Bike,Full-time,3.51,Y
10860,DP10861,Deepak O,Bengaluru,Bike,Contract,4.21,Y
10861,DP10862,Nikhil N,Delhi,Car,Contract,4.67,Y
10862,DP10863,Rakesh R,Pune,Bike,Full-time,4.41,Y
10863,DP10864,Santosh O,Bengaluru,Bike,Part-time,4.1,Y
10864,DP10865,Rahul K,Bengaluru,Cycle,Full-time,4.13,N
10865,DP10866,Priya H,Chennai,Scooter,Full-time,4.14,Y
10866,DP10867,Deepak C,Bengaluru,Scooter,Contract,4.38,Y
10867,DP10868,Sneha C,Pune,Bike,Part-time,4.46,Y
10868,DP10869,Deepak I,Chennai,Cycle,Contract,4.46,Y
10869,DP10870,Amit L,Mumbai,Cycle,Full-time,4.13,Y
10870,DP10871,Vikas W,Ahmedabad,Scooter,Full-time,4.16,Y
10871,DP10872,Priya Q,Pune,Bike,Part-time,4.19,Y
10872,DP10873,Manoj D,Kolkata,Scooter,Full-time,3.86,Y
10873,DP10874,Pooja Y,Hyderabad,Bike,Part-time,4.39,Y
10874,DP10875,Meena G,Ahmedabad,Bike,Contract,4.64,Y
10875,DP10876,Ananya T,Mumbai,Scooter,Contract,4.07,Y
10876,DP10877,Meena P,Pune,Scooter,Full-time,4.05,N
10877,DP10878,Pooja U,Ahmedabad,Scooter,Full-time,4.29,Y
10878,DP10879,Ananya A,Hyderabad,Scooter,Contract,4.36,Y
10879,DP10880,Divya A,Mumbai,Cycle,Part-time,4.57,Y
10880,DP10881,Arjun Q,Pune,Bike,Full-time,3.93,Y
10881,DP10882,Rakesh Q,Kolkata,Scooter,Contract,4.03,Y
10882,DP10883,Neha V,Kolkata,Cycle,Full-time,4.21,Y
10883,DP10884,Rakesh Z,Kolkata,Scooter,Part-time,3.8,N
10884,DP10885,Manoj H,Chennai,Bike,Full-time,3.98,Y
10885,DP10886,Amit O,Chennai,Bike,Part-time,4.22,Y
10886,DP10887,Deepak O,Hyderabad,Bike,Full-time,3.94,Y
10887,DP10888,Rakesh K,Mumbai,Scooter,Full-time,4.15,Y
10888,DP10889,Santosh I,Mumbai,Cycle,Contract,3.77,Y
10889,DP10890,Priya K,Bengaluru,Bike,Full-time,4.31,N
10890,DP10891,Suresh X,Mumbai,Bike,Full-time,4.19,Y
10891,DP10892,Rakesh I,Mumbai,Cycle,Full-time,4.73,Y
10892,DP10893,Ravi W,Bengaluru,Scooter,Part-time,4.76,Y
10893,DP10894,Ravi M,Pune,Scooter,Part-time,3.77,Y
10894,DP10895,Pooja P,Kolkata,Scooter,Part-time,4.35,N
10895,DP10896,Kiran I,Delhi,Cycle,Part-time,4.33,Y
10896,DP10897,Deepak P,Delhi,Scooter,Full-time,4.25,Y
10897,DP10898,Deepak T,Mumbai,Scooter,Full-time,4.34,Y
10898,DP10899,Neha N,Chennai,Scooter,Contract,4.0,Y
10899,DP10900,Shreya S,Delhi,Cycle,Contract,4.09,Y
10900,DP10901,Ananya P,Ahmedabad,Scooter,Part-time,4.0,Y
10901,DP10902,Divya C,Mumbai,Bike,Full-time,3.94,Y
10902,DP10903,Divya H,Ahmedabad,Scooter,Full-time,4.36,Y
10903,DP10904,Arjun O,Chennai,Car,Full-time,4.42,Y
10904,DP10905,Sneha E,Bengaluru,Scooter,Part-time,4.3,Y
10905,DP10906,Meena M,Chennai,Scooter,Full-time,3.96,Y
10906,DP10907,Ravi F,Bengaluru,Cycle,Full-time,4.39,N
10907,DP10908,Pooja B,Bengaluru,Bike,Full-time,3.84,Y
10908,DP10909,Suresh S,Delhi,Scooter,Part-time,4.61,N
10909,DP10910,Meena R,Ahmedabad,Scooter,Full-time,4.19,Y
10910,DP10911,Vikas B,Hyderabad,Bike,Full-time,4.21,Y
10911,DP10912,Santosh J,Chennai,Bike,Part-time,4.48,Y
10912,DP10913,Santosh C,Kolkata,Bike,Full-time,4.06,Y
10913,DP10914,Meena H,Delhi,Bike,Part-time,3.55,Y
10914,DP10915,Manoj D,Mumbai,Bike,Full-time,4.17,Y
10915,DP10916,Ravi L,Delhi,Scooter,Full-time,3.76,Y
10916,DP10917,Nikhil Z,Bengaluru,Bike,Full-time,3.96,Y
10917,DP10918,Arjun W,Bengaluru,Scooter,Part-time,4.71,Y
10918,DP10919,Rahul O,Mumbai,Car,Full-time,3.88,Y
10919,DP10920,Priya Z,Kolkata,Bike,Full-time,3.84,Y
10920,DP10921,Priya R,Hyderabad,Cycle,Full-time,4.07,Y
10921,DP10922,Manoj V,Delhi,Car,Full-time,4.7,Y
10922,DP10923,Pooja U,Hyderabad,Bike,Full-time,4.26,Y
10923,DP10924,Meena K,Mumbai,Scooter,Full-time,4.09,Y
10924,DP10925,Meena V,Ahmedabad,Bike,Contract,4.42,Y
10925,DP10926,Deepak J,Mumbai,Bike,Contract,4.01,Y
10926,DP10927,Divya W,Bengaluru,Bike,Full-time,4.08,Y
10927,DP10928,Amit L,Chennai,Bike,Full-time,4.18,Y
10928,DP10929,Manoj T,Delhi,Bike,Full-time,4.3,Y
10929,DP10930,Neha V,Hyderabad,Scooter,Full-time,4.13,Y
10930,DP10931,Meena Y,Bengaluru,Bike,Part-time,3.79,Y
10931,DP10932,Rakesh Z,Bengaluru,Bike,Contract,4.79,Y
10932,DP10933,Vikas G,Delhi,Cycle,Full-time,4.6,Y
10933,DP10934,Neha U,Ahmedabad,Bike,Full-time,3.55,Y
10934,DP10935,Meena U,Mumbai,Scooter,Contract,4.19,Y
10935,DP10936,Ananya Q,Bengaluru,Bike,Contract,3.98,Y
10936,DP10937,Shreya M,Mumbai,Bike,Full-time,4.38,Y
10937,DP10938,Divya L,Bengaluru,Bike,Contract,4.3,Y
10938,DP10939,Kiran G,Chennai,Bike,Full-time,4.09,Y
10939,DP10940,Rahul G,Delhi,Scooter,Full-time,4.14,Y
10940,DP10941,Neha B,Ahmedabad,Bike,Contract,4.01,Y
10941,DP10942,Ravi W,Hyderabad,Bike,Full-time,4.03,Y
10942,DP10943,Manoj Z,Kolkata,Scooter,Full-time,4.45,N
10943,DP10944,Ananya X,Ahmedabad,Car,Full-time,4.23,Y
10944,DP10945,Deepak T,Bengaluru,Bike,Full-time,3.88,Y
10945,DP10946,Ravi U,Mumbai,Bike,Full-time,4.49,Y
10946,DP10947,Meena V,Bengaluru,Bike,Contract,4.59,Y
10947,DP10948,Arjun T,Bengaluru,Bike,Part-time,3.96,Y
10948,DP10949,Kiran W,Bengaluru,Scooter,Contract,5.0,Y
10949,DP10950,Manoj T,Chennai,Scooter,Full-time,4.53,Y
10950,DP10951,Rakesh V,Ahmedabad,Bike,Full-time,3.97,N
10951,DP10952,Deepak G,Kolkata,Scooter,Full-time,4.19,Y
10952,DP10953,Pooja G,Chennai,Scooter,Full-time,3.53,N
10953,DP10954,Ananya W,Mumbai,Bike,Part-time,3.89,Y
10954,DP10955,Amit J,Delhi,Bike,Full-time,4.25,Y
10955,DP10956,Vikas O,Hyderabad,Bike,Full-time,4.11,N
10956,DP10957,Vikas A,Kolkata,Scooter,Part-time,4.08,Y
10957,DP10958,Arjun U,Mumbai,Bike,Full-time,3.92,Y
10958,DP10959,Meena C,Delhi,Scooter,Part-time,4.57,Y
10959,DP10960,Sneha J,Kolkata,Scooter,Full-time,4.1,Y
10960,DP10961,Santosh R,Mumbai,Scooter,Full-time,4.56,Y
10961,DP10962,Sneha A,Delhi,Bike,Contract,4.23,Y
10962,DP10963,Rakesh U,Bengaluru,Bike,Part-time,4.3,N
10963,DP10964,Manoj V,Chennai,Scooter,Full-time,4.64,Y
10964,DP10965,Rahul C,Kolkata,Bike,Part-time,3.97,Y
10965,DP10966,Shreya I,Delhi,Scooter,Full-time,4.2,Y
10966,DP10967,Divya L,Bengaluru,Bike,Part-time,4.05,Y
10967,DP10968,Pooja J,Ahmedabad,Scooter,Contract,3.63,Y
10968,DP10969,Vikas I,Delhi,Bike,Contract,4.19,Y
10969,DP10970,Meena C,Bengaluru,Scooter,Full-time,4.22,Y
10970,DP10971,Manoj V,Hyderabad,Scooter,Contract,4.34,Y
10971,DP10972,Priya Q,Chennai,Bike,Part-time,4.29,Y
10972,DP10973,Amit J,Kolkata,Cycle,Part-time,4.36,Y
10973,DP10974,Santosh S,Bengaluru,Bike,Full-time,4.56,Y
10974,DP10975,Arjun T,Mumbai,Scooter,Full-time,4.51,Y
10975,DP10976,Sneha N,Pune,Bike,Full-time,4.65,Y
10976,DP10977,Sneha Z,Pune,Scooter,Full-time,4.84,Y
10977,DP10978,Priya L,Bengaluru,Bike,Full-time,4.19,Y
10978,DP10979,Arjun Q,Hyderabad,Bike,Part-time,3.96,Y
10979,DP10980,Vikas K,Bengaluru,Cycle,Full-time,4.13,Y
10980,DP10981,Pooja U,Kolkata,Scooter,Part-time,4.1,Y
10981,DP10982,Neha O,Chennai,Scooter,Full-time,4.08,Y
10982,DP10983,Shreya Q,Chennai,Bike,Full-time,4.36,Y
10983,DP10984,Ravi L,Pune,Scooter,Full-time,3.84,Y
10984,DP10985,Pooja R,Bengaluru,Bike,Part-time,4.19,Y
10985,DP10986,Amit D,Bengaluru,Cycle,Full-time,3.72,Y
10986,DP10987,Sneha W,Chennai,Cycle,Full-time,4.87,Y
10987,DP10988,Divya P,Kolkata,Bike,Part-time,4.58,Y
10988,DP10989,Ananya Z,Hyderabad,Bike,Part-time,4.49,N
10989,DP10990,Meena W,Ahmedabad,Bike,Contract,4.64,Y
10990,DP10991,Rahul S,Hyderabad,Bike,Full-time,4.64,Y
10991,DP10992,Amit S,Kolkata,Scooter,Part-time,3.87,Y
10992,DP10993,Ravi D,Ahmedabad,Bike,Contract,4.38,Y
10993,DP10994,Ananya R,Kolkata,Scooter,Full-time,4.18,Y
10994,DP10995,Rahul B,Bengaluru,Bike,Part-time,4.44,N
10995,DP10996,Ananya I,Mumbai,Bike,Full-time,4.85,Y
10996,DP10997,Vikas A,Bengaluru,Scooter,Part-time,4.63,Y
10997,DP10998,Suresh H,Bengaluru,Scooter,Part-time,4.25,Y
10998,DP10999,Nikhil H,Bengaluru,Scooter,Contract,4.26,Y
10999,DP11000,Amit T,Kolkata,Bike,Full-time,4.38,Y
11000,DP11001,Shreya J,Mumbai,Scooter,Full-time,3.89,Y
11001,DP11002,Sneha C,Delhi,Bike,Part-time,3.86,Y
11002,DP11003,Deepak V,Ahmedabad,Bike,Full-time,4.6,Y
11003,DP11004,Vikas P,Chennai,Cycle,Contract,4.42,Y
11004,DP11005,Divya L,Chennai,Scooter,Full-time,4.25,Y
11005,DP11006,Nikhil Z,Pune,Scooter,Full-time,3.84,Y
11006,DP11007,Rakesh U,Delhi,Bike,Full-time,4.09,Y
11007,DP11008,Arjun Y,Bengaluru,Scooter,Part-time,5.0,Y
11008,DP11009,Kiran X,Bengaluru,Bike,Full-time,4.5,Y
11009,DP11010,Ravi Y,Bengaluru,Bike,Full-time,4.4,Y
11010,DP11011,Suresh O,Pune,Bike,Full-time,4.83,Y
11011,DP11012,Manoj D,Delhi,Car,Full-time,4.25,Y
11012,DP11013,Priya E,Delhi,Car,Part-time,4.37,Y
11013,DP11014,Neha T,Ahmedabad,Bike,Contract,4.3,Y
11014,DP11015,Suresh E,Kolkata,Bike,Contract,4.69,Y
11015,DP11016,Vikas C,Mumbai,Scooter,Full-time,4.54,Y
11016,DP11017,Amit B,Bengaluru,Scooter,Full-time,3.65,N
11017,DP11018,Neha H,Mumbai,Bike,Contract,4.04,Y
11018,DP11019,Priya Q,Hyderabad,Bike,Full-time,4.09,Y
11019,DP11020,Shreya Y,Kolkata,Scooter,Contract,3.96,Y
11020,DP11021,Neha P,Bengaluru,Scooter,Full-time,3.78,Y
11021,DP11022,Kiran F,Pune,Bike,Part-time,4.16,N
11022,DP11023,Santosh T,Bengaluru,Scooter,Full-time,4.01,Y
11023,DP11024,Pooja G,Hyderabad,Scooter,Full-time,4.38,Y
11024,DP11025,Suresh G,Delhi,Scooter,Full-time,4.28,Y
11025,DP11026,Rakesh G,Chennai,Scooter,Full-time,4.01,Y
11026,DP11027,Neha J,Bengaluru,Scooter,Contract,4.58,Y
11027,DP11028,Nikhil I,Kolkata,Bike,Part-time,4.18,Y
11028,DP11029,Meena U,Mumbai,Bike,Part-time,4.22,Y
11029,DP11030,Suresh I,Bengaluru,Bike,Full-time,4.02,Y
11030,DP11031,Arjun W,Mumbai,Bike,Full-time,4.06,Y
11031,DP11032,Divya R,Delhi,Scooter,Part-time,4.46,N
11032,DP11033,Kiran Q,Mumbai,Bike,Part-time,4.29,Y
11033,DP11034,Pooja W,Kolkata,Bike,Full-time,4.24,Y
11034,DP11035,Sneha H,Chennai,Car,Contract,3.96,N
11035,DP11036,Kiran R,Delhi,Cycle,Contract,4.14,Y
11036,DP11037,Rakesh Q,Pune,Bike,Full-time,4.41,N
11037,DP11038,Nikhil H,Mumbai,Bike,Full-time,4.23,Y
11038,DP11039,Santosh Z,Chennai,Scooter,Contract,3.86,Y
11039,DP11040,Ananya F,Delhi,Scooter,Full-time,4.31,Y
11040,DP11041,Suresh D,Chennai,Bike,Full-time,3.99,Y
11041,DP11042,Kiran G,Bengaluru,Scooter,Part-time,4.4,Y
11042,DP11043,Nikhil R,Delhi,Bike,Full-time,4.02,Y
11043,DP11044,Rakesh A,Chennai,Cycle,Full-time,4.16,Y
11044,DP11045,Rahul S,Mumbai,Bike,Full-time,3.9,Y
11045,DP11046,Ravi W,Delhi,Bike,Part-time,4.46,Y
11046,DP11047,Kiran V,Mumbai,Cycle,Part-time,3.78,Y
11047,DP11048,Ravi X,Pune,Scooter,Full-time,4.17,Y
11048,DP11049,Priya M,Kolkata,Scooter,Full-time,4.87,Y
11049,DP11050,Ananya A,Hyderabad,Bike,Full-time,3.61,Y
11050,DP11051,Deepak U,Mumbai,Bike,Full-time,4.26,Y
11051,DP11052,Priya E,Bengaluru,Bike,Part-time,4.47,Y
11052,DP11053,Rahul M,Kolkata,Scooter,Full-time,4.34,Y
11053,DP11054,Manoj G,Chennai,Bike,Contract,4.94,Y
11054,DP11055,Amit I,Delhi,Cycle,Full-time,4.42,Y
11055,DP11056,Pooja U,Chennai,Scooter,Full-time,4.49,Y
11056,DP11057,Shreya M,Delhi,Bike,Full-time,4.32,Y
11057,DP11058,Kiran P,Ahmedabad,Cycle,Part-time,4.24,Y
11058,DP11059,Priya I,Bengaluru,Bike,Full-time,3.96,Y
11059,DP11060,Suresh S,Kolkata,Scooter,Full-time,4.09,Y
11060,DP11061,Shreya I,Bengaluru,Scooter,Part-time,3.97,Y
11061,DP11062,Santosh L,Delhi,Bike,Full-time,3.97,Y
11062,DP11063,Pooja V,Bengaluru,Bike,Part-time,4.54,Y
11063,DP11064,Nikhil K,Pune,Bike,Full-time,4.32,Y
11064,DP11065,Deepak K,Hyderabad,Scooter,Full-time,4.01,N
11065,DP11066,Pooja A,Mumbai,Cycle,Part-time,4.49,Y
11066,DP11067,Rahul M,Mumbai,Scooter,Full-time,4.36,Y
11067,DP11068,Sneha L,Pune,Bike,Full-time,3.86,Y
11068,DP11069,Divya M,Bengaluru,Bike,Contract,4.12,Y
11069,DP11070,Santosh D,Mumbai,Scooter,Full-time,4.22,Y
11070,DP11071,Deepak P,Bengaluru,Car,Full-time,4.27,Y
11071,DP11072,Vikas W,Mumbai,Scooter,Part-time,4.03,Y
11072,DP11073,Amit P,Delhi,Bike,Full-time,4.33,Y
11073,DP11074,Neha F,Mumbai,Bike,Full-time,4.1,Y
11074,DP11075,Vikas O,Mumbai,Cycle,Part-time,3.75,Y
11075,DP11076,Nikhil X,Delhi,Cycle,Contract,4.07,N
11076,DP11077,Nikhil J,Delhi,Scooter,Part-time,4.72,Y
11077,DP11078,Deepak B,Delhi,Scooter,Contract,4.68,N
11078,DP11079,Amit W,Hyderabad,Scooter,Full-time,4.6,Y
11079,DP11080,Divya X,Delhi,Bike,Full-time,4.47,Y
11080,DP11081,Sneha Q,Pune,Cycle,Contract,3.69,Y
11081,DP11082,Kiran E,Chennai,Cycle,Full-time,4.75,Y
11082,DP11083,Sneha A,Bengaluru,Bike,Part-time,4.61,Y
11083,DP11084,Shreya Q,Mumbai,Scooter,Contract,4.17,N
11084,DP11085,Vikas B,Pune,Scooter,Full-time,4.05,Y
11085,DP11086,Shreya T,Kolkata,Bike,Full-time,4.49,Y
11086,DP11087,Sneha N,Pune,Bike,Full-time,3.95,Y
11087,DP11088,Deepak A,Hyderabad,Bike,Contract,3.81,Y
11088,DP11089,Rahul D,Delhi,Bike,Full-time,4.55,Y
11089,DP11090,Shreya Y,Bengaluru,Cycle,Part-time,4.32,N
11090,DP11091,Arjun B,Bengaluru,Scooter,Part-time,4.11,Y
11091,DP11092,Rakesh V,Ahmedabad,Bike,Full-time,3.96,N
11092,DP11093,Santosh Z,Delhi,Cycle,Contract,3.85,Y
11093,DP11094,Ravi I,Bengaluru,Bike,Contract,4.29,Y
11094,DP11095,Priya E,Pune,Bike,Part-time,4.22,N
11095,DP11096,Pooja G,Chennai,Bike,Full-time,4.37,Y
11096,DP11097,Amit O,Hyderabad,Cycle,Full-time,4.18,Y
11097,DP11098,Rahul C,Ahmedabad,Cycle,Part-time,4.21,Y
11098,DP11099,Divya A,Delhi,Bike,Full-time,4.63,Y
11099,DP11100,Rahul E,Mumbai,Bike,Contract,4.05,Y
11100,DP11101,Ravi B,Pune,Scooter,Full-time,4.52,Y
11101,DP11102,Priya Q,Chennai,Scooter,Part-time,4.41,Y
11102,DP11103,Ravi U,Chennai,Scooter,Part-time,4.04,Y
11103,DP11104,Sneha O,Bengaluru,Car,Full-time,4.27,Y
11104,DP11105,Rakesh B,Bengaluru,Bike,Full-time,3.88,Y
11105,DP11106,Divya T,Hyderabad,Cycle,Part-time,3.97,Y
11106,DP11107,Ananya D,Bengaluru,Cycle,Full-time,3.89,Y
11107,DP11108,Priya R,Pune,Scooter,Contract,4.4,Y
11108,DP11109,Santosh A,Kolkata,Cycle,Full-time,4.43,N
11109,DP11110,Rakesh K,Bengaluru,Scooter,Full-time,4.03,Y
11110,DP11111,Sneha J,Bengaluru,Cycle,Full-time,4.53,Y
11111,DP11112,Rahul B,Delhi,Bike,Full-time,4.16,Y
11112,DP11113,Suresh H,Chennai,Bike,Part-time,4.37,Y
11113,DP11114,Kiran T,Delhi,Bike,Contract,4.09,Y
11114,DP11115,Suresh T,Hyderabad,Scooter,Part-time,4.2,N
11115,DP11116,Rakesh K,Mumbai,Scooter,Contract,3.97,Y
11116,DP11117,Nikhil A,Pune,Bike,Full-time,4.38,Y
11117,DP11118,Arjun B,Delhi,Cycle,Part-time,4.29,Y
11118,DP11119,Rahul J,Bengaluru,Bike,Full-time,4.16,Y
11119,DP11120,Amit X,Mumbai,Bike,Full-time,4.65,Y
11120,DP11121,Divya O,Bengaluru,Scooter,Full-time,4.19,Y
11121,DP11122,Vikas U,Ahmedabad,Car,Full-time,4.4,Y
11122,DP11123,Pooja S,Hyderabad,Scooter,Part-time,3.59,Y
11123,DP11124,Ananya H,Chennai,Bike,Part-time,4.44,Y
11124,DP11125,Kiran K,Ahmedabad,Bike,Contract,4.29,Y
11125,DP11126,Manoj D,Kolkata,Bike,Full-time,4.4,Y
11126,DP11127,Priya E,Delhi,Cycle,Full-time,4.19,N
11127,DP11128,Meena T,Kolkata,Bike,Full-time,4.1,Y
11128,DP11129,Sneha Z,Bengaluru,Bike,Full-time,4.35,Y
11129,DP11130,Vikas A,Delhi,Scooter,Part-time,4.23,Y
11130,DP11131,Amit L,Bengaluru,Scooter,Part-time,4.36,Y
11131,DP11132,Neha U,Mumbai,Bike,Part-time,3.78,Y
11132,DP11133,Kiran E,Kolkata,Scooter,Full-time,4.3,Y
11133,DP11134,Shreya U,Bengaluru,Scooter,Contract,4.31,Y
11134,DP11135,Shreya P,Kolkata,Scooter,Contract,4.21,Y
11135,DP11136,Santosh F,Chennai,Bike,Full-time,3.88,Y
11136,DP11137,Priya O,Kolkata,Bike,Full-time,3.6,Y
11137,DP11138,Meena J,Ahmedabad,Bike,Full-time,4.28,Y
11138,DP11139,Arjun I,Mumbai,Bike,Contract,4.33,Y
11139,DP11140,Nikhil F,Delhi,Bike,Part-time,3.92,Y
11140,DP11141,Arjun N,Ahmedabad,Scooter,Part-time,4.4,Y
11141,DP11142,Arjun O,Bengaluru,Cycle,Contract,4.15,Y
11142,DP11143,Arjun K,Pune,Bike,Contract,4.09,Y
11143,DP11144,Vikas D,Ahmedabad,Bike,Part-time,3.9,Y
11144,DP11145,Kiran J,Mumbai,Bike,Full-time,4.15,Y
11145,DP11146,Ravi Z,Chennai,Cycle,Full-time,3.67,N
11146,DP11147,Divya U,Delhi,Bike,Part-time,3.81,Y
11147,DP11148,Nikhil G,Bengaluru,Bike,Part-time,3.88,Y
11148,DP11149,Nikhil P,Mumbai,Cycle,Part-time,4.27,Y
11149,DP11150,Ravi W,Bengaluru,Scooter,Contract,3.92,Y
11150,DP11151,Ravi V,Ahmedabad,Bike,Contract,4.33,Y
11151,DP11152,Ananya O,Pune,Bike,Part-time,4.3,Y
11152,DP11153,Manoj J,Mumbai,Bike,Full-time,4.33,Y
11153,DP11154,Arjun Z,Hyderabad,Cycle,Full-time,3.52,Y
11154,DP11155,Vikas M,Bengaluru,Bike,Full-time,4.17,Y
11155,DP11156,Divya Z,Pune,Cycle,Full-time,4.34,Y
11156,DP11157,Deepak F,Mumbai,Scooter,Part-time,4.2,Y
11157,DP11158,Meena I,Mumbai,Cycle,Full-time,4.01,Y
11158,DP11159,Shreya G,Mumbai,Bike,Part-time,4.2,Y
11159,DP11160,Santosh Z,Chennai,Scooter,Full-time,4.32,Y
11160,DP11161,Divya K,Delhi,Scooter,Full-time,3.39,Y
11161,DP11162,Deepak T,Kolkata,Cycle,Full-time,4.08,Y
11162,DP11163,Manoj L,Bengaluru,Scooter,Full-time,4.03,Y
11163,DP11164,Arjun B,Ahmedabad,Scooter,Part-time,4.62,Y
11164,DP11165,Pooja C,Bengaluru,Scooter,Contract,3.91,Y
11165,DP11166,Rakesh A,Chennai,Scooter,Full-time,4.03,Y
11166,DP11167,Priya I,Kolkata,Scooter,Contract,4.0,N
11167,DP11168,Neha A,Hyderabad,Bike,Part-time,3.79,Y
11168,DP11169,Ravi J,Bengaluru,Bike,Part-time,4.55,N
11169,DP11170,Arjun Q,Pune,Bike,Part-time,4.23,Y
11170,DP11171,Shreya K,Chennai,Scooter,Full-time,4.09,Y
11171,DP11172,Santosh V,Chennai,Scooter,Part-time,4.55,Y
11172,DP11173,Kiran W,Bengaluru,Bike,Full-time,4.58,Y
11173,DP11174,Vikas Z,Delhi,Bike,Part-time,4.83,Y
11174,DP11175,Nikhil V,Hyderabad,Bike,Full-time,4.22,Y
11175,DP11176,Pooja S,Bengaluru,Bike,Full-time,4.41,Y
11176,DP11177,Divya P,Bengaluru,Scooter,Full-time,3.69,Y
11177,DP11178,Neha R,Bengaluru,Scooter,Full-time,4.35,N
11178,DP11179,Priya Y,Ahmedabad,Bike,Full-time,4.08,Y
11179,DP11180,Nikhil M,Bengaluru,Car,Contract,4.37,Y
11180,DP11181,Vikas O,Delhi,Bike,Contract,4.28,Y
11181,DP11182,Amit S,Chennai,Scooter,Full-time,4.04,Y
11182,DP11183,Santosh V,Kolkata,Scooter,Full-time,4.66,Y
11183,DP11184,Divya W,Hyderabad,Cycle,Full-time,4.42,Y
11184,DP11185,Pooja T,Mumbai,Scooter,Part-time,4.46,N
11185,DP11186,Rahul A,Chennai,Bike,Full-time,4.54,Y
11186,DP11187,Vikas G,Hyderabad,Scooter,Contract,4.18,Y
11187,DP11188,Shreya Z,Mumbai,Scooter,Full-time,4.4,Y
11188,DP11189,Pooja O,Kolkata,Scooter,Full-time,4.0,Y
11189,DP11190,Nikhil G,Hyderabad,Cycle,Contract,4.05,Y
11190,DP11191,Vikas O,Bengaluru,Scooter,Full-time,4.31,Y
11191,DP11192,Nikhil S,Delhi,Bike,Contract,4.27,N
11192,DP11193,Ananya X,Bengaluru,Car,Full-time,4.11,N
11193,DP11194,Santosh Q,Bengaluru,Cycle,Full-time,4.71,Y
11194,DP11195,Priya G,Hyderabad,Cycle,Full-time,4.09,N
11195,DP11196,Nikhil C,Bengaluru,Cycle,Full-time,4.2,Y
11196,DP11197,Santosh O,Ahmedabad,Scooter,Part-time,4.55,Y
11197,DP11198,Divya T,Kolkata,Bike,Contract,4.39,Y
11198,DP11199,Neha P,Bengaluru,Bike,Contract,4.5,Y
11199,DP11200,Sneha A,Chennai,Bike,Part-time,4.59,Y
11200,DP11201,Priya S,Mumbai,Cycle,Full-time,4.43,Y
11201,DP11202,Priya V,Kolkata,Bike,Full-time,4.14,Y
11202,DP11203,Suresh O,Hyderabad,Bike,Full-time,4.08,N
11203,DP11204,Rahul J,Hyderabad,Bike,Full-time,4.06,Y
11204,DP11205,Manoj W,Pune,Scooter,Part-time,3.94,Y
11205,DP11206,Neha O,Kolkata,Scooter,Full-time,4.33,Y
11206,DP11207,Manoj V,Pune,Scooter,Part-time,3.87,Y
11207,DP11208,Suresh X,Bengaluru,Scooter,Part-time,4.78,Y
11208,DP11209,Neha A,Chennai,Bike,Contract,4.21,Y
11209,DP11210,Ravi S,Chennai,Scooter,Part-time,3.93,Y
11210,DP11211,Meena O,Bengaluru,Cycle,Full-time,4.23,Y
11211,DP11212,Suresh Y,Hyderabad,Scooter,Part-time,3.61,Y
11212,DP11213,Manoj T,Mumbai,Bike,Full-time,4.18,Y
11213,DP11214,Suresh Y,Hyderabad,Scooter,Full-time,3.84,Y
11214,DP11215,Deepak I,Bengaluru,Bike,Contract,4.17,Y
11215,DP11216,Santosh M,Chennai,Bike,Part-time,3.95,Y
11216,DP11217,Priya P,Bengaluru,Scooter,Full-time,4.88,Y
11217,DP11218,Suresh A,Mumbai,Bike,Contract,4.44,Y
11218,DP11219,Nikhil E,Mumbai,Car,Full-time,4.37,Y
11219,DP11220,Santosh M,Bengaluru,Bike,Contract,3.96,Y
11220,DP11221,Kiran J,Bengaluru,Cycle,Full-time,3.88,Y
11221,DP11222,Meena M,Delhi,Scooter,Full-time,4.23,Y
11222,DP11223,Ravi F,Pune,Scooter,Part-time,4.13,Y
11223,DP11224,Priya Y,Ahmedabad,Car,Contract,4.49,Y
11224,DP11225,Priya G,Bengaluru,Scooter,Full-time,4.2,Y
11225,DP11226,Ravi V,Bengaluru,Scooter,Contract,4.56,Y
11226,DP11227,Manoj O,Mumbai,Bike,Part-time,4.33,Y
11227,DP11228,Rakesh Z,Delhi,Cycle,Full-time,4.79,Y
11228,DP11229,Nikhil Z,Mumbai,Scooter,Contract,4.29,Y
11229,DP11230,Nikhil H,Pune,Scooter,Contract,3.8,Y
11230,DP11231,Divya P,Ahmedabad,Bike,Full-time,4.26,Y
11231,DP11232,Suresh Y,Bengaluru,Scooter,Full-time,4.79,Y
11232,DP11233,Nikhil H,Delhi,Scooter,Contract,4.36,Y
11233,DP11234,Arjun O,Delhi,Scooter,Full-time,4.18,Y
11234,DP11235,Nikhil T,Delhi,Bike,Full-time,4.33,Y
11235,DP11236,Ravi Y,Chennai,Bike,Full-time,4.23,Y
11236,DP11237,Neha L,Mumbai,Scooter,Full-time,3.89,Y
11237,DP11238,Sneha K,Delhi,Scooter,Part-time,3.82,Y
11238,DP11239,Nikhil O,Bengaluru,Bike,Contract,3.84,Y
11239,DP11240,Nikhil H,Delhi,Scooter,Full-time,3.84,Y
11240,DP11241,Neha W,Hyderabad,Bike,Contract,3.24,Y
11241,DP11242,Neha B,Delhi,Cycle,Full-time,4.2,Y
11242,DP11243,Rakesh I,Delhi,Bike,Full-time,4.86,Y
11243,DP11244,Divya Z,Delhi,Cycle,Full-time,4.15,Y
11244,DP11245,Suresh H,Delhi,Scooter,Full-time,4.23,Y
11245,DP11246,Manoj Y,Mumbai,Car,Full-time,4.07,Y
11246,DP11247,Divya W,Mumbai,Cycle,Contract,4.27,Y
11247,DP11248,Priya Z,Mumbai,Bike,Part-time,4.07,Y
11248,DP11249,Santosh X,Delhi,Scooter,Full-time,3.97,Y
11249,DP11250,Manoj K,Kolkata,Bike,Contract,3.82,Y
11250,DP11251,Suresh M,Bengaluru,Bike,Full-time,4.02,Y
11251,DP11252,Ravi Y,Chennai,Bike,Part-time,4.16,Y
11252,DP11253,Arjun G,Bengaluru,Scooter,Full-time,4.35,Y
11253,DP11254,Kiran B,Mumbai,Scooter,Full-time,4.05,Y
11254,DP11255,Ravi N,Chennai,Scooter,Part-time,4.58,Y
11255,DP11256,Ravi Y,Pune,Bike,Part-time,4.24,Y
11256,DP11257,Pooja J,Mumbai,Bike,Full-time,4.57,Y
11257,DP11258,Suresh P,Bengaluru,Bike,Full-time,3.89,Y
11258,DP11259,Manoj L,Bengaluru,Scooter,Full-time,4.71,Y
11259,DP11260,Kiran B,Pune,Bike,Full-time,4.24,Y
11260,DP11261,Kiran S,Mumbai,Bike,Full-time,3.77,Y
11261,DP11262,Vikas A,Bengaluru,Bike,Full-time,4.14,N
11262,DP11263,Ananya Y,Kolkata,Scooter,Part-time,4.35,Y
11263,DP11264,Deepak N,Delhi,Scooter,Part-time,4.68,Y
11264,DP11265,Vikas S,Delhi,Scooter,Part-time,4.01,Y
11265,DP11266,Vikas Z,Hyderabad,Scooter,Full-time,4.75,Y
11266,DP11267,Suresh R,Bengaluru,Bike,Full-time,3.9,Y
11267,DP11268,Vikas H,Delhi,Car,Part-time,4.42,Y
11268,DP11269,Suresh L,Pune,Scooter,Contract,3.88,Y
11269,DP11270,Priya H,Bengaluru,Car,Part-time,4.66,Y
11270,DP11271,Deepak B,Delhi,Bike,Full-time,4.41,Y
11271,DP11272,Kiran K,Bengaluru,Scooter,Full-time,4.37,Y
11272,DP11273,Ananya L,Delhi,Scooter,Part-time,4.24,Y
11273,DP11274,Sneha J,Hyderabad,Bike,Part-time,4.35,Y
11274,DP11275,Shreya N,Chennai,Bike,Full-time,4.24,Y
11275,DP11276,Rakesh S,Chennai,Bike,Full-time,4.31,Y
11276,DP11277,Priya E,Bengaluru,Scooter,Part-time,4.34,Y
11277,DP11278,Divya E,Delhi,Cycle,Full-time,4.45,Y
11278,DP11279,Arjun A,Bengaluru,Bike,Part-time,4.57,Y
11279,DP11280,Ananya T,Bengaluru,Cycle,Full-time,4.53,N
11280,DP11281,Rahul E,Mumbai,Bike,Full-time,3.84,Y
11281,DP11282,Deepak F,Bengaluru,Bike,Full-time,4.46,Y
11282,DP11283,Manoj J,Bengaluru,Cycle,Full-time,4.53,N
11283,DP11284,Amit B,Bengaluru,Bike,Full-time,4.17,Y
11284,DP11285,Santosh B,Kolkata,Scooter,Part-time,3.76,Y
11285,DP11286,Kiran O,Bengaluru,Bike,Full-time,4.38,Y
11286,DP11287,Divya K,Bengaluru,Bike,Full-time,4.22,N
11287,DP11288,Meena M,Mumbai,Scooter,Contract,4.0,N
11288,DP11289,Shreya Y,Delhi,Bike,Part-time,4.33,Y
11289,DP11290,Divya A,Pune,Cycle,Part-time,4.46,Y
11290,DP11291,Ananya N,Delhi,Scooter,Contract,4.02,Y
11291,DP11292,Ravi S,Kolkata,Scooter,Part-time,3.92,Y
11292,DP11293,Manoj J,Mumbai,Bike,Full-time,4.45,Y
11293,DP11294,Vikas N,Chennai,Scooter,Contract,4.02,Y
11294,DP11295,Santosh E,Hyderabad,Bike,Contract,4.42,Y
11295,DP11296,Divya F,Chennai,Bike,Part-time,4.37,Y
11296,DP11297,Divya D,Kolkata,Scooter,Full-time,4.36,Y
11297,DP11298,Amit A,Mumbai,Scooter,Full-time,3.68,Y
11298,DP11299,Manoj J,Chennai,Scooter,Part-time,4.23,Y
11299,DP11300,Pooja M,Pune,Scooter,Part-time,4.72,Y
11300,DP11301,Arjun X,Delhi,Bike,Part-time,4.55,Y
11301,DP11302,Manoj U,Ahmedabad,Scooter,Part-time,4.62,Y
11302,DP11303,Kiran F,Mumbai,Scooter,Full-time,3.86,Y
11303,DP11304,Pooja G,Delhi,Scooter,Full-time,4.4,N
11304,DP11305,Meena X,Mumbai,Bike,Contract,4.28,Y
11305,DP11306,Deepak O,Mumbai,Bike,Part-time,3.81,Y
11306,DP11307,Divya Y,Hyderabad,Scooter,Full-time,3.54,Y
11307,DP11308,Pooja E,Bengaluru,Bike,Full-time,4.04,Y
11308,DP11309,Suresh S,Delhi,Bike,Full-time,4.19,Y
11309,DP11310,Ananya E,Hyderabad,Scooter,Contract,3.92,Y
11310,DP11311,Pooja Q,Bengaluru,Bike,Contract,4.28,Y
11311,DP11312,Pooja X,Pune,Cycle,Full-time,3.9,N
11312,DP11313,Manoj M,Delhi,Bike,Part-time,4.65,Y
11313,DP11314,Ravi S,Mumbai,Scooter,Part-time,4.26,Y
11314,DP11315,Deepak N,Mumbai,Bike,Full-time,3.87,Y
11315,DP11316,Ravi L,Mumbai,Bike,Part-time,4.07,Y
11316,DP11317,Shreya R,Bengaluru,Scooter,Part-time,4.14,Y
11317,DP11318,Manoj Y,Pune,Scooter,Part-time,4.13,Y
11318,DP11319,Amit W,Chennai,Cycle,Part-time,4.02,Y
11319,DP11320,Nikhil A,Hyderabad,Scooter,Contract,4.08,N
11320,DP11321,Santosh M,Hyderabad,Car,Contract,4.36,Y
11321,DP11322,Rahul X,Hyderabad,Cycle,Part-time,3.99,Y
11322,DP11323,Sneha K,Bengaluru,Bike,Full-time,4.64,Y
11323,DP11324,Neha L,Chennai,Bike,Full-time,4.32,Y
11324,DP11325,Suresh Z,Bengaluru,Cycle,Contract,3.88,Y
11325,DP11326,Divya S,Chennai,Bike,Contract,4.39,Y
11326,DP11327,Meena E,Bengaluru,Bike,Part-time,4.46,Y
11327,DP11328,Rakesh M,Kolkata,Bike,Contract,4.32,Y
11328,DP11329,Suresh H,Mumbai,Car,Full-time,4.37,Y
11329,DP11330,Manoj Q,Delhi,Bike,Contract,4.27,N
11330,DP11331,Santosh W,Hyderabad,Bike,Part-time,4.02,Y
11331,DP11332,Ananya W,Mumbai,Scooter,Full-time,4.95,Y
11332,DP11333,Shreya I,Mumbai,Bike,Part-time,3.97,N
11333,DP11334,Priya T,Ahmedabad,Scooter,Contract,3.78,Y
11334,DP11335,Priya B,Delhi,Scooter,Contract,4.04,Y
11335,DP11336,Nikhil P,Mumbai,Car,Part-time,4.06,Y
11336,DP11337,Deepak I,Bengaluru,Bike,Full-time,3.98,Y
11337,DP11338,Rahul C,Mumbai,Scooter,Full-time,4.04,Y
11338,DP11339,Divya W,Bengaluru,Bike,Full-time,4.79,Y
11339,DP11340,Neha L,Delhi,Bike,Full-time,3.59,Y
11340,DP11341,Sneha F,Ahmedabad,Car,Part-time,3.81,Y
11341,DP11342,Vikas K,Kolkata,Bike,Part-time,4.38,Y
11342,DP11343,Arjun C,Kolkata,Bike,Contract,4.39,Y
11343,DP11344,Divya D,Chennai,Scooter,Full-time,4.17,Y
11344,DP11345,Vikas F,Pune,Scooter,Full-time,4.38,Y
11345,DP11346,Vikas C,Pune,Cycle,Part-time,3.82,Y
11346,DP11347,Neha C,Delhi,Scooter,Full-time,4.1,Y
11347,DP11348,Divya L,Hyderabad,Bike,Part-time,4.31,Y
11348,DP11349,Deepak K,Kolkata,Bike,Part-time,3.7,Y
11349,DP11350,Ananya Z,Mumbai,Bike,Part-time,3.7,Y
11350,DP11351,Santosh F,Delhi,Bike,Full-time,3.71,Y
11351,DP11352,Divya N,Pune,Bike,Full-time,4.26,Y
11352,DP11353,Shreya C,Bengaluru,Scooter,Part-time,4.07,Y
11353,DP11354,Arjun X,Mumbai,Scooter,Part-time,4.52,Y
11354,DP11355,Amit D,Bengaluru,Cycle,Full-time,4.57,Y
11355,DP11356,Ravi S,Mumbai,Bike,Full-time,4.38,Y
11356,DP11357,Arjun D,Mumbai,Scooter,Full-time,4.61,Y
11357,DP11358,Rakesh J,Chennai,Scooter,Contract,3.69,Y
11358,DP11359,Rahul S,Kolkata,Bike,Full-time,4.34,Y
11359,DP11360,Deepak R,Bengaluru,Scooter,Contract,4.21,Y
11360,DP11361,Neha Z,Bengaluru,Bike,Full-time,4.57,Y
11361,DP11362,Amit O,Bengaluru,Scooter,Full-time,4.08,Y
11362,DP11363,Pooja T,Delhi,Bike,Full-time,4.63,Y
11363,DP11364,Pooja N,Pune,Car,Part-time,3.52,Y
11364,DP11365,Nikhil M,Bengaluru,Scooter,Full-time,4.17,N
11365,DP11366,Amit U,Kolkata,Bike,Contract,3.93,Y
11366,DP11367,Shreya V,Bengaluru,Scooter,Full-time,4.25,Y
11367,DP11368,Rakesh R,Hyderabad,Bike,Contract,3.94,Y
11368,DP11369,Rahul C,Pune,Scooter,Full-time,4.65,N
11369,DP11370,Rakesh O,Delhi,Scooter,Full-time,3.74,Y
11370,DP11371,Deepak H,Delhi,Bike,Part-time,4.63,Y
11371,DP11372,Sneha H,Bengaluru,Scooter,Part-time,4.55,Y
11372,DP11373,Divya M,Chennai,Scooter,Part-time,4.54,Y
11373,DP11374,Priya G,Ahmedabad,Cycle,Part-time,4.27,Y
11374,DP11375,Deepak S,Pune,Scooter,Full-time,4.1,N
11375,DP11376,Deepak U,Mumbai,Bike,Full-time,3.62,Y
11376,DP11377,Nikhil M,Hyderabad,Scooter,Contract,3.54,Y
11377,DP11378,Vikas R,Kolkata,Scooter,Full-time,4.4,Y
11378,DP11379,Arjun T,Bengaluru,Scooter,Full-time,4.27,Y
11379,DP11380,Shreya X,Mumbai,Scooter,Part-time,3.64,N
11380,DP11381,Meena Z,Chennai,Cycle,Full-time,3.97,Y
11381,DP11382,Divya M,Chennai,Scooter,Full-time,3.73,Y
11382,DP11383,Shreya R,Chennai,Scooter,Full-time,4.28,Y
11383,DP11384,Kiran B,Bengaluru,Cycle,Part-time,4.11,Y
11384,DP11385,Rakesh H,Bengaluru,Scooter,Part-time,4.19,Y
11385,DP11386,Kiran V,Mumbai,Bike,Full-time,4.27,Y
11386,DP11387,Rahul A,Bengaluru,Cycle,Contract,4.55,Y
11387,DP11388,Pooja L,Mumbai,Scooter,Contract,3.94,Y
11388,DP11389,Neha N,Mumbai,Scooter,Full-time,3.77,N
11389,DP11390,Pooja Z,Hyderabad,Bike,Full-time,3.96,Y
11390,DP11391,Manoj Y,Kolkata,Cycle,Part-time,3.91,Y
11391,DP11392,Sneha J,Hyderabad,Scooter,Contract,3.85,Y
11392,DP11393,Rahul O,Hyderabad,Scooter,Part-time,4.36,Y
11393,DP11394,Manoj U,Kolkata,Scooter,Full-time,4.34,Y
11394,DP11395,Santosh S,Hyderabad,Scooter,Contract,4.44,Y
11395,DP11396,Rahul W,Mumbai,Bike,Contract,4.25,Y
11396,DP11397,Vikas Y,Hyderabad,Scooter,Part-time,4.7,Y
11397,DP11398,Arjun V,Delhi,Bike,Part-time,4.72,Y
11398,DP11399,Vikas B,Kolkata,Bike,Contract,4.51,Y
11399,DP11400,Ananya F,Ahmedabad,Bike,Full-time,4.36,Y
11400,DP11401,Divya H,Kolkata,Bike,Full-time,3.99,Y
11401,DP11402,Ravi R,Mumbai,Bike,Contract,4.47,Y
11402,DP11403,Neha V,Ahmedabad,Scooter,Full-time,4.49,Y
11403,DP11404,Santosh W,Bengaluru,Bike,Full-time,4.03,Y
11404,DP11405,Amit S,Pune,Scooter,Full-time,3.61,Y
11405,DP11406,Deepak B,Pune,Bike,Contract,4.21,Y
11406,DP11407,Deepak U,Delhi,Cycle,Part-time,3.87,Y
11407,DP11408,Kiran Q,Bengaluru,Scooter,Part-time,3.84,Y
11408,DP11409,Santosh Z,Chennai,Bike,Contract,4.09,Y
11409,DP11410,Nikhil V,Mumbai,Cycle,Contract,4.07,Y
11410,DP11411,Santosh S,Bengaluru,Bike,Contract,4.09,N
11411,DP11412,Priya O,Bengaluru,Bike,Contract,3.83,Y
11412,DP11413,Manoj D,Mumbai,Scooter,Contract,4.07,N
11413,DP11414,Santosh F,Pune,Cycle,Full-time,4.41,Y
11414,DP11415,Manoj T,Hyderabad,Scooter,Part-time,3.95,Y
11415,DP11416,Shreya Y,Delhi,Cycle,Full-time,3.83,Y
11416,DP11417,Kiran U,Ahmedabad,Car,Full-time,3.81,Y
11417,DP11418,Vikas I,Mumbai,Bike,Part-time,4.74,Y
11418,DP11419,Kiran I,Bengaluru,Bike,Contract,4.3,Y
11419,DP11420,Divya Q,Delhi,Bike,Part-time,4.37,Y
11420,DP11421,Vikas R,Chennai,Bike,Full-time,4.11,Y
11421,DP11422,Ravi Y,Mumbai,Scooter,Full-time,4.63,Y
11422,DP11423,Manoj V,Bengaluru,Cycle,Part-time,4.18,Y
11423,DP11424,Vikas K,Mumbai,Bike,Full-time,3.92,N
11424,DP11425,Neha B,Delhi,Bike,Part-time,4.51,Y
11425,DP11426,Kiran O,Hyderabad,Scooter,Part-time,4.09,Y
11426,DP11427,Rakesh L,Bengaluru,Scooter,Contract,4.43,Y
11427,DP11428,Meena W,Bengaluru,Scooter,Part-time,4.17,Y
11428,DP11429,Ananya W,Pune,Cycle,Full-time,4.56,Y
11429,DP11430,Divya Z,Bengaluru,Cycle,Contract,4.07,Y
11430,DP11431,Vikas B,Bengaluru,Bike,Full-time,4.09,Y
11431,DP11432,Deepak J,Mumbai,Scooter,Part-time,4.07,Y
11432,DP11433,Santosh N,Mumbai,Scooter,Full-time,4.17,Y
11433,DP11434,Santosh U,Delhi,Bike,Full-time,3.77,Y
11434,DP11435,Pooja D,Ahmedabad,Bike,Part-time,4.07,Y
11435,DP11436,Manoj A,Mumbai,Scooter,Part-time,4.32,Y
11436,DP11437,Divya N,Delhi,Scooter,Contract,4.09,Y
11437,DP11438,Suresh X,Chennai,Scooter,Full-time,4.15,Y
11438,DP11439,Amit R,Kolkata,Cycle,Part-time,4.3,Y
11439,DP11440,Shreya R,Hyderabad,Car,Full-time,3.72,Y
11440,DP11441,Ananya K,Chennai,Scooter,Full-time,4.36,Y
11441,DP11442,Amit L,Chennai,Cycle,Part-time,4.24,Y
11442,DP11443,Meena V,Delhi,Bike,Full-time,4.13,Y
11443,DP11444,Nikhil H,Hyderabad,Bike,Full-time,4.69,Y
11444,DP11445,Priya F,Mumbai,Scooter,Full-time,4.05,Y
11445,DP11446,Sneha H,Bengaluru,Bike,Full-time,4.59,Y
11446,DP11447,Priya U,Bengaluru,Bike,Part-time,4.09,Y
11447,DP11448,Amit U,Delhi,Bike,Contract,4.58,Y
11448,DP11449,Sneha S,Bengaluru,Scooter,Contract,3.84,Y
11449,DP11450,Arjun P,Bengaluru,Scooter,Full-time,4.62,Y
11450,DP11451,Nikhil Q,Kolkata,Bike,Full-time,4.55,N
11451,DP11452,Vikas P,Mumbai,Bike,Full-time,3.87,Y
11452,DP11453,Sneha W,Bengaluru,Bike,Contract,3.95,Y
11453,DP11454,Meena K,Mumbai,Bike,Full-time,4.12,Y
11454,DP11455,Vikas G,Mumbai,Bike,Contract,4.2,Y
11455,DP11456,Shreya A,Chennai,Bike,Full-time,4.55,Y
11456,DP11457,Sneha O,Mumbai,Scooter,Full-time,4.36,Y
11457,DP11458,Vikas A,Ahmedabad,Bike,Full-time,4.4,Y
11458,DP11459,Ravi P,Bengaluru,Bike,Part-time,5.0,Y
11459,DP11460,Ravi N,Hyderabad,Cycle,Part-time,4.54,Y
11460,DP11461,Deepak L,Chennai,Scooter,Part-time,4.62,N
11461,DP11462,Rakesh K,Bengaluru,Scooter,Part-time,3.63,Y
11462,DP11463,Divya S,Bengaluru,Scooter,Contract,3.83,Y
11463,DP11464,Pooja A,Mumbai,Scooter,Full-time,4.14,N
11464,DP11465,Sneha K,Kolkata,Cycle,Part-time,4.2,Y
11465,DP11466,Ravi I,Delhi,Scooter,Part-time,3.76,Y
11466,DP11467,Divya V,Bengaluru,Bike,Full-time,4.31,Y
11467,DP11468,Neha Y,Delhi,Bike,Part-time,4.12,Y
11468,DP11469,Rahul K,Mumbai,Scooter,Full-time,4.09,Y
11469,DP11470,Ravi J,Bengaluru,Scooter,Part-time,4.21,Y
11470,DP11471,Rakesh Z,Pune,Cycle,Part-time,4.27,N
11471,DP11472,Ananya V,Kolkata,Bike,Full-time,4.06,Y
11472,DP11473,Rakesh N,Pune,Bike,Part-time,3.67,Y
11473,DP11474,Ravi A,Bengaluru,Bike,Part-time,4.0,Y
11474,DP11475,Rakesh Q,Chennai,Scooter,Contract,3.99,N
11475,DP11476,Manoj W,Hyderabad,Car,Full-time,4.26,Y
11476,DP11477,Neha F,Hyderabad,Cycle,Part-time,4.23,Y
11477,DP11478,Shreya S,Chennai,Scooter,Part-time,4.1,Y
11478,DP11479,Deepak N,Delhi,Bike,Full-time,4.51,N
11479,DP11480,Kiran E,Delhi,Scooter,Full-time,4.17,Y
11480,DP11481,Sneha F,Ahmedabad,Bike,Part-time,4.35,N
11481,DP11482,Ravi G,Chennai,Bike,Full-time,4.2,N
11482,DP11483,Shreya F,Ahmedabad,Cycle,Full-time,4.6,Y
11483,DP11484,Rahul G,Pune,Bike,Full-time,4.24,Y
11484,DP11485,Meena G,Bengaluru,Bike,Contract,3.81,Y
11485,DP11486,Suresh R,Chennai,Cycle,Full-time,4.31,Y
11486,DP11487,Meena C,Bengaluru,Bike,Full-time,4.5,Y
11487,DP11488,Kiran X,Chennai,Bike,Full-time,4.05,N
11488,DP11489,Pooja O,Kolkata,Bike,Part-time,4.4,Y
11489,DP11490,Pooja V,Bengaluru,Cycle,Full-time,4.11,Y
11490,DP11491,Ravi B,Mumbai,Bike,Contract,4.04,Y
11491,DP11492,Amit C,Chennai,Scooter,Full-time,3.81,Y
11492,DP11493,Ananya Z,Kolkata,Scooter,Part-time,3.94,Y
11493,DP11494,Amit X,Ahmedabad,Scooter,Full-time,4.2,Y
11494,DP11495,Kiran E,Chennai,Bike,Contract,4.36,Y
11495,DP11496,Neha G,Kolkata,Car,Part-time,4.27,N
11496,DP11497,Rahul E,Ahmedabad,Bike,Full-time,3.84,Y
11497,DP11498,Meena T,Kolkata,Cycle,Contract,4.16,Y
11498,DP11499,Meena W,Bengaluru,Bike,Full-time,3.49,Y
11499,DP11500,Sneha J,Delhi,Bike,Full-time,3.91,N
11500,DP11501,Divya B,Mumbai,Bike,Contract,3.86,Y
11501,DP11502,Kiran L,Pune,Bike,Full-time,4.73,Y
11502,DP11503,Amit J,Bengaluru,Scooter,Part-time,4.07,N
11503,DP11504,Rahul D,Bengaluru,Cycle,Part-time,4.19,Y
11504,DP11505,Sneha T,Mumbai,Bike,Full-time,4.53,Y
11505,DP11506,Rahul F,Bengaluru,Scooter,Part-time,4.41,Y
11506,DP11507,Arjun D,Delhi,Scooter,Full-time,4.72,Y
11507,DP11508,Sneha F,Hyderabad,Scooter,Full-time,5.0,Y
11508,DP11509,Santosh M,Bengaluru,Bike,Part-time,4.48,Y
11509,DP11510,Santosh F,Mumbai,Cycle,Full-time,4.68,N
11510,DP11511,Neha P,Chennai,Bike,Contract,5.0,Y
11511,DP11512,Suresh S,Mumbai,Cycle,Contract,4.5,Y
11512,DP11513,Neha E,Bengaluru,Bike,Contract,4.78,Y
11513,DP11514,Rahul I,Hyderabad,Bike,Contract,4.21,Y
11514,DP11515,Suresh I,Hyderabad,Scooter,Part-time,4.4,Y
11515,DP11516,Deepak S,Bengaluru,Scooter,Part-time,4.14,Y
11516,DP11517,Deepak I,Delhi,Scooter,Full-time,3.97,Y
11517,DP11518,Arjun D,Mumbai,Bike,Full-time,4.35,Y
11518,DP11519,Amit M,Bengaluru,Bike,Part-time,3.73,Y
11519,DP11520,Rahul Y,Hyderabad,Scooter,Full-time,3.91,Y
11520,DP11521,Ravi I,Mumbai,Bike,Full-time,4.39,Y
11521,DP11522,Ravi N,Mumbai,Bike,Full-time,3.89,Y
11522,DP11523,Kiran I,Kolkata,Bike,Part-time,3.92,Y
11523,DP11524,Ananya W,Chennai,Scooter,Full-time,3.82,Y
11524,DP11525,Divya C,Ahmedabad,Cycle,Contract,4.02,Y
11525,DP11526,Shreya U,Kolkata,Scooter,Full-time,4.17,Y
11526,DP11527,Priya E,Hyderabad,Bike,Full-time,3.97,Y
11527,DP11528,Nikhil A,Ahmedabad,Scooter,Full-time,3.79,Y
11528,DP11529,Kiran H,Ahmedabad,Cycle,Part-time,3.8,Y
11529,DP11530,Arjun L,Pune,Scooter,Contract,4.19,Y
11530,DP11531,Meena H,Hyderabad,Bike,Full-time,3.36,Y
11531,DP11532,Deepak D,Chennai,Scooter,Full-time,4.31,Y
11532,DP11533,Nikhil Y,Kolkata,Cycle,Full-time,4.41,Y
11533,DP11534,Meena N,Delhi,Bike,Part-time,3.53,Y
11534,DP11535,Rahul D,Mumbai,Bike,Part-time,4.23,Y
11535,DP11536,Deepak Q,Mumbai,Bike,Contract,4.39,Y
11536,DP11537,Vikas A,Pune,Cycle,Part-time,4.19,Y
11537,DP11538,Amit N,Bengaluru,Bike,Part-time,4.35,Y
11538,DP11539,Ravi Y,Bengaluru,Bike,Full-time,4.29,N
11539,DP11540,Neha S,Pune,Car,Full-time,4.39,N
11540,DP11541,Vikas G,Kolkata,Scooter,Full-time,3.97,Y
11541,DP11542,Ananya L,Hyderabad,Bike,Part-time,4.58,Y
11542,DP11543,Divya S,Hyderabad,Bike,Part-time,3.71,N
11543,DP11544,Manoj G,Bengaluru,Scooter,Full-time,4.21,N
11544,DP11545,Neha R,Bengaluru,Bike,Contract,4.93,Y
11545,DP11546,Deepak E,Bengaluru,Bike,Part-time,4.44,Y
11546,DP11547,Deepak O,Hyderabad,Bike,Contract,3.8,Y
11547,DP11548,Santosh J,Pune,Scooter,Part-time,4.64,Y
11548,DP11549,Rahul H,Delhi,Scooter,Full-time,3.85,Y
11549,DP11550,Rahul H,Chennai,Cycle,Full-time,3.86,Y
11550,DP11551,Shreya B,Chennai,Bike,Full-time,4.15,Y
11551,DP11552,Manoj Y,Chennai,Scooter,Full-time,3.83,Y
11552,DP11553,Ravi L,Bengaluru,Scooter,Contract,3.59,Y
11553,DP11554,Vikas J,Pune,Cycle,Contract,4.51,Y
11554,DP11555,Priya N,Bengaluru,Scooter,Full-time,4.59,Y
11555,DP11556,Rakesh M,Delhi,Bike,Full-time,4.28,Y
11556,DP11557,Deepak N,Mumbai,Bike,Full-time,3.7,Y
11557,DP11558,Amit V,Pune,Car,Part-time,4.25,Y
11558,DP11559,Ananya Z,Chennai,Cycle,Part-time,4.27,Y
11559,DP11560,Pooja S,Kolkata,Scooter,Full-time,3.58,Y
11560,DP11561,Ananya N,Delhi,Cycle,Contract,4.25,Y
11561,DP11562,Vikas M,Pune,Cycle,Full-time,4.06,Y
11562,DP11563,Rakesh B,Delhi,Cycle,Full-time,4.56,Y
11563,DP11564,Kiran P,Ahmedabad,Bike,Contract,3.76,Y
11564,DP11565,Pooja E,Hyderabad,Scooter,Part-time,4.26,Y
11565,DP11566,Kiran I,Bengaluru,Scooter,Part-time,4.01,Y
11566,DP11567,Santosh R,Delhi,Bike,Part-time,4.36,Y
11567,DP11568,Priya U,Chennai,Scooter,Part-time,4.51,Y
11568,DP11569,Divya E,Mumbai,Scooter,Part-time,4.03,Y
11569,DP11570,Pooja X,Bengaluru,Bike,Full-time,3.88,Y
11570,DP11571,Manoj L,Chennai,Scooter,Full-time,4.36,Y
11571,DP11572,Arjun I,Bengaluru,Bike,Contract,4.35,Y
11572,DP11573,Nikhil I,Mumbai,Scooter,Full-time,4.67,Y
11573,DP11574,Nikhil T,Hyderabad,Scooter,Full-time,4.21,Y
11574,DP11575,Ravi D,Pune,Cycle,Contract,4.11,Y
11575,DP11576,Neha D,Hyderabad,Bike,Full-time,4.11,Y
11576,DP11577,Divya Z,Hyderabad,Bike,Full-time,4.23,N
11577,DP11578,Neha G,Kolkata,Cycle,Full-time,4.41,Y
11578,DP11579,Ananya E,Kolkata,Bike,Part-time,4.51,Y
11579,DP11580,Santosh R,Mumbai,Bike,Full-time,4.03,Y
11580,DP11581,Rakesh P,Mumbai,Bike,Full-time,4.19,Y
11581,DP11582,Neha P,Mumbai,Car,Contract,4.32,Y
11582,DP11583,Shreya C,Pune,Cycle,Contract,4.02,N
11583,DP11584,Santosh C,Delhi,Cycle,Contract,4.39,Y
11584,DP11585,Deepak W,Bengaluru,Bike,Part-time,4.13,Y
11585,DP11586,Arjun A,Mumbai,Bike,Full-time,4.14,Y
11586,DP11587,Santosh F,Delhi,Bike,Full-time,4.15,Y
11587,DP11588,Amit C,Bengaluru,Scooter,Contract,4.42,N
11588,DP11589,Manoj O,Chennai,Cycle,Full-time,4.19,Y
11589,DP11590,Arjun A,Chennai,Scooter,Contract,4.21,Y
11590,DP11591,Rakesh H,Hyderabad,Scooter,Full-time,4.19,Y
11591,DP11592,Kiran Z,Hyderabad,Bike,Full-time,4.45,Y
11592,DP11593,Priya A,Kolkata,Car,Part-time,4.21,Y
11593,DP11594,Amit G,Bengaluru,Bike,Full-time,4.03,Y
11594,DP11595,Santosh Q,Bengaluru,Bike,Full-time,4.16,Y
11595,DP11596,Suresh C,Pune,Scooter,Part-time,4.24,Y
11596,DP11597,Sneha M,Bengaluru,Scooter,Part-time,4.49,Y
11597,DP11598,Meena B,Pune,Bike,Contract,3.76,Y
11598,DP11599,Rahul A,Delhi,Bike,Part-time,4.62,Y
11599,DP11600,Neha I,Kolkata,Bike,Full-time,4.23,Y
11600,DP11601,Ananya R,Ahmedabad,Bike,Full-time,4.01,Y
11601,DP11602,Rahul P,Delhi,Car,Full-time,4.02,Y
11602,DP11603,Arjun C,Pune,Bike,Full-time,3.97,Y
11603,DP11604,Arjun B,Hyderabad,Bike,Part-time,4.04,Y
11604,DP11605,Manoj A,Delhi,Car,Full-time,3.99,N
11605,DP11606,Sneha M,Ahmedabad,Scooter,Full-time,4.2,Y
11606,DP11607,Ravi L,Mumbai,Scooter,Full-time,4.33,Y
11607,DP11608,Meena R,Mumbai,Bike,Part-time,4.01,Y
11608,DP11609,Arjun R,Delhi,Scooter,Part-time,3.95,Y
11609,DP11610,Meena Z,Bengaluru,Cycle,Part-time,4.56,Y
11610,DP11611,Manoj C,Delhi,Bike,Part-time,4.25,Y
11611,DP11612,Ravi N,Mumbai,Cycle,Full-time,4.03,Y
11612,DP11613,Rakesh P,Bengaluru,Scooter,Full-time,4.17,Y
11613,DP11614,Shreya W,Bengaluru,Bike,Full-time,4.03,Y
11614,DP11615,Rakesh D,Mumbai,Bike,Part-time,5.0,Y
11615,DP11616,Shreya D,Mumbai,Scooter,Part-time,3.97,Y
11616,DP11617,Kiran U,Delhi,Scooter,Contract,3.98,Y
11617,DP11618,Arjun N,Mumbai,Scooter,Part-time,4.02,Y
11618,DP11619,Ananya T,Hyderabad,Bike,Full-time,4.69,Y
11619,DP11620,Priya R,Delhi,Scooter,Full-time,4.52,N
11620,DP11621,Arjun Q,Mumbai,Bike,Full-time,4.22,Y
11621,DP11622,Rahul N,Chennai,Scooter,Full-time,3.8,Y
11622,DP11623,Ravi D,Bengaluru,Cycle,Part-time,4.34,Y
11623,DP11624,Nikhil Y,Delhi,Bike,Full-time,4.25,Y
11624,DP11625,Meena N,Mumbai,Cycle,Full-time,3.59,Y
11625,DP11626,Meena F,Pune,Bike,Full-time,4.22,Y
11626,DP11627,Divya M,Delhi,Scooter,Full-time,3.78,Y
11627,DP11628,Deepak S,Delhi,Scooter,Contract,4.13,Y
11628,DP11629,Rakesh M,Bengaluru,Scooter,Full-time,3.96,Y
11629,DP11630,Manoj E,Delhi,Scooter,Full-time,3.98,Y
11630,DP11631,Shreya E,Bengaluru,Cycle,Contract,4.32,Y
11631,DP11632,Nikhil E,Delhi,Scooter,Contract,4.14,Y
11632,DP11633,Deepak Q,Hyderabad,Bike,Part-time,3.81,Y
11633,DP11634,Manoj U,Pune,Bike,Part-time,4.17,Y
11634,DP11635,Rahul P,Delhi,Cycle,Full-time,3.97,Y
11635,DP11636,Meena D,Kolkata,Bike,Part-time,4.66,N
11636,DP11637,Arjun V,Kolkata,Bike,Full-time,4.62,Y
11637,DP11638,Pooja T,Mumbai,Cycle,Part-time,4.12,Y
11638,DP11639,Rakesh B,Pune,Scooter,Contract,4.18,Y
11639,DP11640,Rakesh W,Delhi,Bike,Contract,4.16,N
11640,DP11641,Ravi O,Bengaluru,Car,Full-time,3.89,N
11641,DP11642,Amit A,Hyderabad,Scooter,Full-time,4.3,Y
11642,DP11643,Shreya P,Bengaluru,Scooter,Part-time,4.27,Y
11643,DP11644,Vikas S,Chennai,Bike,Contract,3.57,Y
11644,DP11645,Ananya D,Hyderabad,Bike,Full-time,4.47,Y
11645,DP11646,Manoj N,Ahmedabad,Bike,Contract,3.87,Y
11646,DP11647,Amit W,Kolkata,Scooter,Part-time,3.99,Y
11647,DP11648,Amit Z,Chennai,Bike,Full-time,3.9,Y
11648,DP11649,Vikas M,Bengaluru,Scooter,Full-time,4.41,Y
11649,DP11650,Manoj R,Delhi,Scooter,Full-time,3.23,Y
11650,DP11651,Rahul C,Pune,Cycle,Full-time,3.92,Y
11651,DP11652,Sneha B,Kolkata,Bike,Contract,4.11,Y
11652,DP11653,Nikhil Z,Kolkata,Scooter,Full-time,3.83,Y
11653,DP11654,Arjun A,Hyderabad,Scooter,Full-time,4.28,Y
11654,DP11655,Sneha J,Bengaluru,Bike,Full-time,3.57,Y
11655,DP11656,Kiran L,Mumbai,Scooter,Contract,4.42,Y
11656,DP11657,Suresh C,Bengaluru,Scooter,Full-time,3.92,Y
11657,DP11658,Manoj A,Bengaluru,Bike,Full-time,4.1,Y
11658,DP11659,Ravi X,Bengaluru,Scooter,Part-time,4.3,Y
11659,DP11660,Amit I,Pune,Cycle,Full-time,3.76,Y
11660,DP11661,Arjun D,Chennai,Bike,Full-time,4.49,Y
11661,DP11662,Rahul O,Chennai,Bike,Part-time,3.87,Y
11662,DP11663,Kiran V,Kolkata,Bike,Full-time,4.29,Y
11663,DP11664,Ravi F,Chennai,Bike,Full-time,3.97,Y
11664,DP11665,Kiran B,Kolkata,Bike,Full-time,4.38,Y
11665,DP11666,Divya W,Pune,Cycle,Full-time,4.16,N
11666,DP11667,Kiran W,Delhi,Bike,Part-time,3.75,Y
11667,DP11668,Sneha V,Kolkata,Bike,Part-time,4.26,Y
11668,DP11669,Suresh X,Bengaluru,Scooter,Full-time,4.21,Y
11669,DP11670,Amit U,Pune,Bike,Full-time,4.47,Y
11670,DP11671,Deepak R,Chennai,Scooter,Full-time,4.27,Y
11671,DP11672,Suresh C,Chennai,Cycle,Contract,4.44,Y
11672,DP11673,Nikhil B,Hyderabad,Bike,Full-time,4.29,Y
11673,DP11674,Santosh G,Hyderabad,Scooter,Full-time,4.33,Y
11674,DP11675,Ravi Y,Kolkata,Scooter,Part-time,4.13,N
11675,DP11676,Shreya H,Hyderabad,Bike,Full-time,4.06,Y
11676,DP11677,Vikas Y,Hyderabad,Scooter,Contract,3.99,Y
11677,DP11678,Deepak Y,Hyderabad,Scooter,Full-time,3.86,Y
11678,DP11679,Rakesh X,Ahmedabad,Bike,Full-time,4.24,N
11679,DP11680,Nikhil P,Bengaluru,Bike,Full-time,4.59,Y
11680,DP11681,Vikas M,Mumbai,Scooter,Part-time,3.93,Y
11681,DP11682,Vikas F,Delhi,Cycle,Full-time,4.38,Y
11682,DP11683,Santosh I,Chennai,Scooter,Full-time,4.12,Y
11683,DP11684,Santosh F,Ahmedabad,Bike,Full-time,4.45,Y
11684,DP11685,Divya E,Ahmedabad,Scooter,Full-time,4.44,Y
11685,DP11686,Amit K,Bengaluru,Car,Part-time,4.82,Y
11686,DP11687,Shreya J,Hyderabad,Car,Contract,4.6,Y
11687,DP11688,Amit L,Bengaluru,Bike,Contract,4.22,Y
11688,DP11689,Arjun G,Kolkata,Scooter,Contract,4.38,Y
11689,DP11690,Nikhil S,Bengaluru,Scooter,Full-time,4.17,Y
11690,DP11691,Neha X,Delhi,Scooter,Part-time,4.77,Y
11691,DP11692,Rakesh A,Kolkata,Bike,Full-time,4.55,N
11692,DP11693,Neha T,Delhi,Cycle,Contract,4.01,Y
11693,DP11694,Vikas D,Chennai,Bike,Part-time,4.25,Y
11694,DP11695,Manoj Z,Mumbai,Bike,Part-time,4.63,Y
11695,DP11696,Divya F,Pune,Bike,Contract,4.54,Y
11696,DP11697,Rakesh E,Ahmedabad,Scooter,Contract,4.6,Y
11697,DP11698,Santosh R,Hyderabad,Bike,Part-time,4.61,Y
11698,DP11699,Manoj C,Pune,Bike,Contract,4.01,Y
11699,DP11700,Kiran N,Delhi,Bike,Contract,4.39,Y
11700,DP11701,Sneha H,Ahmedabad,Scooter,Full-time,4.27,Y
11701,DP11702,Rakesh G,Bengaluru,Scooter,Part-time,4.31,Y
11702,DP11703,Vikas F,Delhi,Bike,Full-time,4.63,Y
11703,DP11704,Manoj N,Bengaluru,Bike,Full-time,4.34,N
11704,DP11705,Neha R,Bengaluru,Scooter,Full-time,4.68,Y
11705,DP11706,Santosh V,Kolkata,Scooter,Full-time,4.27,Y
11706,DP11707,Rahul K,Delhi,Bike,Contract,3.72,Y
11707,DP11708,Deepak H,Kolkata,Bike,Full-time,4.21,Y
11708,DP11709,Arjun M,Chennai,Bike,Part-time,4.15,N
11709,DP11710,Pooja L,Delhi,Scooter,Contract,4.3,Y
11710,DP11711,Arjun M,Delhi,Cycle,Part-time,4.44,Y
11711,DP11712,Rahul L,Bengaluru,Scooter,Part-time,4.52,N
11712,DP11713,Amit U,Bengaluru,Bike,Full-time,4.21,Y
11713,DP11714,Divya Y,Bengaluru,Scooter,Part-time,4.21,Y
11714,DP11715,Rakesh P,Mumbai,Scooter,Full-time,4.25,Y
11715,DP11716,Pooja Q,Delhi,Bike,Full-time,4.09,N
11716,DP11717,Vikas N,Chennai,Scooter,Contract,3.99,N
11717,DP11718,Deepak F,Kolkata,Bike,Full-time,3.87,Y
11718,DP11719,Divya O,Pune,Bike,Full-time,4.49,N
11719,DP11720,Rahul G,Ahmedabad,Bike,Part-time,4.04,Y
11720,DP11721,Santosh O,Bengaluru,Scooter,Full-time,4.46,Y
11721,DP11722,Shreya J,Bengaluru,Car,Full-time,3.93,Y
11722,DP11723,Neha I,Mumbai,Bike,Full-time,4.25,N
11723,DP11724,Sneha E,Pune,Scooter,Full-time,4.43,Y
11724,DP11725,Amit K,Delhi,Bike,Contract,3.93,Y
11725,DP11726,Shreya W,Bengaluru,Bike,Full-time,4.28,Y
11726,DP11727,Sneha R,Hyderabad,Scooter,Part-time,4.31,Y
11727,DP11728,Deepak R,Bengaluru,Car,Full-time,4.09,Y
11728,DP11729,Kiran X,Hyderabad,Cycle,Full-time,4.67,Y
11729,DP11730,Deepak T,Delhi,Scooter,Part-time,4.01,Y
11730,DP11731,Rahul W,Pune,Bike,Part-time,4.55,Y
11731,DP11732,Rakesh J,Hyderabad,Scooter,Contract,4.38,Y
11732,DP11733,Divya K,Pune,Cycle,Full-time,4.13,Y
11733,DP11734,Meena V,Mumbai,Bike,Full-time,4.59,Y
11734,DP11735,Neha N,Delhi,Car,Full-time,4.71,Y
11735,DP11736,Ananya R,Bengaluru,Scooter,Full-time,4.47,Y
11736,DP11737,Kiran J,Hyderabad,Cycle,Contract,3.13,Y
11737,DP11738,Neha A,Ahmedabad,Cycle,Full-time,4.07,Y
11738,DP11739,Meena U,Mumbai,Bike,Part-time,4.04,Y
11739,DP11740,Deepak G,Ahmedabad,Scooter,Full-time,3.5,Y
11740,DP11741,Sneha J,Chennai,Scooter,Full-time,4.66,Y
11741,DP11742,Shreya N,Mumbai,Bike,Part-time,3.62,Y
11742,DP11743,Amit Q,Ahmedabad,Scooter,Contract,3.65,Y
11743,DP11744,Kiran G,Kolkata,Scooter,Full-time,4.53,Y
11744,DP11745,Priya P,Mumbai,Scooter,Contract,4.0,N
11745,DP11746,Neha P,Ahmedabad,Cycle,Full-time,4.35,Y
11746,DP11747,Priya W,Mumbai,Scooter,Part-time,4.03,Y
11747,DP11748,Ravi W,Kolkata,Bike,Full-time,4.13,N
11748,DP11749,Ananya I,Delhi,Scooter,Contract,3.76,Y
11749,DP11750,Sneha J,Mumbai,Scooter,Full-time,4.27,Y
11750,DP11751,Kiran T,Kolkata,Bike,Full-time,4.61,Y
11751,DP11752,Vikas F,Hyderabad,Bike,Part-time,4.15,Y
11752,DP11753,Arjun U,Kolkata,Cycle,Contract,4.44,N
11753,DP11754,Sneha W,Delhi,Cycle,Full-time,3.95,Y
11754,DP11755,Divya X,Pune,Cycle,Contract,3.82,Y
11755,DP11756,Santosh G,Delhi,Bike,Full-time,4.44,Y
11756,DP11757,Neha N,Bengaluru,Bike,Full-time,3.67,N
11757,DP11758,Ravi O,Chennai,Bike,Full-time,4.65,Y
11758,DP11759,Amit R,Bengaluru,Scooter,Full-time,4.05,Y
11759,DP11760,Pooja L,Delhi,Bike,Contract,4.36,N
11760,DP11761,Meena E,Hyderabad,Bike,Full-time,4.45,Y
11761,DP11762,Pooja Y,Mumbai,Scooter,Full-time,4.4,Y
11762,DP11763,Rahul H,Bengaluru,Cycle,Full-time,4.2,Y
11763,DP11764,Amit N,Pune,Scooter,Full-time,4.07,Y
11764,DP11765,Neha C,Bengaluru,Scooter,Part-time,4.01,Y
11765,DP11766,Meena O,Delhi,Cycle,Part-time,4.35,Y
11766,DP11767,Priya Y,Pune,Bike,Part-time,3.68,N
11767,DP11768,Pooja R,Mumbai,Car,Part-time,4.08,N
11768,DP11769,Priya L,Mumbai,Bike,Full-time,4.05,Y
11769,DP11770,Arjun I,Chennai,Scooter,Contract,4.29,Y
11770,DP11771,Suresh Q,Kolkata,Scooter,Contract,4.85,Y
11771,DP11772,Meena B,Pune,Bike,Full-time,4.31,Y
11772,DP11773,Priya X,Mumbai,Bike,Part-time,4.6,Y
11773,DP11774,Meena Q,Pune,Cycle,Full-time,4.75,Y
11774,DP11775,Amit A,Bengaluru,Car,Part-time,4.25,N
11775,DP11776,Suresh X,Hyderabad,Scooter,Full-time,3.64,Y
11776,DP11777,Ananya S,Mumbai,Bike,Full-time,4.45,Y
11777,DP11778,Sneha J,Mumbai,Scooter,Contract,4.57,Y
11778,DP11779,Shreya R,Pune,Bike,Full-time,4.44,Y
11779,DP11780,Sneha Q,Mumbai,Scooter,Full-time,3.76,Y
11780,DP11781,Nikhil E,Pune,Cycle,Part-time,4.61,Y
11781,DP11782,Neha Q,Pune,Scooter,Full-time,4.19,N
11782,DP11783,Suresh F,Hyderabad,Scooter,Contract,4.57,N
11783,DP11784,Vikas Y,Bengaluru,Scooter,Full-time,3.9,Y
11784,DP11785,Ananya I,Bengaluru,Bike,Full-time,4.2,Y
11785,DP11786,Deepak K,Kolkata,Scooter,Full-time,3.92,N
11786,DP11787,Pooja L,Bengaluru,Scooter,Part-time,3.8,Y
11787,DP11788,Ananya V,Kolkata,Bike,Part-time,4.42,Y
11788,DP11789,Santosh Y,Chennai,Cycle,Part-time,4.7,Y
11789,DP11790,Meena G,Ahmedabad,Bike,Full-time,4.17,Y
11790,DP11791,Pooja O,Bengaluru,Car,Full-time,4.68,Y
11791,DP11792,Meena R,Delhi,Scooter,Full-time,4.04,Y
11792,DP11793,Manoj J,Delhi,Cycle,Full-time,3.91,Y
11793,DP11794,Meena D,Chennai,Bike,Full-time,4.9,Y
11794,DP11795,Pooja K,Pune,Bike,Full-time,4.56,Y
11795,DP11796,Nikhil F,Pune,Scooter,Part-time,3.88,Y
11796,DP11797,Meena F,Bengaluru,Scooter,Contract,4.43,Y
11797,DP11798,Vikas X,Hyderabad,Cycle,Full-time,4.33,N
11798,DP11799,Amit C,Delhi,Scooter,Contract,4.58,Y
11799,DP11800,Ananya L,Hyderabad,Bike,Full-time,3.99,N
11800,DP11801,Nikhil U,Delhi,Cycle,Full-time,4.08,Y
11801,DP11802,Nikhil P,Bengaluru,Scooter,Contract,4.2,Y
11802,DP11803,Rakesh F,Kolkata,Bike,Full-time,4.36,Y
11803,DP11804,Ravi H,Bengaluru,Cycle,Part-time,3.67,Y
11804,DP11805,Nikhil R,Bengaluru,Cycle,Contract,4.61,Y
11805,DP11806,Neha P,Chennai,Bike,Part-time,4.65,Y
11806,DP11807,Rahul Z,Bengaluru,Scooter,Full-time,4.03,Y
11807,DP11808,Ananya T,Pune,Car,Full-time,4.26,Y
11808,DP11809,Manoj X,Chennai,Scooter,Contract,3.7,Y
11809,DP11810,Manoj Q,Bengaluru,Scooter,Full-time,3.5,Y
11810,DP11811,Rahul F,Mumbai,Cycle,Contract,3.81,Y
11811,DP11812,Santosh G,Bengaluru,Scooter,Full-time,4.79,Y
11812,DP11813,Deepak P,Pune,Bike,Full-time,4.15,Y
11813,DP11814,Sneha M,Bengaluru,Cycle,Full-time,4.11,Y
11814,DP11815,Rahul M,Ahmedabad,Scooter,Part-time,4.44,Y
11815,DP11816,Deepak Y,Chennai,Bike,Full-time,3.92,Y
11816,DP11817,Deepak I,Ahmedabad,Bike,Full-time,3.99,Y
11817,DP11818,Suresh Q,Hyderabad,Bike,Full-time,4.19,Y
11818,DP11819,Pooja D,Bengaluru,Bike,Contract,4.09,Y
11819,DP11820,Vikas W,Ahmedabad,Cycle,Full-time,3.51,Y
11820,DP11821,Santosh C,Bengaluru,Bike,Contract,3.92,Y
11821,DP11822,Divya Q,Bengaluru,Scooter,Full-time,4.08,Y
11822,DP11823,Pooja Q,Mumbai,Cycle,Full-time,4.03,Y
11823,DP11824,Manoj R,Mumbai,Scooter,Contract,4.26,Y
11824,DP11825,Rakesh V,Kolkata,Bike,Full-time,3.65,Y
11825,DP11826,Nikhil D,Mumbai,Bike,Full-time,4.07,Y
11826,DP11827,Priya T,Bengaluru,Scooter,Contract,4.07,Y
11827,DP11828,Nikhil L,Delhi,Car,Contract,4.62,Y
11828,DP11829,Shreya D,Ahmedabad,Bike,Part-time,3.87,Y
11829,DP11830,Kiran Q,Ahmedabad,Cycle,Part-time,4.05,Y
11830,DP11831,Manoj S,Delhi,Scooter,Full-time,3.96,Y
11831,DP11832,Priya W,Delhi,Scooter,Full-time,4.58,Y
11832,DP11833,Arjun X,Delhi,Scooter,Part-time,4.12,Y
11833,DP11834,Santosh T,Mumbai,Cycle,Full-time,4.01,Y
11834,DP11835,Amit K,Kolkata,Scooter,Part-time,4.43,Y
11835,DP11836,Sneha Q,Delhi,Scooter,Full-time,4.18,Y
11836,DP11837,Neha S,Kolkata,Cycle,Part-time,3.98,N
11837,DP11838,Arjun D,Kolkata,Cycle,Part-time,4.2,Y
11838,DP11839,Shreya B,Chennai,Cycle,Full-time,4.5,Y
11839,DP11840,Divya P,Kolkata,Cycle,Full-time,4.02,Y
11840,DP11841,Kiran M,Hyderabad,Cycle,Full-time,4.33,Y
11841,DP11842,Rakesh T,Bengaluru,Scooter,Contract,4.48,N
11842,DP11843,Rakesh Y,Mumbai,Bike,Part-time,4.59,Y
11843,DP11844,Sneha M,Mumbai,Scooter,Full-time,4.23,Y
11844,DP11845,Meena T,Delhi,Car,Full-time,4.19,Y
11845,DP11846,Arjun Q,Ahmedabad,Scooter,Contract,4.27,Y
11846,DP11847,Sneha C,Delhi,Cycle,Full-time,4.0,Y
11847,DP11848,Suresh T,Bengaluru,Scooter,Part-time,4.27,Y
11848,DP11849,Arjun P,Bengaluru,Bike,Full-time,4.05,Y
11849,DP11850,Santosh K,Bengaluru,Scooter,Contract,4.46,Y
11850,DP11851,Santosh O,Bengaluru,Bike,Part-time,4.55,N
11851,DP11852,Deepak U,Hyderabad,Scooter,Full-time,4.33,Y
11852,DP11853,Ravi D,Mumbai,Scooter,Full-time,4.34,Y
11853,DP11854,Ravi P,Bengaluru,Scooter,Full-time,4.09,Y
11854,DP11855,Vikas U,Pune,Bike,Full-time,4.66,Y
11855,DP11856,Kiran H,Delhi,Cycle,Full-time,4.44,Y
11856,DP11857,Priya Z,Bengaluru,Scooter,Part-time,4.22,Y
11857,DP11858,Manoj D,Delhi,Cycle,Full-time,4.46,Y
11858,DP11859,Neha R,Pune,Cycle,Full-time,4.34,Y
11859,DP11860,Suresh C,Delhi,Car,Full-time,3.95,Y
11860,DP11861,Nikhil I,Delhi,Bike,Full-time,4.24,Y
11861,DP11862,Ananya X,Delhi,Bike,Full-time,4.25,Y
11862,DP11863,Amit Z,Bengaluru,Cycle,Part-time,4.74,Y
11863,DP11864,Ravi B,Hyderabad,Bike,Contract,4.64,Y
11864,DP11865,Santosh B,Chennai,Scooter,Full-time,4.65,Y
11865,DP11866,Meena D,Hyderabad,Scooter,Part-time,3.54,Y
11866,DP11867,Shreya N,Bengaluru,Scooter,Full-time,3.75,N
11867,DP11868,Deepak E,Bengaluru,Scooter,Full-time,4.27,N
11868,DP11869,Deepak G,Bengaluru,Scooter,Full-time,4.05,Y
11869,DP11870,Suresh E,Bengaluru,Scooter,Full-time,4.41,Y
11870,DP11871,Suresh C,Delhi,Car,Full-time,4.0,Y
11871,DP11872,Ravi C,Delhi,Scooter,Part-time,4.35,N
11872,DP11873,Deepak G,Bengaluru,Scooter,Contract,4.19,Y
11873,DP11874,Rakesh U,Bengaluru,Scooter,Part-time,4.33,Y
11874,DP11875,Nikhil U,Delhi,Scooter,Part-time,4.66,N
11875,DP11876,Sneha P,Delhi,Bike,Part-time,4.09,Y
11876,DP11877,Rahul T,Bengaluru,Scooter,Full-time,4.03,N
11877,DP11878,Deepak X,Kolkata,Bike,Part-time,4.36,Y
11878,DP11879,Kiran T,Pune,Scooter,Part-time,4.35,Y
11879,DP11880,Suresh X,Delhi,Scooter,Contract,3.95,Y
11880,DP11881,Meena L,Ahmedabad,Cycle,Full-time,3.54,Y
11881,DP11882,Ananya T,Pune,Cycle,Full-time,4.15,Y
11882,DP11883,Vikas N,Mumbai,Cycle,Contract,4.1,Y
11883,DP11884,Kiran H,Kolkata,Bike,Part-time,4.89,Y
11884,DP11885,Amit T,Kolkata,Scooter,Part-time,3.87,Y
11885,DP11886,Sneha A,Pune,Cycle,Part-time,3.94,Y
11886,DP11887,Priya S,Kolkata,Scooter,Full-time,4.62,N
11887,DP11888,Deepak J,Kolkata,Scooter,Part-time,4.3,Y
11888,DP11889,Pooja M,Kolkata,Scooter,Part-time,4.08,Y
11889,DP11890,Sneha G,Hyderabad,Scooter,Full-time,4.34,Y
11890,DP11891,Nikhil D,Mumbai,Scooter,Contract,4.22,Y
11891,DP11892,Divya X,Mumbai,Scooter,Contract,4.41,Y
11892,DP11893,Arjun L,Delhi,Scooter,Full-time,4.2,Y
11893,DP11894,Meena A,Delhi,Scooter,Full-time,4.64,Y
11894,DP11895,Rakesh V,Hyderabad,Scooter,Part-time,3.81,Y
11895,DP11896,Shreya B,Mumbai,Cycle,Part-time,4.17,Y
11896,DP11897,Kiran G,Bengaluru,Scooter,Full-time,4.17,Y
11897,DP11898,Neha E,Kolkata,Bike,Part-time,4.16,Y
11898,DP11899,Priya U,Delhi,Bike,Part-time,4.33,Y
11899,DP11900,Deepak I,Chennai,Bike,Full-time,4.64,Y
11900,DP11901,Arjun Q,Mumbai,Bike,Full-time,4.42,Y
11901,DP11902,Kiran L,Chennai,Bike,Full-time,3.64,Y
11902,DP11903,Manoj P,Kolkata,Bike,Part-time,4.2,Y
11903,DP11904,Deepak L,Bengaluru,Bike,Full-time,4.14,N
11904,DP11905,Nikhil X,Hyderabad,Scooter,Full-time,3.91,N
11905,DP11906,Arjun B,Mumbai,Cycle,Contract,3.6,Y
11906,DP11907,Sneha C,Kolkata,Cycle,Full-time,3.63,Y
11907,DP11908,Rahul P,Kolkata,Cycle,Full-time,4.48,Y
11908,DP11909,Shreya X,Bengaluru,Cycle,Part-time,4.01,Y
11909,DP11910,Shreya N,Pune,Scooter,Part-time,4.35,Y
11910,DP11911,Rakesh G,Bengaluru,Cycle,Part-time,4.25,N
11911,DP11912,Deepak Q,Hyderabad,Cycle,Full-time,4.28,Y
11912,DP11913,Rakesh U,Bengaluru,Bike,Full-time,4.01,N
11913,DP11914,Divya R,Mumbai,Scooter,Full-time,3.99,N
11914,DP11915,Suresh C,Pune,Scooter,Part-time,4.88,Y
11915,DP11916,Ravi H,Delhi,Scooter,Contract,4.02,Y
11916,DP11917,Suresh T,Delhi,Scooter,Full-time,3.66,Y
11917,DP11918,Vikas L,Pune,Scooter,Full-time,4.13,Y
11918,DP11919,Kiran V,Bengaluru,Bike,Part-time,4.42,Y
11919,DP11920,Vikas D,Chennai,Cycle,Part-time,3.97,Y
11920,DP11921,Priya P,Delhi,Scooter,Contract,4.72,Y
11921,DP11922,Arjun Y,Bengaluru,Bike,Full-time,4.12,Y
11922,DP11923,Suresh J,Chennai,Bike,Full-time,3.93,N
11923,DP11924,Arjun R,Mumbai,Bike,Full-time,3.88,Y
11924,DP11925,Meena O,Kolkata,Bike,Full-time,4.24,Y
11925,DP11926,Deepak Y,Kolkata,Bike,Contract,3.74,Y
11926,DP11927,Nikhil Q,Ahmedabad,Cycle,Part-time,4.1,Y
11927,DP11928,Shreya V,Bengaluru,Scooter,Full-time,4.04,Y
11928,DP11929,Deepak Z,Pune,Cycle,Full-time,3.8,Y
11929,DP11930,Manoj U,Pune,Scooter,Full-time,4.49,Y
11930,DP11931,Santosh R,Delhi,Bike,Full-time,4.7,Y
11931,DP11932,Rahul K,Delhi,Scooter,Part-time,4.14,Y
11932,DP11933,Rakesh O,Delhi,Scooter,Full-time,4.59,Y
11933,DP11934,Nikhil F,Mumbai,Scooter,Full-time,3.56,N
11934,DP11935,Amit W,Bengaluru,Scooter,Full-time,4.29,Y
11935,DP11936,Santosh M,Mumbai,Car,Full-time,4.01,Y
11936,DP11937,Vikas I,Kolkata,Bike,Contract,4.29,Y
11937,DP11938,Pooja R,Delhi,Cycle,Full-time,4.82,N
11938,DP11939,Amit L,Pune,Scooter,Part-time,3.89,Y
11939,DP11940,Kiran Q,Kolkata,Scooter,Full-time,3.96,Y
11940,DP11941,Priya B,Mumbai,Cycle,Part-time,3.97,Y
11941,DP11942,Suresh E,Bengaluru,Bike,Full-time,4.59,Y
11942,DP11943,Ravi L,Chennai,Bike,Contract,3.95,Y
11943,DP11944,Santosh H,Chennai,Cycle,Full-time,3.89,N
11944,DP11945,Rakesh Y,Kolkata,Bike,Full-time,4.1,Y
11945,DP11946,Pooja C,Mumbai,Bike,Contract,4.04,Y
11946,DP11947,Suresh H,Bengaluru,Bike,Contract,4.29,Y
11947,DP11948,Rakesh B,Delhi,Scooter,Part-time,3.91,Y
11948,DP11949,Rakesh M,Bengaluru,Bike,Part-time,3.6,Y
11949,DP11950,Divya O,Mumbai,Bike,Full-time,4.4,Y
11950,DP11951,Santosh Y,Delhi,Scooter,Part-time,4.37,Y
11951,DP11952,Deepak U,Ahmedabad,Scooter,Full-time,4.66,N
11952,DP11953,Kiran Q,Delhi,Scooter,Contract,3.92,Y
11953,DP11954,Meena M,Ahmedabad,Bike,Part-time,4.22,Y
11954,DP11955,Rahul A,Mumbai,Scooter,Part-time,4.19,Y
11955,DP11956,Rahul I,Bengaluru,Bike,Full-time,3.71,N
11956,DP11957,Pooja J,Bengaluru,Scooter,Full-time,3.84,Y
11957,DP11958,Ananya F,Bengaluru,Car,Contract,3.86,Y
11958,DP11959,Arjun I,Chennai,Bike,Part-time,4.71,Y
11959,DP11960,Shreya A,Ahmedabad,Scooter,Full-time,4.03,N
11960,DP11961,Suresh Q,Delhi,Scooter,Part-time,4.32,Y
11961,DP11962,Meena V,Bengaluru,Bike,Part-time,4.42,Y
11962,DP11963,Ravi R,Mumbai,Bike,Part-time,3.77,Y
11963,DP11964,Kiran U,Kolkata,Scooter,Full-time,3.84,N
11964,DP11965,Rakesh G,Ahmedabad,Bike,Full-time,3.83,Y
11965,DP11966,Neha H,Hyderabad,Bike,Part-time,3.98,Y
11966,DP11967,Deepak A,Bengaluru,Scooter,Part-time,4.1,Y
11967,DP11968,Neha W,Ahmedabad,Bike,Full-time,4.29,Y
11968,DP11969,Deepak G,Bengaluru,Scooter,Contract,4.05,Y
11969,DP11970,Shreya K,Bengaluru,Scooter,Contract,4.41,Y
11970,DP11971,Nikhil P,Mumbai,Bike,Contract,4.18,Y
11971,DP11972,Rakesh Y,Mumbai,Cycle,Part-time,4.75,Y
11972,DP11973,Rakesh V,Chennai,Scooter,Full-time,4.03,Y
11973,DP11974,Ravi S,Ahmedabad,Scooter,Contract,4.02,Y
11974,DP11975,Santosh N,Pune,Scooter,Part-time,4.09,Y
11975,DP11976,Manoj H,Bengaluru,Bike,Part-time,4.03,Y
11976,DP11977,Ananya K,Bengaluru,Scooter,Part-time,4.46,Y
11977,DP11978,Arjun F,Kolkata,Scooter,Full-time,4.41,Y
11978,DP11979,Divya X,Hyderabad,Scooter,Contract,3.86,Y
11979,DP11980,Ravi S,Mumbai,Scooter,Part-time,4.07,Y
11980,DP11981,Kiran Z,Ahmedabad,Scooter,Full-time,4.53,N
11981,DP11982,Pooja U,Delhi,Scooter,Full-time,4.16,N
11982,DP11983,Santosh I,Ahmedabad,Scooter,Contract,4.48,Y
11983,DP11984,Arjun A,Kolkata,Cycle,Contract,4.09,Y
11984,DP11985,Shreya V,Kolkata,Scooter,Full-time,4.24,Y
11985,DP11986,Vikas T,Delhi,Scooter,Full-time,3.75,Y
11986,DP11987,Kiran Y,Delhi,Scooter,Part-time,4.25,N
11987,DP11988,Meena N,Mumbai,Scooter,Full-time,4.11,Y
11988,DP11989,Manoj C,Pune,Scooter,Full-time,4.98,Y
11989,DP11990,Ananya K,Bengaluru,Bike,Contract,3.88,Y
11990,DP11991,Kiran Y,Ahmedabad,Scooter,Part-time,4.23,Y
11991,DP11992,Manoj J,Bengaluru,Scooter,Full-time,4.64,Y
11992,DP11993,Divya D,Pune,Scooter,Full-time,4.72,N
11993,DP11994,Santosh W,Kolkata,Bike,Contract,3.96,Y
11994,DP11995,Ravi R,Chennai,Scooter,Contract,3.94,Y
11995,DP11996,Ravi J,Bengaluru,Scooter,Full-time,4.43,Y
11996,DP11997,Divya E,Kolkata,Scooter,Full-time,4.39,Y
11997,DP11998,Amit E,Bengaluru,Cycle,Full-time,4.45,Y
11998,DP11999,Meena T,Chennai,Bike,Full-time,4.19,N
11999,DP12000,Amit J,Delhi,Cycle,Part-time,4.66,Y
12000,DP12001,Divya N,Pune,Bike,Contract,3.84,Y
12001,DP12002,Deepak E,Bengaluru,Scooter,Contract,4.48,Y
12002,DP12003,Manoj M,Pune,Cycle,Contract,3.76,Y
12003,DP12004,Kiran B,Hyderabad,Cycle,Full-time,3.91,Y
12004,DP12005,Ananya J,Chennai,Scooter,Full-time,4.71,Y
12005,DP12006,Ravi I,Delhi,Scooter,Part-time,4.42,Y
12006,DP12007,Amit O,Hyderabad,Scooter,Part-time,4.33,Y
12007,DP12008,Pooja L,Bengaluru,Bike,Part-time,4.47,Y
12008,DP12009,Manoj Y,Bengaluru,Scooter,Contract,4.05,N
12009,DP12010,Arjun U,Bengaluru,Scooter,Part-time,3.78,Y
12010,DP12011,Pooja W,Bengaluru,Scooter,Full-time,4.39,Y
12011,DP12012,Meena K,Bengaluru,Bike,Full-time,3.74,Y
12012,DP12013,Divya L,Hyderabad,Bike,Part-time,4.12,N
12013,DP12014,Kiran R,Bengaluru,Scooter,Full-time,4.37,Y
12014,DP12015,Suresh O,Hyderabad,Bike,Contract,4.33,Y
12015,DP12016,Ravi D,Mumbai,Bike,Full-time,4.76,Y
12016,DP12017,Rahul X,Bengaluru,Scooter,Part-time,4.26,Y
12017,DP12018,Sneha B,Mumbai,Car,Part-time,4.31,Y
12018,DP12019,Santosh F,Bengaluru,Bike,Full-time,4.18,Y
12019,DP12020,Shreya U,Bengaluru,Bike,Full-time,4.22,Y
12020,DP12021,Santosh T,Hyderabad,Scooter,Part-time,4.13,Y
12021,DP12022,Arjun V,Delhi,Bike,Part-time,3.67,Y
12022,DP12023,Deepak E,Hyderabad,Car,Part-time,3.87,Y
12023,DP12024,Vikas E,Pune,Bike,Full-time,4.31,Y
12024,DP12025,Ananya S,Kolkata,Scooter,Part-time,4.05,Y
12025,DP12026,Amit W,Pune,Scooter,Full-time,3.82,Y
12026,DP12027,Priya Z,Bengaluru,Bike,Full-time,3.83,Y
12027,DP12028,Nikhil J,Pune,Scooter,Part-time,4.78,Y
12028,DP12029,Deepak I,Ahmedabad,Cycle,Full-time,4.05,Y
12029,DP12030,Pooja K,Hyderabad,Bike,Full-time,4.14,N
12030,DP12031,Priya O,Hyderabad,Scooter,Part-time,4.55,Y
12031,DP12032,Pooja I,Mumbai,Scooter,Full-time,4.23,Y
12032,DP12033,Kiran B,Ahmedabad,Scooter,Contract,4.31,Y
12033,DP12034,Meena Q,Chennai,Cycle,Part-time,3.93,N
12034,DP12035,Amit T,Chennai,Scooter,Contract,4.18,Y
12035,DP12036,Rahul U,Delhi,Bike,Part-time,4.37,Y
12036,DP12037,Vikas T,Bengaluru,Car,Full-time,4.06,Y
12037,DP12038,Priya L,Pune,Bike,Part-time,4.12,Y
12038,DP12039,Rahul M,Chennai,Scooter,Full-time,4.16,Y
12039,DP12040,Deepak V,Mumbai,Scooter,Full-time,4.12,N
12040,DP12041,Kiran G,Chennai,Bike,Full-time,4.41,Y
12041,DP12042,Shreya Q,Ahmedabad,Cycle,Part-time,3.97,N
12042,DP12043,Shreya B,Ahmedabad,Bike,Full-time,4.12,Y
12043,DP12044,Neha X,Delhi,Car,Full-time,3.78,Y
12044,DP12045,Sneha N,Hyderabad,Cycle,Full-time,4.29,Y
12045,DP12046,Shreya T,Ahmedabad,Scooter,Part-time,4.3,N
12046,DP12047,Amit W,Delhi,Cycle,Part-time,4.47,Y
12047,DP12048,Kiran G,Bengaluru,Scooter,Contract,4.7,Y
12048,DP12049,Santosh B,Chennai,Scooter,Full-time,3.82,N
12049,DP12050,Rahul W,Hyderabad,Scooter,Part-time,4.29,Y
12050,DP12051,Amit X,Kolkata,Scooter,Full-time,4.37,Y
12051,DP12052,Manoj T,Chennai,Car,Full-time,4.65,Y
12052,DP12053,Rahul C,Delhi,Scooter,Full-time,3.83,Y
12053,DP12054,Sneha I,Mumbai,Car,Part-time,4.21,Y
12054,DP12055,Amit N,Kolkata,Cycle,Contract,4.18,Y
12055,DP12056,Pooja A,Ahmedabad,Bike,Contract,3.91,Y
12056,DP12057,Divya O,Mumbai,Bike,Full-time,3.83,Y
12057,DP12058,Rahul J,Ahmedabad,Bike,Part-time,3.86,Y
12058,DP12059,Sneha R,Bengaluru,Car,Full-time,3.93,Y
12059,DP12060,Nikhil N,Bengaluru,Bike,Full-time,3.66,Y
12060,DP12061,Ravi X,Bengaluru,Scooter,Full-time,4.29,Y
12061,DP12062,Vikas L,Delhi,Bike,Full-time,4.18,Y
12062,DP12063,Vikas O,Delhi,Scooter,Full-time,4.04,N
12063,DP12064,Rahul I,Bengaluru,Bike,Full-time,4.33,Y
12064,DP12065,Sneha J,Delhi,Bike,Full-time,3.8,Y
12065,DP12066,Divya D,Bengaluru,Bike,Part-time,3.68,N
12066,DP12067,Ravi E,Chennai,Scooter,Part-time,3.73,N
12067,DP12068,Ananya X,Hyderabad,Bike,Contract,4.18,Y
12068,DP12069,Meena G,Mumbai,Bike,Full-time,3.8,Y
12069,DP12070,Manoj F,Mumbai,Scooter,Contract,3.9,Y
12070,DP12071,Manoj C,Mumbai,Bike,Full-time,3.89,Y
12071,DP12072,Nikhil S,Mumbai,Scooter,Contract,4.43,Y
12072,DP12073,Neha A,Ahmedabad,Scooter,Contract,4.69,Y
12073,DP12074,Ananya S,Ahmedabad,Scooter,Full-time,3.94,Y
12074,DP12075,Pooja W,Mumbai,Bike,Full-time,3.95,Y
12075,DP12076,Ravi B,Bengaluru,Bike,Part-time,3.71,Y
12076,DP12077,Neha C,Chennai,Bike,Part-time,3.91,Y
12077,DP12078,Santosh P,Bengaluru,Scooter,Full-time,4.16,Y
12078,DP12079,Ravi T,Bengaluru,Car,Full-time,4.08,Y
12079,DP12080,Shreya W,Delhi,Bike,Contract,4.53,Y
12080,DP12081,Manoj J,Bengaluru,Bike,Full-time,3.78,N
12081,DP12082,Vikas Y,Chennai,Scooter,Contract,4.4,Y
12082,DP12083,Deepak P,Bengaluru,Scooter,Full-time,3.77,Y
12083,DP12084,Divya L,Bengaluru,Cycle,Full-time,3.93,Y
12084,DP12085,Manoj S,Bengaluru,Cycle,Full-time,4.6,Y
12085,DP12086,Vikas X,Chennai,Bike,Full-time,4.24,Y
12086,DP12087,Ananya G,Mumbai,Bike,Part-time,4.04,Y
12087,DP12088,Arjun F,Mumbai,Bike,Full-time,4.53,N
12088,DP12089,Kiran P,Delhi,Scooter,Part-time,4.3,Y
12089,DP12090,Priya R,Delhi,Scooter,Contract,3.95,Y
12090,DP12091,Suresh G,Bengaluru,Scooter,Part-time,4.66,Y
12091,DP12092,Deepak V,Bengaluru,Cycle,Part-time,3.84,Y
12092,DP12093,Manoj O,Pune,Scooter,Full-time,4.45,Y
12093,DP12094,Ravi M,Bengaluru,Cycle,Part-time,3.96,Y
12094,DP12095,Nikhil Y,Bengaluru,Scooter,Full-time,4.93,Y
12095,DP12096,Vikas C,Bengaluru,Bike,Contract,4.77,N
12096,DP12097,Nikhil J,Mumbai,Car,Full-time,3.82,Y
12097,DP12098,Nikhil D,Delhi,Cycle,Full-time,3.78,Y
12098,DP12099,Vikas Q,Chennai,Bike,Full-time,4.4,Y
12099,DP12100,Divya C,Pune,Bike,Full-time,3.99,Y
12100,DP12101,Amit Q,Hyderabad,Cycle,Contract,4.12,Y
12101,DP12102,Pooja O,Hyderabad,Scooter,Contract,4.16,Y
12102,DP12103,Priya L,Mumbai,Cycle,Contract,4.53,Y
12103,DP12104,Shreya O,Mumbai,Car,Part-time,4.73,Y
12104,DP12105,Ananya I,Ahmedabad,Bike,Contract,3.6,N
12105,DP12106,Meena I,Pune,Scooter,Part-time,4.5,Y
12106,DP12107,Deepak C,Pune,Scooter,Contract,4.33,Y
12107,DP12108,Suresh O,Bengaluru,Scooter,Full-time,3.93,Y
12108,DP12109,Meena P,Mumbai,Scooter,Contract,3.82,Y
12109,DP12110,Deepak H,Bengaluru,Scooter,Full-time,4.25,Y
12110,DP12111,Ravi Y,Bengaluru,Scooter,Full-time,4.19,Y
12111,DP12112,Sneha F,Delhi,Bike,Part-time,4.23,Y
12112,DP12113,Priya T,Delhi,Bike,Contract,4.12,Y
12113,DP12114,Deepak F,Delhi,Bike,Full-time,4.4,Y
12114,DP12115,Divya N,Chennai,Bike,Contract,3.85,Y
12115,DP12116,Neha I,Delhi,Cycle,Contract,4.17,Y
12116,DP12117,Divya G,Bengaluru,Scooter,Part-time,4.17,Y
12117,DP12118,Meena A,Bengaluru,Cycle,Part-time,4.1,Y
12118,DP12119,Santosh P,Bengaluru,Cycle,Full-time,3.98,N
12119,DP12120,Rahul H,Bengaluru,Scooter,Full-time,3.72,Y
12120,DP12121,Rahul H,Delhi,Scooter,Full-time,4.49,Y
12121,DP12122,Pooja S,Hyderabad,Bike,Full-time,4.26,Y
12122,DP12123,Santosh C,Bengaluru,Scooter,Contract,4.11,Y
12123,DP12124,Santosh W,Hyderabad,Scooter,Part-time,4.3,Y
12124,DP12125,Sneha V,Bengaluru,Bike,Full-time,4.27,Y
12125,DP12126,Pooja H,Hyderabad,Bike,Contract,4.09,Y
12126,DP12127,Deepak T,Mumbai,Bike,Full-time,4.77,Y
12127,DP12128,Rahul A,Bengaluru,Bike,Full-time,4.44,Y
12128,DP12129,Deepak Q,Bengaluru,Bike,Contract,4.4,Y
12129,DP12130,Santosh R,Bengaluru,Bike,Contract,4.09,Y
12130,DP12131,Arjun I,Mumbai,Bike,Full-time,4.3,Y
12131,DP12132,Neha L,Delhi,Scooter,Part-time,4.64,Y
12132,DP12133,Divya M,Kolkata,Scooter,Contract,3.87,Y
12133,DP12134,Amit I,Bengaluru,Bike,Part-time,4.7,Y
12134,DP12135,Santosh I,Mumbai,Scooter,Full-time,4.21,Y
12135,DP12136,Sneha M,Hyderabad,Cycle,Full-time,5.0,Y
12136,DP12137,Manoj I,Delhi,Bike,Part-time,3.41,Y
12137,DP12138,Vikas G,Kolkata,Bike,Part-time,4.29,N
12138,DP12139,Meena J,Delhi,Scooter,Full-time,4.22,Y
12139,DP12140,Meena X,Delhi,Scooter,Part-time,4.34,Y
12140,DP12141,Divya T,Ahmedabad,Scooter,Full-time,4.14,Y
12141,DP12142,Vikas D,Bengaluru,Scooter,Part-time,3.81,Y
12142,DP12143,Rakesh L,Chennai,Scooter,Full-time,4.25,Y
12143,DP12144,Manoj I,Bengaluru,Bike,Full-time,4.35,Y
12144,DP12145,Shreya X,Delhi,Scooter,Full-time,4.7,Y
12145,DP12146,Deepak T,Delhi,Bike,Full-time,4.68,Y
12146,DP12147,Arjun N,Delhi,Bike,Full-time,4.73,Y
12147,DP12148,Suresh W,Hyderabad,Scooter,Full-time,4.34,Y
12148,DP12149,Rakesh X,Bengaluru,Cycle,Part-time,3.94,Y
12149,DP12150,Kiran L,Bengaluru,Scooter,Full-time,4.03,Y
12150,DP12151,Priya F,Hyderabad,Bike,Part-time,3.56,Y
12151,DP12152,Manoj K,Mumbai,Scooter,Full-time,4.09,Y
12152,DP12153,Arjun T,Chennai,Scooter,Part-time,4.28,Y
12153,DP12154,Shreya D,Chennai,Bike,Part-time,4.39,Y
12154,DP12155,Shreya R,Ahmedabad,Bike,Part-time,4.09,Y
12155,DP12156,Sneha G,Mumbai,Scooter,Part-time,3.82,Y
12156,DP12157,Divya B,Chennai,Scooter,Full-time,3.99,Y
12157,DP12158,Arjun L,Ahmedabad,Bike,Part-time,4.03,Y
12158,DP12159,Shreya A,Hyderabad,Cycle,Contract,4.01,Y
12159,DP12160,Rahul T,Chennai,Bike,Contract,4.62,N
12160,DP12161,Ananya F,Bengaluru,Bike,Part-time,4.46,N
12161,DP12162,Divya D,Bengaluru,Scooter,Part-time,4.6,Y
12162,DP12163,Suresh C,Mumbai,Scooter,Contract,4.62,Y
12163,DP12164,Rakesh V,Bengaluru,Bike,Full-time,4.27,Y
12164,DP12165,Divya H,Hyderabad,Scooter,Full-time,4.24,Y
12165,DP12166,Sneha T,Delhi,Scooter,Full-time,4.51,Y
12166,DP12167,Rakesh K,Hyderabad,Scooter,Full-time,3.82,Y
12167,DP12168,Ravi L,Hyderabad,Bike,Full-time,3.61,Y
12168,DP12169,Meena S,Ahmedabad,Scooter,Full-time,4.34,Y
12169,DP12170,Neha T,Pune,Car,Part-time,3.98,Y
12170,DP12171,Divya H,Kolkata,Bike,Part-time,4.65,Y
12171,DP12172,Sneha N,Mumbai,Bike,Part-time,3.64,Y
12172,DP12173,Rahul U,Mumbai,Bike,Part-time,4.17,Y
12173,DP12174,Kiran V,Bengaluru,Car,Full-time,4.64,Y
12174,DP12175,Ananya G,Delhi,Bike,Full-time,3.99,Y
12175,DP12176,Rakesh C,Hyderabad,Scooter,Full-time,4.59,N
12176,DP12177,Neha J,Delhi,Bike,Part-time,3.61,Y
12177,DP12178,Rahul U,Delhi,Bike,Full-time,4.36,Y
12178,DP12179,Ananya R,Chennai,Bike,Full-time,4.0,Y
12179,DP12180,Ravi C,Pune,Bike,Part-time,4.36,Y
12180,DP12181,Rakesh X,Delhi,Bike,Full-time,4.11,Y
12181,DP12182,Suresh H,Delhi,Bike,Full-time,4.25,Y
12182,DP12183,Pooja R,Bengaluru,Bike,Part-time,4.17,Y
12183,DP12184,Amit C,Chennai,Bike,Contract,4.23,Y
12184,DP12185,Rahul B,Ahmedabad,Bike,Full-time,4.25,N
12185,DP12186,Priya K,Kolkata,Bike,Full-time,3.92,Y
12186,DP12187,Rakesh G,Chennai,Bike,Contract,4.23,Y
12187,DP12188,Priya D,Delhi,Bike,Full-time,4.01,Y
12188,DP12189,Kiran U,Hyderabad,Bike,Part-time,3.67,N
12189,DP12190,Nikhil G,Delhi,Bike,Full-time,4.46,Y
12190,DP12191,Amit U,Mumbai,Cycle,Full-time,3.65,Y
12191,DP12192,Pooja K,Chennai,Bike,Part-time,4.05,N
12192,DP12193,Priya S,Kolkata,Cycle,Full-time,4.3,Y
12193,DP12194,Neha K,Bengaluru,Scooter,Full-time,3.39,Y
12194,DP12195,Neha Q,Delhi,Cycle,Part-time,4.26,Y
12195,DP12196,Rakesh G,Bengaluru,Cycle,Full-time,4.39,Y
12196,DP12197,Shreya W,Mumbai,Bike,Full-time,3.84,Y
12197,DP12198,Meena D,Ahmedabad,Car,Full-time,4.3,N
12198,DP12199,Sneha I,Delhi,Scooter,Part-time,4.37,Y
12199,DP12200,Pooja C,Bengaluru,Scooter,Contract,4.31,Y
12200,DP12201,Shreya U,Chennai,Bike,Full-time,4.2,Y
12201,DP12202,Nikhil L,Chennai,Bike,Full-time,4.44,Y
12202,DP12203,Ananya O,Kolkata,Cycle,Part-time,4.61,Y
12203,DP12204,Rahul C,Delhi,Bike,Full-time,4.4,Y
12204,DP12205,Rakesh W,Mumbai,Cycle,Full-time,4.24,Y
12205,DP12206,Amit C,Ahmedabad,Bike,Full-time,4.55,N
12206,DP12207,Kiran Y,Mumbai,Car,Part-time,3.56,Y
12207,DP12208,Rakesh A,Pune,Scooter,Full-time,4.18,Y
12208,DP12209,Santosh A,Ahmedabad,Scooter,Full-time,4.04,Y
12209,DP12210,Neha W,Bengaluru,Scooter,Contract,4.09,Y
12210,DP12211,Pooja Q,Chennai,Bike,Part-time,3.95,Y
12211,DP12212,Deepak T,Delhi,Car,Contract,4.03,N
12212,DP12213,Pooja Y,Delhi,Bike,Full-time,3.95,Y
12213,DP12214,Rakesh R,Delhi,Scooter,Part-time,3.98,Y
12214,DP12215,Santosh D,Pune,Scooter,Full-time,4.22,Y
12215,DP12216,Rakesh B,Bengaluru,Scooter,Contract,3.6,Y
12216,DP12217,Shreya G,Mumbai,Scooter,Part-time,4.05,Y
12217,DP12218,Manoj B,Chennai,Bike,Full-time,4.03,Y
12218,DP12219,Priya U,Bengaluru,Cycle,Full-time,3.66,Y
12219,DP12220,Nikhil F,Kolkata,Cycle,Part-time,4.61,Y
12220,DP12221,Sneha A,Kolkata,Cycle,Full-time,3.97,Y
12221,DP12222,Ananya M,Bengaluru,Bike,Contract,4.37,Y
12222,DP12223,Rakesh B,Bengaluru,Scooter,Part-time,4.37,Y
12223,DP12224,Santosh T,Ahmedabad,Bike,Contract,4.18,Y
12224,DP12225,Ravi F,Hyderabad,Car,Contract,3.96,Y
12225,DP12226,Shreya B,Ahmedabad,Scooter,Part-time,4.44,N
12226,DP12227,Arjun D,Pune,Car,Full-time,4.08,Y
12227,DP12228,Pooja K,Delhi,Scooter,Contract,3.89,Y
12228,DP12229,Amit U,Bengaluru,Cycle,Full-time,4.38,Y
12229,DP12230,Rahul F,Chennai,Cycle,Full-time,4.56,Y
12230,DP12231,Suresh I,Pune,Cycle,Part-time,4.53,Y
12231,DP12232,Ananya C,Bengaluru,Scooter,Full-time,3.83,Y
12232,DP12233,Priya O,Chennai,Scooter,Part-time,3.64,Y
12233,DP12234,Pooja S,Delhi,Bike,Part-time,4.06,Y
12234,DP12235,Manoj U,Hyderabad,Bike,Full-time,3.85,Y
12235,DP12236,Neha R,Delhi,Scooter,Contract,4.36,Y
12236,DP12237,Rahul C,Hyderabad,Bike,Part-time,4.59,N
12237,DP12238,Ravi B,Bengaluru,Bike,Full-time,4.16,Y
12238,DP12239,Ananya S,Bengaluru,Scooter,Contract,3.96,Y
12239,DP12240,Shreya X,Bengaluru,Bike,Full-time,4.08,Y
12240,DP12241,Arjun M,Bengaluru,Bike,Part-time,4.59,Y
12241,DP12242,Ananya W,Bengaluru,Bike,Full-time,4.05,Y
12242,DP12243,Sneha H,Ahmedabad,Scooter,Full-time,4.2,Y
12243,DP12244,Meena R,Delhi,Bike,Contract,4.51,Y
12244,DP12245,Deepak V,Delhi,Bike,Part-time,4.06,Y
12245,DP12246,Rakesh A,Chennai,Cycle,Contract,3.96,Y
12246,DP12247,Rakesh U,Mumbai,Scooter,Part-time,4.49,Y
12247,DP12248,Rakesh P,Ahmedabad,Bike,Part-time,4.52,Y
12248,DP12249,Divya L,Delhi,Car,Full-time,4.45,Y
12249,DP12250,Deepak P,Ahmedabad,Scooter,Part-time,4.06,N
12250,DP12251,Shreya J,Bengaluru,Scooter,Part-time,4.46,Y
12251,DP12252,Priya Q,Bengaluru,Bike,Full-time,4.19,N
12252,DP12253,Neha U,Mumbai,Scooter,Part-time,4.23,Y
12253,DP12254,Arjun F,Mumbai,Scooter,Full-time,4.67,Y
12254,DP12255,Deepak W,Delhi,Bike,Full-time,4.39,Y
12255,DP12256,Santosh P,Kolkata,Scooter,Full-time,3.6,Y
12256,DP12257,Manoj V,Bengaluru,Scooter,Part-time,4.29,Y
12257,DP12258,Shreya E,Bengaluru,Bike,Part-time,4.44,Y
12258,DP12259,Santosh U,Kolkata,Scooter,Part-time,4.26,N
12259,DP12260,Kiran S,Delhi,Bike,Part-time,4.25,Y
12260,DP12261,Manoj D,Kolkata,Scooter,Full-time,4.3,Y
12261,DP12262,Sneha G,Bengaluru,Scooter,Part-time,3.5,Y
12262,DP12263,Vikas H,Bengaluru,Car,Full-time,4.38,Y
12263,DP12264,Amit F,Bengaluru,Scooter,Part-time,4.12,Y
12264,DP12265,Ananya W,Kolkata,Scooter,Full-time,4.11,Y
12265,DP12266,Shreya P,Bengaluru,Cycle,Contract,4.19,Y
12266,DP12267,Neha M,Pune,Scooter,Full-time,3.84,Y
12267,DP12268,Santosh R,Pune,Bike,Contract,4.28,N
12268,DP12269,Rahul Q,Bengaluru,Bike,Full-time,4.05,Y
12269,DP12270,Ananya K,Pune,Bike,Part-time,3.64,Y
12270,DP12271,Amit P,Bengaluru,Bike,Full-time,4.05,Y
12271,DP12272,Manoj R,Pune,Cycle,Full-time,3.94,N
12272,DP12273,Amit P,Bengaluru,Cycle,Contract,4.8,Y
12273,DP12274,Santosh Y,Mumbai,Cycle,Contract,4.48,Y
12274,DP12275,Rahul X,Kolkata,Scooter,Full-time,4.39,Y
12275,DP12276,Suresh Y,Kolkata,Scooter,Full-time,4.67,Y
12276,DP12277,Neha X,Bengaluru,Cycle,Contract,3.91,N
12277,DP12278,Ananya L,Mumbai,Bike,Contract,4.76,Y
12278,DP12279,Arjun O,Bengaluru,Cycle,Full-time,4.25,Y
12279,DP12280,Arjun I,Bengaluru,Bike,Full-time,4.35,Y
12280,DP12281,Kiran X,Hyderabad,Scooter,Full-time,4.22,Y
12281,DP12282,Rakesh F,Bengaluru,Bike,Full-time,4.05,Y
12282,DP12283,Shreya T,Bengaluru,Bike,Contract,3.78,Y
12283,DP12284,Vikas D,Bengaluru,Scooter,Part-time,4.55,Y
12284,DP12285,Rahul Y,Bengaluru,Scooter,Full-time,4.56,Y
12285,DP12286,Vikas P,Chennai,Scooter,Part-time,4.36,Y
12286,DP12287,Neha H,Chennai,Cycle,Contract,4.02,Y
12287,DP12288,Kiran Z,Bengaluru,Bike,Contract,4.06,Y
12288,DP12289,Ananya M,Bengaluru,Scooter,Full-time,4.45,Y
12289,DP12290,Shreya M,Bengaluru,Bike,Part-time,4.08,Y
12290,DP12291,Shreya L,Kolkata,Bike,Contract,4.02,Y
12291,DP12292,Vikas W,Chennai,Scooter,Part-time,4.59,Y
12292,DP12293,Rakesh D,Hyderabad,Bike,Full-time,4.05,Y
12293,DP12294,Arjun S,Chennai,Cycle,Full-time,4.63,Y
12294,DP12295,Suresh C,Hyderabad,Cycle,Full-time,3.57,Y
12295,DP12296,Arjun O,Ahmedabad,Scooter,Part-time,4.29,Y
12296,DP12297,Suresh F,Chennai,Scooter,Full-time,4.52,Y
12297,DP12298,Meena X,Bengaluru,Bike,Part-time,4.12,Y
12298,DP12299,Sneha J,Chennai,Scooter,Full-time,4.37,Y
12299,DP12300,Kiran F,Bengaluru,Scooter,Part-time,4.74,Y
12300,DP12301,Meena A,Bengaluru,Car,Part-time,4.24,Y
12301,DP12302,Manoj U,Kolkata,Scooter,Part-time,3.97,Y
12302,DP12303,Sneha U,Mumbai,Bike,Full-time,4.26,Y
12303,DP12304,Vikas T,Hyderabad,Cycle,Part-time,4.49,Y
12304,DP12305,Suresh H,Bengaluru,Cycle,Full-time,4.38,Y
12305,DP12306,Ravi I,Pune,Scooter,Part-time,4.04,Y
12306,DP12307,Santosh U,Bengaluru,Scooter,Part-time,4.39,Y
12307,DP12308,Meena R,Mumbai,Bike,Part-time,4.18,N
12308,DP12309,Santosh I,Bengaluru,Scooter,Full-time,4.36,Y
12309,DP12310,Nikhil D,Hyderabad,Bike,Full-time,4.4,Y
12310,DP12311,Priya K,Bengaluru,Scooter,Full-time,4.39,Y
12311,DP12312,Amit C,Mumbai,Bike,Full-time,4.03,N
12312,DP12313,Shreya A,Pune,Scooter,Contract,3.97,Y
12313,DP12314,Priya W,Kolkata,Scooter,Full-time,3.83,Y
12314,DP12315,Priya B,Pune,Cycle,Full-time,4.39,Y
12315,DP12316,Amit I,Kolkata,Cycle,Part-time,4.44,Y
12316,DP12317,Pooja Q,Kolkata,Bike,Part-time,4.87,N
12317,DP12318,Rahul Z,Mumbai,Bike,Full-time,3.73,Y
12318,DP12319,Suresh K,Bengaluru,Scooter,Full-time,4.82,Y
12319,DP12320,Amit K,Mumbai,Cycle,Full-time,4.61,Y
12320,DP12321,Vikas Z,Bengaluru,Scooter,Part-time,4.35,N
12321,DP12322,Kiran A,Mumbai,Cycle,Full-time,3.87,Y
12322,DP12323,Deepak O,Bengaluru,Scooter,Full-time,3.93,Y
12323,DP12324,Priya V,Pune,Scooter,Part-time,4.04,Y
12324,DP12325,Divya Z,Bengaluru,Cycle,Contract,4.8,Y
12325,DP12326,Rahul S,Delhi,Scooter,Part-time,4.33,Y
12326,DP12327,Pooja S,Pune,Cycle,Full-time,3.92,Y
12327,DP12328,Deepak Z,Pune,Scooter,Part-time,3.74,Y
12328,DP12329,Divya T,Delhi,Scooter,Full-time,4.42,Y
12329,DP12330,Suresh Z,Mumbai,Scooter,Full-time,4.03,Y
12330,DP12331,Meena B,Bengaluru,Scooter,Full-time,4.06,N
12331,DP12332,Divya J,Delhi,Bike,Contract,4.38,N
12332,DP12333,Divya E,Bengaluru,Cycle,Contract,4.4,Y
12333,DP12334,Kiran Y,Bengaluru,Cycle,Part-time,3.59,Y
12334,DP12335,Priya W,Hyderabad,Cycle,Part-time,4.4,Y
12335,DP12336,Priya Z,Kolkata,Scooter,Part-time,4.35,N
12336,DP12337,Amit B,Kolkata,Scooter,Full-time,4.17,Y
12337,DP12338,Amit T,Delhi,Bike,Contract,3.91,Y
12338,DP12339,Manoj J,Bengaluru,Bike,Full-time,4.41,Y
12339,DP12340,Arjun E,Delhi,Cycle,Full-time,4.14,Y
12340,DP12341,Pooja C,Bengaluru,Scooter,Full-time,4.27,Y
12341,DP12342,Kiran P,Ahmedabad,Scooter,Contract,3.64,Y
12342,DP12343,Shreya I,Bengaluru,Bike,Contract,4.77,Y
12343,DP12344,Vikas Z,Mumbai,Bike,Part-time,3.64,Y
12344,DP12345,Ananya S,Pune,Bike,Full-time,3.99,Y
12345,DP12346,Meena R,Hyderabad,Cycle,Full-time,4.25,Y
12346,DP12347,Pooja O,Pune,Bike,Part-time,4.61,N
12347,DP12348,Kiran U,Bengaluru,Scooter,Contract,4.39,Y
12348,DP12349,Suresh U,Chennai,Bike,Contract,4.34,Y
12349,DP12350,Sneha Y,Bengaluru,Scooter,Full-time,4.22,Y
12350,DP12351,Meena K,Mumbai,Cycle,Full-time,3.72,Y
12351,DP12352,Meena W,Pune,Cycle,Part-time,4.16,Y
12352,DP12353,Vikas Z,Bengaluru,Car,Part-time,4.18,Y
12353,DP12354,Neha F,Pune,Bike,Contract,4.07,Y
12354,DP12355,Pooja R,Ahmedabad,Bike,Contract,4.11,Y
12355,DP12356,Suresh C,Chennai,Cycle,Part-time,4.44,Y
12356,DP12357,Nikhil L,Bengaluru,Scooter,Contract,4.42,Y
12357,DP12358,Kiran I,Delhi,Scooter,Part-time,3.87,Y
12358,DP12359,Manoj X,Chennai,Scooter,Full-time,4.3,Y
12359,DP12360,Arjun L,Chennai,Bike,Full-time,4.17,Y
12360,DP12361,Nikhil F,Bengaluru,Scooter,Contract,4.02,N
12361,DP12362,Ananya A,Bengaluru,Scooter,Full-time,3.99,Y
12362,DP12363,Rakesh P,Kolkata,Scooter,Full-time,3.76,Y
12363,DP12364,Vikas O,Chennai,Car,Contract,4.14,Y
12364,DP12365,Ananya Y,Delhi,Scooter,Contract,4.21,Y
12365,DP12366,Manoj M,Ahmedabad,Car,Part-time,4.8,Y
12366,DP12367,Vikas A,Mumbai,Car,Full-time,4.22,Y
12367,DP12368,Nikhil Z,Hyderabad,Scooter,Part-time,4.51,Y
12368,DP12369,Deepak A,Pune,Scooter,Full-time,3.71,Y
12369,DP12370,Shreya U,Mumbai,Scooter,Full-time,4.77,Y
12370,DP12371,Sneha Z,Mumbai,Bike,Full-time,3.79,Y
12371,DP12372,Ravi S,Mumbai,Cycle,Part-time,4.62,Y
12372,DP12373,Kiran A,Bengaluru,Scooter,Part-time,4.25,Y
12373,DP12374,Rahul Q,Delhi,Bike,Part-time,3.45,Y
12374,DP12375,Rahul J,Mumbai,Car,Contract,4.2,Y
12375,DP12376,Priya P,Pune,Car,Full-time,4.14,N
12376,DP12377,Arjun B,Bengaluru,Bike,Full-time,4.67,N
12377,DP12378,Manoj H,Bengaluru,Bike,Part-time,4.45,Y
12378,DP12379,Arjun J,Kolkata,Bike,Contract,3.89,Y
12379,DP12380,Shreya R,Bengaluru,Car,Full-time,4.32,Y
12380,DP12381,Shreya U,Kolkata,Scooter,Full-time,4.19,Y
12381,DP12382,Manoj K,Bengaluru,Bike,Contract,4.21,Y
12382,DP12383,Amit O,Hyderabad,Bike,Full-time,4.42,Y
12383,DP12384,Rahul T,Mumbai,Cycle,Full-time,4.1,Y
12384,DP12385,Ananya E,Bengaluru,Scooter,Contract,4.04,Y
12385,DP12386,Vikas W,Ahmedabad,Bike,Part-time,3.83,N
12386,DP12387,Nikhil S,Mumbai,Scooter,Contract,4.2,Y
12387,DP12388,Priya K,Kolkata,Bike,Contract,4.44,Y
12388,DP12389,Sneha N,Chennai,Bike,Full-time,4.13,Y
12389,DP12390,Sneha R,Mumbai,Bike,Full-time,4.3,Y
12390,DP12391,Nikhil A,Bengaluru,Scooter,Full-time,4.55,Y
12391,DP12392,Kiran S,Mumbai,Bike,Full-time,3.31,Y
12392,DP12393,Deepak Q,Bengaluru,Bike,Full-time,3.86,Y
12393,DP12394,Rahul P,Chennai,Bike,Part-time,3.99,Y
12394,DP12395,Amit U,Bengaluru,Bike,Full-time,4.83,Y
12395,DP12396,Sneha S,Chennai,Scooter,Full-time,4.18,N
12396,DP12397,Neha S,Mumbai,Scooter,Full-time,4.29,Y
12397,DP12398,Pooja B,Kolkata,Bike,Full-time,3.68,Y
12398,DP12399,Manoj O,Pune,Scooter,Full-time,4.18,Y
12399,DP12400,Meena D,Delhi,Scooter,Part-time,3.9,Y
12400,DP12401,Vikas C,Ahmedabad,Scooter,Contract,4.22,Y
12401,DP12402,Manoj D,Bengaluru,Bike,Full-time,4.31,Y
12402,DP12403,Kiran V,Delhi,Scooter,Contract,4.2,Y
12403,DP12404,Santosh G,Ahmedabad,Bike,Contract,3.6,Y
12404,DP12405,Priya C,Kolkata,Scooter,Part-time,4.14,Y
12405,DP12406,Divya U,Kolkata,Car,Full-time,4.8,Y
12406,DP12407,Manoj Z,Delhi,Cycle,Full-time,4.43,Y
12407,DP12408,Deepak R,Kolkata,Cycle,Full-time,4.18,Y
12408,DP12409,Vikas L,Bengaluru,Scooter,Full-time,4.43,Y
12409,DP12410,Ravi U,Hyderabad,Bike,Part-time,4.52,N
12410,DP12411,Arjun F,Mumbai,Cycle,Full-time,4.03,Y
12411,DP12412,Divya Z,Mumbai,Bike,Full-time,3.66,Y
12412,DP12413,Kiran O,Hyderabad,Car,Full-time,4.0,N
12413,DP12414,Meena X,Bengaluru,Scooter,Full-time,3.69,Y
12414,DP12415,Shreya L,Mumbai,Cycle,Full-time,3.88,Y
12415,DP12416,Rahul E,Bengaluru,Scooter,Contract,4.55,Y
12416,DP12417,Shreya M,Chennai,Bike,Part-time,4.43,Y
12417,DP12418,Sneha K,Chennai,Bike,Full-time,3.84,N
12418,DP12419,Ananya G,Delhi,Bike,Full-time,4.72,Y
12419,DP12420,Suresh E,Bengaluru,Bike,Full-time,4.26,Y
12420,DP12421,Sneha K,Bengaluru,Scooter,Full-time,4.13,N
12421,DP12422,Priya Q,Kolkata,Car,Contract,3.58,Y
12422,DP12423,Suresh O,Delhi,Bike,Full-time,4.13,Y
12423,DP12424,Divya B,Mumbai,Scooter,Part-time,4.69,Y
12424,DP12425,Shreya L,Chennai,Cycle,Contract,4.6,Y
12425,DP12426,Sneha E,Pune,Scooter,Part-time,3.97,Y
12426,DP12427,Rakesh A,Hyderabad,Cycle,Full-time,4.35,Y
12427,DP12428,Deepak Y,Mumbai,Scooter,Contract,4.27,N
12428,DP12429,Deepak R,Bengaluru,Bike,Full-time,4.56,Y
12429,DP12430,Sneha J,Chennai,Cycle,Part-time,4.62,N
12430,DP12431,Deepak H,Chennai,Scooter,Contract,3.99,N
12431,DP12432,Ravi G,Kolkata,Bike,Part-time,4.41,Y
12432,DP12433,Kiran Q,Bengaluru,Bike,Contract,4.1,Y
12433,DP12434,Rakesh G,Bengaluru,Cycle,Contract,3.73,Y
12434,DP12435,Suresh S,Bengaluru,Bike,Contract,3.9,N
12435,DP12436,Manoj F,Bengaluru,Scooter,Part-time,4.49,Y
12436,DP12437,Deepak T,Bengaluru,Scooter,Part-time,4.62,Y
12437,DP12438,Shreya N,Delhi,Scooter,Part-time,4.21,N
12438,DP12439,Vikas S,Bengaluru,Cycle,Full-time,4.43,Y
12439,DP12440,Ananya S,Ahmedabad,Cycle,Part-time,4.44,Y
12440,DP12441,Santosh V,Chennai,Bike,Part-time,4.11,Y
12441,DP12442,Meena X,Delhi,Cycle,Full-time,4.12,Y
12442,DP12443,Meena D,Bengaluru,Bike,Full-time,3.84,Y
12443,DP12444,Deepak W,Bengaluru,Scooter,Full-time,3.85,Y
12444,DP12445,Vikas D,Hyderabad,Bike,Full-time,4.65,Y
12445,DP12446,Kiran M,Bengaluru,Scooter,Contract,3.87,Y
12446,DP12447,Suresh Y,Bengaluru,Cycle,Contract,4.39,Y
12447,DP12448,Shreya U,Mumbai,Cycle,Full-time,4.17,Y
12448,DP12449,Vikas S,Bengaluru,Bike,Contract,3.84,Y
12449,DP12450,Vikas X,Delhi,Scooter,Full-time,4.29,Y
12450,DP12451,Rakesh L,Mumbai,Bike,Contract,4.57,Y
12451,DP12452,Deepak N,Hyderabad,Bike,Full-time,4.01,N
12452,DP12453,Deepak F,Mumbai,Scooter,Full-time,4.25,Y
12453,DP12454,Neha R,Pune,Scooter,Contract,3.41,N
12454,DP12455,Sneha R,Delhi,Scooter,Part-time,3.8,Y
12455,DP12456,Rahul G,Kolkata,Car,Contract,4.48,Y
12456,DP12457,Rakesh Y,Delhi,Scooter,Contract,4.19,Y
12457,DP12458,Amit B,Pune,Scooter,Full-time,4.66,Y
12458,DP12459,Santosh V,Pune,Bike,Contract,3.94,Y
12459,DP12460,Priya B,Bengaluru,Bike,Part-time,4.0,Y
12460,DP12461,Meena T,Bengaluru,Cycle,Contract,4.7,Y
12461,DP12462,Arjun P,Delhi,Bike,Full-time,4.52,N
12462,DP12463,Meena C,Chennai,Scooter,Full-time,4.29,Y
12463,DP12464,Neha M,Ahmedabad,Bike,Full-time,3.78,Y
12464,DP12465,Rahul J,Delhi,Scooter,Part-time,4.42,Y
12465,DP12466,Deepak O,Bengaluru,Bike,Part-time,4.47,Y
12466,DP12467,Ravi Q,Hyderabad,Bike,Contract,4.24,Y
12467,DP12468,Ravi J,Chennai,Cycle,Full-time,4.42,N
12468,DP12469,Vikas N,Bengaluru,Scooter,Contract,4.28,N
12469,DP12470,Vikas H,Delhi,Bike,Full-time,4.03,Y
12470,DP12471,Kiran H,Mumbai,Scooter,Contract,4.15,Y
12471,DP12472,Santosh B,Pune,Scooter,Full-time,4.87,Y
12472,DP12473,Priya Q,Mumbai,Scooter,Part-time,4.45,Y
12473,DP12474,Rakesh C,Kolkata,Bike,Part-time,4.23,Y
12474,DP12475,Arjun L,Bengaluru,Scooter,Full-time,4.03,N
12475,DP12476,Nikhil Z,Ahmedabad,Scooter,Part-time,4.42,Y
12476,DP12477,Deepak I,Hyderabad,Scooter,Full-time,4.26,Y
12477,DP12478,Rakesh R,Chennai,Scooter,Contract,4.36,Y
12478,DP12479,Santosh E,Mumbai,Cycle,Part-time,4.06,Y
12479,DP12480,Meena Y,Mumbai,Cycle,Full-time,4.2,Y
12480,DP12481,Suresh K,Delhi,Bike,Part-time,4.49,Y
12481,DP12482,Manoj U,Delhi,Bike,Part-time,3.84,Y
12482,DP12483,Pooja Z,Mumbai,Bike,Part-time,3.99,Y
12483,DP12484,Divya N,Bengaluru,Bike,Part-time,4.56,Y
12484,DP12485,Sneha C,Bengaluru,Bike,Full-time,4.15,Y
12485,DP12486,Suresh T,Bengaluru,Bike,Part-time,3.67,Y
12486,DP12487,Pooja A,Ahmedabad,Bike,Full-time,4.06,Y
12487,DP12488,Ravi M,Hyderabad,Bike,Contract,4.52,Y
12488,DP12489,Santosh W,Ahmedabad,Bike,Full-time,4.75,Y
12489,DP12490,Neha X,Chennai,Scooter,Full-time,3.88,Y
12490,DP12491,Divya Z,Bengaluru,Cycle,Part-time,3.57,N
12491,DP12492,Shreya F,Ahmedabad,Scooter,Full-time,4.09,Y
12492,DP12493,Nikhil W,Hyderabad,Bike,Full-time,3.87,Y
12493,DP12494,Ravi G,Delhi,Bike,Part-time,4.28,Y
12494,DP12495,Priya R,Hyderabad,Cycle,Part-time,3.85,Y
12495,DP12496,Santosh N,Ahmedabad,Bike,Part-time,4.29,Y
12496,DP12497,Santosh P,Hyderabad,Bike,Contract,4.08,Y
12497,DP12498,Pooja V,Kolkata,Cycle,Contract,3.93,Y
12498,DP12499,Vikas W,Bengaluru,Cycle,Full-time,4.27,Y
12499,DP12500,Meena E,Mumbai,Cycle,Contract,4.35,Y
12500,DP12501,Sneha B,Kolkata,Bike,Part-time,4.72,Y
12501,DP12502,Santosh O,Bengaluru,Bike,Full-time,4.37,Y
12502,DP12503,Rahul I,Bengaluru,Bike,Full-time,4.13,Y
12503,DP12504,Rahul O,Chennai,Cycle,Full-time,4.14,Y
12504,DP12505,Divya V,Bengaluru,Bike,Contract,4.51,Y
12505,DP12506,Ananya G,Delhi,Scooter,Part-time,4.37,Y
12506,DP12507,Meena Y,Hyderabad,Scooter,Full-time,4.26,Y
12507,DP12508,Priya O,Hyderabad,Cycle,Full-time,4.07,Y
12508,DP12509,Priya D,Delhi,Bike,Full-time,4.61,Y
12509,DP12510,Shreya J,Ahmedabad,Bike,Part-time,3.82,Y
12510,DP12511,Divya B,Pune,Scooter,Full-time,4.41,Y
12511,DP12512,Shreya Q,Pune,Scooter,Contract,4.05,Y
12512,DP12513,Suresh W,Delhi,Cycle,Full-time,4.55,Y
12513,DP12514,Ravi U,Mumbai,Bike,Part-time,3.78,Y
12514,DP12515,Ravi K,Mumbai,Bike,Part-time,4.54,Y
12515,DP12516,Shreya E,Bengaluru,Cycle,Part-time,3.85,Y
12516,DP12517,Ananya J,Bengaluru,Bike,Part-time,4.06,Y
12517,DP12518,Shreya J,Delhi,Bike,Contract,4.34,Y
12518,DP12519,Ravi B,Bengaluru,Bike,Contract,4.1,Y
12519,DP12520,Divya P,Bengaluru,Car,Full-time,4.35,N
12520,DP12521,Neha V,Mumbai,Bike,Full-time,4.22,Y
12521,DP12522,Rakesh S,Bengaluru,Cycle,Part-time,5.0,Y
12522,DP12523,Rahul L,Delhi,Scooter,Full-time,4.41,Y
12523,DP12524,Amit O,Bengaluru,Bike,Contract,4.45,N
12524,DP12525,Shreya B,Ahmedabad,Bike,Part-time,4.04,Y
12525,DP12526,Manoj H,Mumbai,Bike,Full-time,4.46,Y
12526,DP12527,Meena E,Mumbai,Bike,Part-time,4.4,N
12527,DP12528,Manoj F,Bengaluru,Scooter,Full-time,4.14,Y
12528,DP12529,Nikhil M,Hyderabad,Bike,Contract,4.16,Y
12529,DP12530,Vikas M,Bengaluru,Scooter,Part-time,4.53,Y
12530,DP12531,Divya N,Ahmedabad,Scooter,Full-time,3.78,Y
12531,DP12532,Deepak N,Kolkata,Scooter,Contract,4.68,Y
12532,DP12533,Divya A,Bengaluru,Scooter,Contract,3.76,N
12533,DP12534,Manoj E,Mumbai,Bike,Full-time,3.92,Y
12534,DP12535,Neha J,Bengaluru,Scooter,Full-time,4.37,Y
12535,DP12536,Rahul I,Hyderabad,Scooter,Part-time,4.56,Y
12536,DP12537,Divya U,Hyderabad,Scooter,Full-time,4.08,Y
12537,DP12538,Nikhil S,Hyderabad,Scooter,Full-time,4.56,Y
12538,DP12539,Vikas A,Kolkata,Scooter,Part-time,3.87,Y
12539,DP12540,Ananya P,Bengaluru,Cycle,Full-time,3.99,N
12540,DP12541,Shreya A,Bengaluru,Scooter,Full-time,3.47,N
12541,DP12542,Nikhil Q,Chennai,Bike,Full-time,4.59,Y
12542,DP12543,Sneha O,Delhi,Scooter,Contract,4.21,Y
12543,DP12544,Suresh A,Delhi,Scooter,Full-time,4.21,Y
12544,DP12545,Ravi Q,Delhi,Bike,Part-time,3.54,Y
12545,DP12546,Vikas Q,Bengaluru,Bike,Part-time,4.13,Y
12546,DP12547,Rakesh N,Mumbai,Car,Part-time,4.17,Y
12547,DP12548,Pooja B,Delhi,Scooter,Full-time,3.91,Y
12548,DP12549,Santosh N,Delhi,Bike,Part-time,3.62,N
12549,DP12550,Kiran C,Delhi,Scooter,Full-time,4.3,Y
12550,DP12551,Pooja S,Bengaluru,Scooter,Part-time,4.17,Y
12551,DP12552,Rahul E,Kolkata,Bike,Contract,4.63,Y
12552,DP12553,Ananya R,Bengaluru,Scooter,Part-time,3.93,Y
12553,DP12554,Amit L,Delhi,Cycle,Part-time,4.23,Y
12554,DP12555,Rakesh V,Pune,Bike,Part-time,4.32,Y
12555,DP12556,Santosh A,Mumbai,Bike,Full-time,4.12,Y
12556,DP12557,Shreya M,Pune,Bike,Contract,4.15,Y
12557,DP12558,Meena J,Delhi,Bike,Full-time,4.0,N
12558,DP12559,Rakesh S,Chennai,Scooter,Contract,3.64,Y
12559,DP12560,Sneha M,Hyderabad,Scooter,Full-time,4.12,Y
12560,DP12561,Vikas C,Ahmedabad,Bike,Full-time,4.04,Y
12561,DP12562,Divya S,Delhi,Cycle,Full-time,3.98,Y
12562,DP12563,Santosh I,Hyderabad,Car,Full-time,4.11,Y
12563,DP12564,Kiran Y,Bengaluru,Cycle,Full-time,3.84,Y
12564,DP12565,Ananya Y,Ahmedabad,Scooter,Part-time,4.39,Y
12565,DP12566,Santosh B,Bengaluru,Bike,Full-time,4.43,Y
12566,DP12567,Deepak G,Mumbai,Scooter,Part-time,4.42,Y
12567,DP12568,Vikas S,Bengaluru,Bike,Contract,4.81,Y
12568,DP12569,Ananya M,Hyderabad,Bike,Contract,4.85,Y
12569,DP12570,Vikas W,Hyderabad,Car,Full-time,4.46,Y
12570,DP12571,Ravi J,Delhi,Scooter,Part-time,4.66,Y
12571,DP12572,Ravi O,Kolkata,Scooter,Full-time,4.09,Y
12572,DP12573,Divya J,Bengaluru,Scooter,Contract,4.19,Y
12573,DP12574,Pooja S,Ahmedabad,Bike,Contract,4.24,Y
12574,DP12575,Sneha S,Pune,Scooter,Full-time,3.93,Y
12575,DP12576,Kiran P,Chennai,Car,Part-time,4.25,Y
12576,DP12577,Ananya S,Hyderabad,Bike,Full-time,4.02,Y
12577,DP12578,Priya D,Bengaluru,Scooter,Full-time,3.43,Y
12578,DP12579,Ravi B,Bengaluru,Bike,Contract,3.96,Y
12579,DP12580,Ananya N,Delhi,Cycle,Contract,4.24,Y
12580,DP12581,Suresh T,Mumbai,Car,Part-time,5.0,Y
12581,DP12582,Amit P,Kolkata,Scooter,Part-time,4.44,Y
12582,DP12583,Divya I,Kolkata,Scooter,Full-time,4.55,Y
12583,DP12584,Amit F,Ahmedabad,Scooter,Part-time,4.51,Y
12584,DP12585,Pooja S,Chennai,Scooter,Contract,4.5,Y
12585,DP12586,Deepak W,Bengaluru,Bike,Part-time,3.5,Y
12586,DP12587,Ananya E,Delhi,Bike,Full-time,4.42,Y
12587,DP12588,Manoj H,Hyderabad,Bike,Contract,4.19,Y
12588,DP12589,Santosh O,Hyderabad,Scooter,Contract,3.98,Y
12589,DP12590,Ananya Q,Kolkata,Bike,Contract,4.06,Y
12590,DP12591,Arjun T,Kolkata,Scooter,Full-time,4.36,Y
12591,DP12592,Santosh J,Chennai,Car,Part-time,3.94,Y
12592,DP12593,Kiran X,Mumbai,Bike,Full-time,3.96,Y
12593,DP12594,Kiran P,Delhi,Bike,Full-time,4.0,N
12594,DP12595,Neha E,Hyderabad,Scooter,Contract,3.48,Y
12595,DP12596,Santosh O,Chennai,Cycle,Full-time,4.0,Y
12596,DP12597,Manoj F,Bengaluru,Bike,Part-time,3.98,Y
12597,DP12598,Ananya E,Hyderabad,Bike,Full-time,4.91,Y
12598,DP12599,Santosh A,Ahmedabad,Cycle,Part-time,4.51,N
12599,DP12600,Priya B,Mumbai,Scooter,Contract,3.97,Y
12600,DP12601,Vikas U,Delhi,Scooter,Contract,4.67,Y
12601,DP12602,Santosh K,Delhi,Scooter,Full-time,3.68,Y
12602,DP12603,Amit J,Hyderabad,Car,Contract,4.05,Y
12603,DP12604,Vikas H,Delhi,Bike,Part-time,4.29,Y
12604,DP12605,Arjun Y,Bengaluru,Bike,Full-time,3.75,Y
12605,DP12606,Arjun U,Ahmedabad,Bike,Full-time,3.77,Y
12606,DP12607,Deepak I,Kolkata,Cycle,Full-time,4.41,Y
12607,DP12608,Vikas X,Bengaluru,Scooter,Full-time,3.78,Y
12608,DP12609,Neha A,Delhi,Bike,Part-time,4.84,Y
12609,DP12610,Nikhil F,Bengaluru,Scooter,Full-time,3.97,Y
12610,DP12611,Vikas G,Chennai,Scooter,Part-time,4.12,Y
12611,DP12612,Manoj C,Delhi,Cycle,Part-time,3.6,Y
12612,DP12613,Pooja M,Pune,Bike,Contract,4.22,Y
12613,DP12614,Arjun D,Mumbai,Bike,Contract,4.0,Y
12614,DP12615,Suresh R,Delhi,Bike,Full-time,4.0,Y
12615,DP12616,Neha W,Hyderabad,Scooter,Full-time,4.47,Y
12616,DP12617,Santosh S,Delhi,Scooter,Contract,3.83,N
12617,DP12618,Neha I,Bengaluru,Cycle,Contract,4.05,Y
12618,DP12619,Arjun H,Mumbai,Bike,Contract,4.61,Y
12619,DP12620,Ravi U,Delhi,Bike,Part-time,4.01,Y
12620,DP12621,Kiran B,Chennai,Cycle,Part-time,4.33,Y
12621,DP12622,Shreya D,Pune,Scooter,Full-time,3.9,N
12622,DP12623,Suresh L,Mumbai,Scooter,Full-time,3.88,Y
12623,DP12624,Santosh B,Pune,Scooter,Full-time,3.91,N
12624,DP12625,Deepak Z,Ahmedabad,Cycle,Part-time,4.43,Y
12625,DP12626,Sneha X,Chennai,Scooter,Full-time,4.55,Y
12626,DP12627,Meena A,Mumbai,Cycle,Full-time,4.35,Y
12627,DP12628,Divya P,Pune,Cycle,Full-time,4.19,Y
12628,DP12629,Meena I,Chennai,Bike,Full-time,4.4,Y
12629,DP12630,Ravi S,Hyderabad,Cycle,Full-time,4.29,Y
12630,DP12631,Pooja W,Kolkata,Bike,Part-time,4.32,Y
12631,DP12632,Vikas K,Kolkata,Bike,Full-time,3.95,Y
12632,DP12633,Sneha F,Delhi,Bike,Full-time,4.55,Y
12633,DP12634,Ravi L,Bengaluru,Scooter,Contract,3.87,Y
12634,DP12635,Suresh D,Ahmedabad,Bike,Full-time,4.38,Y
12635,DP12636,Priya U,Hyderabad,Car,Contract,4.38,N
12636,DP12637,Divya C,Mumbai,Scooter,Full-time,3.88,Y
12637,DP12638,Divya P,Bengaluru,Scooter,Full-time,4.25,Y
12638,DP12639,Neha T,Chennai,Cycle,Full-time,4.44,Y
12639,DP12640,Rahul O,Delhi,Car,Full-time,3.76,Y
12640,DP12641,Deepak C,Bengaluru,Scooter,Full-time,4.28,Y
12641,DP12642,Shreya F,Bengaluru,Car,Part-time,4.14,Y
12642,DP12643,Rahul V,Chennai,Bike,Part-time,4.17,Y
12643,DP12644,Nikhil R,Pune,Scooter,Part-time,4.69,Y
12644,DP12645,Vikas C,Hyderabad,Cycle,Full-time,4.03,Y
12645,DP12646,Priya U,Hyderabad,Bike,Contract,4.34,Y
12646,DP12647,Manoj A,Hyderabad,Bike,Full-time,5.0,Y
12647,DP12648,Rakesh A,Kolkata,Scooter,Full-time,3.41,Y
12648,DP12649,Deepak R,Hyderabad,Bike,Part-time,4.59,N
12649,DP12650,Sneha E,Bengaluru,Scooter,Full-time,4.36,N
12650,DP12651,Amit J,Bengaluru,Bike,Full-time,3.96,Y
12651,DP12652,Divya X,Kolkata,Bike,Full-time,4.36,Y
12652,DP12653,Nikhil J,Hyderabad,Bike,Contract,3.93,Y
12653,DP12654,Divya B,Delhi,Scooter,Full-time,4.13,Y
12654,DP12655,Ravi K,Bengaluru,Scooter,Full-time,4.45,Y
12655,DP12656,Kiran Z,Bengaluru,Bike,Part-time,3.94,Y
12656,DP12657,Rahul A,Hyderabad,Scooter,Contract,3.79,Y
12657,DP12658,Divya X,Ahmedabad,Scooter,Contract,4.22,Y
12658,DP12659,Kiran H,Kolkata,Car,Full-time,4.46,Y
12659,DP12660,Rakesh O,Delhi,Scooter,Full-time,4.01,Y
12660,DP12661,Meena U,Mumbai,Bike,Part-time,3.83,Y
12661,DP12662,Pooja V,Hyderabad,Bike,Full-time,4.04,Y
12662,DP12663,Shreya Z,Bengaluru,Scooter,Part-time,3.88,Y
12663,DP12664,Shreya S,Ahmedabad,Bike,Part-time,3.62,Y
12664,DP12665,Santosh O,Mumbai,Bike,Part-time,4.61,Y
12665,DP12666,Vikas H,Ahmedabad,Scooter,Full-time,3.91,Y
12666,DP12667,Ravi B,Hyderabad,Scooter,Full-time,4.24,Y
12667,DP12668,Ananya M,Bengaluru,Scooter,Part-time,3.59,Y
12668,DP12669,Amit Q,Mumbai,Bike,Contract,3.92,Y
12669,DP12670,Nikhil X,Kolkata,Scooter,Part-time,3.97,N
12670,DP12671,Ananya B,Kolkata,Scooter,Full-time,4.59,Y
12671,DP12672,Ananya L,Hyderabad,Cycle,Full-time,3.8,Y
12672,DP12673,Arjun O,Delhi,Cycle,Contract,4.37,Y
12673,DP12674,Nikhil P,Kolkata,Scooter,Part-time,4.32,Y
12674,DP12675,Divya C,Mumbai,Scooter,Full-time,3.77,Y
12675,DP12676,Pooja U,Kolkata,Cycle,Contract,4.04,N
12676,DP12677,Divya B,Bengaluru,Bike,Full-time,4.51,Y
12677,DP12678,Ananya F,Bengaluru,Car,Full-time,3.97,Y
12678,DP12679,Santosh W,Chennai,Car,Part-time,4.21,Y
12679,DP12680,Pooja X,Delhi,Bike,Full-time,4.45,Y
12680,DP12681,Santosh F,Pune,Cycle,Full-time,4.63,Y
12681,DP12682,Ravi I,Bengaluru,Scooter,Contract,3.97,N
12682,DP12683,Meena G,Chennai,Bike,Part-time,4.05,Y
12683,DP12684,Rahul G,Bengaluru,Bike,Full-time,4.49,Y
12684,DP12685,Ravi N,Mumbai,Scooter,Part-time,3.76,Y
12685,DP12686,Vikas C,Bengaluru,Scooter,Full-time,4.44,Y
12686,DP12687,Rakesh N,Kolkata,Bike,Full-time,4.45,N
12687,DP12688,Rakesh X,Pune,Cycle,Part-time,3.96,N
12688,DP12689,Rahul W,Delhi,Scooter,Full-time,4.14,Y
12689,DP12690,Sneha D,Bengaluru,Scooter,Contract,4.29,Y
12690,DP12691,Divya L,Delhi,Scooter,Part-time,4.3,Y
12691,DP12692,Manoj N,Hyderabad,Scooter,Full-time,4.04,Y
12692,DP12693,Nikhil N,Hyderabad,Cycle,Full-time,3.78,N
12693,DP12694,Deepak O,Ahmedabad,Bike,Contract,4.2,Y
12694,DP12695,Rakesh P,Mumbai,Bike,Full-time,4.2,Y
12695,DP12696,Pooja J,Kolkata,Car,Part-time,4.48,Y
12696,DP12697,Priya H,Ahmedabad,Bike,Full-time,3.37,Y
12697,DP12698,Kiran L,Ahmedabad,Scooter,Part-time,4.35,Y
12698,DP12699,Ravi L,Ahmedabad,Bike,Part-time,4.0,Y
12699,DP12700,Kiran Q,Delhi,Car,Full-time,4.31,Y
12700,DP12701,Sneha D,Bengaluru,Car,Full-time,4.41,Y
12701,DP12702,Suresh S,Delhi,Bike,Part-time,4.36,Y
12702,DP12703,Amit Y,Bengaluru,Bike,Part-time,4.54,Y
12703,DP12704,Ravi B,Kolkata,Scooter,Full-time,4.06,Y
12704,DP12705,Sneha S,Bengaluru,Scooter,Part-time,4.05,Y
12705,DP12706,Ananya X,Mumbai,Scooter,Part-time,4.34,Y
12706,DP12707,Sneha V,Mumbai,Cycle,Full-time,3.96,Y
12707,DP12708,Sneha W,Bengaluru,Scooter,Part-time,4.13,N
12708,DP12709,Manoj F,Delhi,Bike,Part-time,4.83,Y
12709,DP12710,Sneha Z,Bengaluru,Car,Part-time,4.23,Y
12710,DP12711,Shreya O,Chennai,Bike,Contract,4.26,Y
12711,DP12712,Suresh F,Chennai,Bike,Full-time,3.94,Y
12712,DP12713,Sneha J,Mumbai,Scooter,Full-time,4.43,Y
12713,DP12714,Amit S,Mumbai,Bike,Part-time,4.37,Y
12714,DP12715,Meena Y,Ahmedabad,Cycle,Full-time,4.6,Y
12715,DP12716,Pooja N,Bengaluru,Scooter,Contract,4.06,Y
12716,DP12717,Divya V,Delhi,Cycle,Full-time,4.3,N
12717,DP12718,Divya I,Ahmedabad,Scooter,Contract,4.27,Y
12718,DP12719,Shreya Z,Bengaluru,Cycle,Contract,4.33,Y
12719,DP12720,Kiran D,Mumbai,Bike,Full-time,4.23,Y
12720,DP12721,Vikas Y,Ahmedabad,Scooter,Contract,4.11,Y
12721,DP12722,Santosh K,Ahmedabad,Bike,Full-time,4.41,Y
12722,DP12723,Pooja P,Hyderabad,Bike,Full-time,4.27,Y
12723,DP12724,Divya L,Bengaluru,Cycle,Contract,4.14,Y
12724,DP12725,Amit Z,Kolkata,Scooter,Part-time,3.96,N
12725,DP12726,Ravi G,Bengaluru,Scooter,Full-time,4.07,N
12726,DP12727,Manoj V,Delhi,Scooter,Contract,4.51,Y
12727,DP12728,Ravi N,Bengaluru,Cycle,Part-time,4.2,Y
12728,DP12729,Amit T,Hyderabad,Cycle,Full-time,4.25,Y
12729,DP12730,Sneha Q,Pune,Scooter,Part-time,4.12,Y
12730,DP12731,Rakesh G,Ahmedabad,Cycle,Contract,3.89,Y
12731,DP12732,Pooja X,Mumbai,Scooter,Part-time,4.66,Y
12732,DP12733,Divya T,Delhi,Bike,Part-time,5.0,Y
12733,DP12734,Pooja O,Bengaluru,Bike,Full-time,4.37,Y
12734,DP12735,Shreya D,Mumbai,Scooter,Part-time,4.03,Y
12735,DP12736,Ananya V,Delhi,Bike,Full-time,4.23,Y
12736,DP12737,Santosh F,Chennai,Scooter,Part-time,4.43,Y
12737,DP12738,Sneha G,Bengaluru,Bike,Part-time,3.95,Y
12738,DP12739,Vikas K,Kolkata,Bike,Contract,4.13,Y
12739,DP12740,Vikas G,Pune,Scooter,Full-time,4.01,Y
12740,DP12741,Priya N,Kolkata,Scooter,Contract,4.52,Y
12741,DP12742,Nikhil Q,Pune,Scooter,Contract,4.38,Y
12742,DP12743,Amit E,Kolkata,Bike,Contract,4.13,N
12743,DP12744,Shreya R,Bengaluru,Bike,Full-time,3.72,Y
12744,DP12745,Ananya J,Ahmedabad,Bike,Full-time,4.1,Y
12745,DP12746,Manoj I,Delhi,Scooter,Part-time,4.75,Y
12746,DP12747,Suresh A,Bengaluru,Scooter,Full-time,4.38,Y
12747,DP12748,Deepak E,Bengaluru,Bike,Full-time,4.5,N
12748,DP12749,Ravi B,Delhi,Cycle,Part-time,4.67,Y
12749,DP12750,Sneha H,Delhi,Bike,Full-time,3.7,Y
12750,DP12751,Ravi Y,Ahmedabad,Scooter,Part-time,4.31,Y
12751,DP12752,Amit R,Mumbai,Bike,Part-time,4.15,Y
12752,DP12753,Manoj J,Delhi,Scooter,Part-time,4.32,Y
12753,DP12754,Sneha L,Ahmedabad,Bike,Full-time,3.75,Y
12754,DP12755,Sneha S,Hyderabad,Scooter,Contract,3.89,Y
12755,DP12756,Nikhil C,Bengaluru,Scooter,Full-time,4.1,Y
12756,DP12757,Shreya H,Pune,Scooter,Full-time,3.89,Y
12757,DP12758,Manoj Y,Bengaluru,Bike,Full-time,3.77,Y
12758,DP12759,Priya G,Delhi,Bike,Part-time,4.0,Y
12759,DP12760,Kiran V,Hyderabad,Cycle,Part-time,3.87,Y
12760,DP12761,Arjun W,Chennai,Bike,Full-time,4.01,N
12761,DP12762,Shreya A,Bengaluru,Scooter,Part-time,4.26,Y
12762,DP12763,Divya F,Pune,Scooter,Part-time,4.68,Y
12763,DP12764,Ananya P,Bengaluru,Bike,Part-time,4.12,Y
12764,DP12765,Priya R,Chennai,Bike,Contract,3.73,N
12765,DP12766,Arjun F,Chennai,Bike,Full-time,4.62,Y
12766,DP12767,Divya U,Bengaluru,Cycle,Part-time,4.78,N
12767,DP12768,Kiran H,Mumbai,Bike,Part-time,4.1,N
12768,DP12769,Amit G,Pune,Scooter,Full-time,4.79,Y
12769,DP12770,Amit K,Kolkata,Bike,Full-time,3.85,Y
12770,DP12771,Priya J,Bengaluru,Cycle,Full-time,4.33,Y
12771,DP12772,Amit E,Delhi,Bike,Part-time,4.1,Y
12772,DP12773,Nikhil U,Bengaluru,Car,Contract,4.54,Y
12773,DP12774,Kiran W,Delhi,Bike,Full-time,4.43,Y
12774,DP12775,Vikas T,Chennai,Scooter,Part-time,4.61,Y
12775,DP12776,Sneha W,Bengaluru,Bike,Contract,4.58,N
12776,DP12777,Neha M,Pune,Scooter,Part-time,3.75,Y
12777,DP12778,Neha L,Ahmedabad,Scooter,Full-time,3.92,Y
12778,DP12779,Ananya G,Delhi,Cycle,Full-time,4.46,Y
12779,DP12780,Divya C,Pune,Bike,Full-time,4.01,Y
12780,DP12781,Vikas T,Delhi,Bike,Part-time,4.36,Y
12781,DP12782,Ravi M,Chennai,Scooter,Part-time,4.46,Y
12782,DP12783,Pooja B,Pune,Bike,Part-time,4.42,Y
12783,DP12784,Arjun N,Hyderabad,Scooter,Full-time,3.75,Y
12784,DP12785,Sneha B,Bengaluru,Bike,Full-time,4.46,Y
12785,DP12786,Pooja B,Kolkata,Scooter,Full-time,4.52,Y
12786,DP12787,Divya N,Ahmedabad,Cycle,Part-time,4.06,Y
12787,DP12788,Vikas H,Kolkata,Scooter,Full-time,4.08,N
12788,DP12789,Pooja S,Delhi,Bike,Part-time,3.75,Y
12789,DP12790,Rahul A,Ahmedabad,Cycle,Full-time,3.94,Y
12790,DP12791,Suresh I,Delhi,Scooter,Full-time,3.83,Y
12791,DP12792,Vikas S,Delhi,Bike,Full-time,4.17,Y
12792,DP12793,Santosh U,Kolkata,Scooter,Full-time,4.49,Y
12793,DP12794,Sneha L,Ahmedabad,Bike,Part-time,3.96,Y
12794,DP12795,Suresh Z,Ahmedabad,Car,Part-time,4.26,Y
12795,DP12796,Sneha W,Mumbai,Scooter,Full-time,4.25,N
12796,DP12797,Priya X,Chennai,Scooter,Part-time,3.9,Y
12797,DP12798,Shreya I,Kolkata,Bike,Full-time,4.21,Y
12798,DP12799,Sneha J,Pune,Car,Contract,4.54,Y
12799,DP12800,Sneha A,Chennai,Bike,Full-time,3.91,Y
12800,DP12801,Vikas T,Bengaluru,Bike,Full-time,4.34,Y
12801,DP12802,Vikas D,Chennai,Cycle,Full-time,4.16,Y
12802,DP12803,Manoj K,Mumbai,Scooter,Part-time,4.25,Y
12803,DP12804,Pooja T,Pune,Cycle,Contract,3.83,Y
12804,DP12805,Pooja A,Bengaluru,Scooter,Full-time,3.73,Y
12805,DP12806,Shreya M,Mumbai,Bike,Part-time,4.17,Y
12806,DP12807,Kiran H,Bengaluru,Scooter,Part-time,3.93,Y
12807,DP12808,Manoj P,Bengaluru,Bike,Full-time,4.26,N
12808,DP12809,Vikas G,Hyderabad,Bike,Contract,3.46,Y
12809,DP12810,Nikhil O,Bengaluru,Scooter,Part-time,4.33,Y
12810,DP12811,Suresh K,Delhi,Bike,Full-time,4.21,N
12811,DP12812,Vikas W,Mumbai,Bike,Full-time,4.5,Y
12812,DP12813,Priya F,Delhi,Scooter,Full-time,4.52,Y
12813,DP12814,Meena D,Pune,Bike,Contract,4.17,Y
12814,DP12815,Rakesh P,Kolkata,Bike,Full-time,3.93,Y
12815,DP12816,Ananya D,Bengaluru,Scooter,Full-time,4.27,N
12816,DP12817,Vikas O,Mumbai,Scooter,Contract,4.26,Y
12817,DP12818,Pooja F,Pune,Scooter,Part-time,4.21,Y
12818,DP12819,Divya P,Kolkata,Scooter,Full-time,4.36,Y
12819,DP12820,Sneha B,Mumbai,Scooter,Part-time,4.09,Y
12820,DP12821,Pooja E,Bengaluru,Cycle,Full-time,4.68,Y
12821,DP12822,Amit W,Bengaluru,Scooter,Part-time,4.62,Y
12822,DP12823,Vikas J,Hyderabad,Scooter,Full-time,3.64,Y
12823,DP12824,Arjun F,Delhi,Scooter,Contract,4.68,Y
12824,DP12825,Deepak A,Mumbai,Scooter,Contract,3.89,Y
12825,DP12826,Arjun H,Hyderabad,Scooter,Full-time,3.86,Y
12826,DP12827,Meena J,Pune,Bike,Full-time,4.28,Y
12827,DP12828,Nikhil Q,Delhi,Scooter,Part-time,4.21,N
12828,DP12829,Ananya B,Bengaluru,Scooter,Part-time,4.53,Y
12829,DP12830,Suresh P,Pune,Car,Full-time,4.18,Y
12830,DP12831,Priya S,Hyderabad,Bike,Part-time,4.24,Y
12831,DP12832,Ravi P,Mumbai,Cycle,Full-time,3.88,Y
12832,DP12833,Shreya D,Bengaluru,Scooter,Full-time,4.16,Y
12833,DP12834,Nikhil B,Pune,Bike,Part-time,4.5,Y
12834,DP12835,Vikas V,Hyderabad,Scooter,Full-time,3.8,Y
12835,DP12836,Amit P,Hyderabad,Bike,Full-time,4.33,Y
12836,DP12837,Rahul O,Delhi,Bike,Contract,4.33,Y
12837,DP12838,Ananya U,Bengaluru,Bike,Part-time,4.13,Y
12838,DP12839,Sneha O,Kolkata,Bike,Contract,4.24,Y
12839,DP12840,Shreya M,Chennai,Bike,Contract,4.84,Y
12840,DP12841,Deepak A,Delhi,Scooter,Full-time,4.02,Y
12841,DP12842,Rakesh U,Chennai,Cycle,Full-time,3.76,Y
12842,DP12843,Shreya X,Bengaluru,Scooter,Contract,4.17,Y
12843,DP12844,Vikas V,Bengaluru,Scooter,Part-time,4.03,Y
12844,DP12845,Priya I,Delhi,Scooter,Part-time,4.33,Y
12845,DP12846,Neha O,Ahmedabad,Scooter,Full-time,3.64,Y
12846,DP12847,Priya L,Bengaluru,Cycle,Full-time,4.17,Y
12847,DP12848,Arjun M,Bengaluru,Bike,Part-time,4.19,Y
12848,DP12849,Deepak U,Pune,Car,Full-time,3.82,Y
12849,DP12850,Pooja G,Bengaluru,Bike,Part-time,3.88,Y
12850,DP12851,Shreya G,Bengaluru,Bike,Contract,4.27,N
12851,DP12852,Meena F,Mumbai,Scooter,Part-time,4.64,Y
12852,DP12853,Meena F,Bengaluru,Scooter,Part-time,4.54,Y
12853,DP12854,Arjun R,Chennai,Scooter,Part-time,3.97,Y
12854,DP12855,Neha Y,Bengaluru,Car,Contract,4.36,Y
12855,DP12856,Arjun Y,Hyderabad,Bike,Part-time,4.88,Y
12856,DP12857,Rakesh J,Delhi,Bike,Contract,3.51,Y
12857,DP12858,Shreya F,Mumbai,Bike,Full-time,3.81,Y
12858,DP12859,Amit G,Bengaluru,Car,Full-time,3.82,Y
12859,DP12860,Ravi X,Mumbai,Bike,Full-time,4.58,Y
12860,DP12861,Deepak J,Mumbai,Cycle,Full-time,3.88,Y
12861,DP12862,Divya F,Ahmedabad,Bike,Full-time,3.98,Y
12862,DP12863,Suresh S,Chennai,Bike,Full-time,4.5,Y
12863,DP12864,Divya U,Chennai,Bike,Part-time,4.41,Y
12864,DP12865,Ravi Y,Hyderabad,Scooter,Full-time,4.06,N
12865,DP12866,Amit L,Mumbai,Cycle,Full-time,4.64,Y
12866,DP12867,Deepak F,Pune,Car,Full-time,4.4,Y
12867,DP12868,Meena G,Delhi,Scooter,Part-time,4.06,Y
12868,DP12869,Pooja E,Ahmedabad,Cycle,Full-time,3.69,Y
12869,DP12870,Pooja C,Delhi,Cycle,Full-time,4.6,Y
12870,DP12871,Divya L,Bengaluru,Scooter,Full-time,4.85,Y
12871,DP12872,Amit E,Delhi,Bike,Part-time,4.57,Y
12872,DP12873,Santosh F,Kolkata,Bike,Part-time,4.43,Y
12873,DP12874,Pooja M,Bengaluru,Scooter,Full-time,4.37,Y
12874,DP12875,Ananya D,Chennai,Bike,Contract,4.56,Y
12875,DP12876,Manoj T,Ahmedabad,Cycle,Full-time,4.45,N
12876,DP12877,Manoj L,Mumbai,Bike,Part-time,4.71,Y
12877,DP12878,Rahul G,Chennai,Scooter,Full-time,4.23,Y
12878,DP12879,Ananya T,Delhi,Bike,Contract,3.93,Y
12879,DP12880,Rahul N,Chennai,Cycle,Contract,4.88,Y
12880,DP12881,Ravi O,Hyderabad,Scooter,Full-time,4.48,Y
12881,DP12882,Ananya L,Ahmedabad,Cycle,Full-time,4.09,Y
12882,DP12883,Rakesh H,Bengaluru,Bike,Full-time,4.07,N
12883,DP12884,Meena K,Delhi,Bike,Full-time,4.79,Y
12884,DP12885,Suresh B,Bengaluru,Bike,Full-time,3.94,Y
12885,DP12886,Nikhil Z,Bengaluru,Scooter,Full-time,4.15,N
12886,DP12887,Nikhil O,Mumbai,Bike,Part-time,3.58,Y
12887,DP12888,Santosh P,Mumbai,Cycle,Full-time,4.98,Y
12888,DP12889,Ravi B,Mumbai,Car,Full-time,4.18,Y
12889,DP12890,Sneha E,Pune,Scooter,Part-time,4.52,Y
12890,DP12891,Deepak E,Kolkata,Scooter,Contract,4.38,Y
12891,DP12892,Divya X,Delhi,Bike,Part-time,4.51,Y
12892,DP12893,Arjun N,Mumbai,Scooter,Part-time,4.1,Y
12893,DP12894,Arjun U,Chennai,Bike,Full-time,4.9,Y
12894,DP12895,Suresh B,Chennai,Car,Full-time,3.57,Y
12895,DP12896,Rakesh Q,Mumbai,Scooter,Full-time,3.76,Y
12896,DP12897,Ravi V,Bengaluru,Cycle,Full-time,4.0,Y
12897,DP12898,Neha U,Ahmedabad,Scooter,Full-time,4.17,Y
12898,DP12899,Vikas G,Bengaluru,Bike,Contract,4.63,Y
12899,DP12900,Rahul V,Bengaluru,Bike,Contract,3.97,Y
12900,DP12901,Ravi I,Bengaluru,Bike,Full-time,4.42,Y
12901,DP12902,Amit W,Bengaluru,Scooter,Part-time,3.92,Y
12902,DP12903,Suresh I,Mumbai,Bike,Part-time,4.49,N
12903,DP12904,Vikas N,Pune,Scooter,Part-time,4.37,Y
12904,DP12905,Kiran U,Mumbai,Scooter,Contract,3.95,Y
12905,DP12906,Arjun O,Bengaluru,Bike,Full-time,4.04,Y
12906,DP12907,Pooja L,Delhi,Scooter,Contract,4.21,Y
12907,DP12908,Amit J,Chennai,Bike,Full-time,4.14,N
12908,DP12909,Sneha D,Bengaluru,Bike,Full-time,4.62,Y
12909,DP12910,Priya Z,Delhi,Bike,Full-time,4.42,Y
12910,DP12911,Rahul L,Ahmedabad,Scooter,Part-time,4.21,Y
12911,DP12912,Nikhil Y,Ahmedabad,Bike,Full-time,4.77,N
12912,DP12913,Meena H,Bengaluru,Bike,Part-time,3.84,Y
12913,DP12914,Rahul Y,Pune,Bike,Full-time,3.77,Y
12914,DP12915,Pooja J,Mumbai,Cycle,Full-time,4.33,Y
12915,DP12916,Rahul N,Hyderabad,Bike,Contract,4.45,N
12916,DP12917,Arjun O,Hyderabad,Cycle,Full-time,3.85,Y
12917,DP12918,Ravi L,Bengaluru,Bike,Contract,4.17,Y
12918,DP12919,Priya R,Hyderabad,Bike,Contract,3.79,Y
12919,DP12920,Rahul Q,Mumbai,Bike,Full-time,4.4,Y
12920,DP12921,Sneha I,Kolkata,Scooter,Full-time,4.35,Y
12921,DP12922,Rakesh K,Delhi,Scooter,Full-time,3.78,Y
12922,DP12923,Sneha U,Ahmedabad,Cycle,Contract,4.01,Y
12923,DP12924,Ravi N,Chennai,Scooter,Full-time,4.1,Y
12924,DP12925,Santosh U,Ahmedabad,Bike,Full-time,4.53,Y
12925,DP12926,Sneha L,Kolkata,Bike,Part-time,3.97,Y
12926,DP12927,Divya U,Bengaluru,Scooter,Full-time,4.14,Y
12927,DP12928,Nikhil X,Delhi,Cycle,Part-time,3.79,Y
12928,DP12929,Meena V,Delhi,Scooter,Full-time,4.28,Y
12929,DP12930,Arjun Y,Kolkata,Cycle,Full-time,3.59,Y
12930,DP12931,Nikhil C,Bengaluru,Scooter,Full-time,4.7,Y
12931,DP12932,Arjun K,Hyderabad,Car,Part-time,4.3,Y
12932,DP12933,Arjun Y,Pune,Bike,Contract,3.82,Y
12933,DP12934,Amit C,Bengaluru,Bike,Full-time,4.19,N
12934,DP12935,Priya X,Bengaluru,Bike,Part-time,4.3,Y
12935,DP12936,Kiran I,Bengaluru,Cycle,Full-time,4.49,Y
12936,DP12937,Vikas P,Pune,Car,Full-time,4.54,Y
12937,DP12938,Amit B,Mumbai,Bike,Full-time,4.3,Y
12938,DP12939,Suresh L,Hyderabad,Bike,Contract,4.21,Y
12939,DP12940,Meena I,Mumbai,Cycle,Full-time,3.65,Y
12940,DP12941,Manoj E,Bengaluru,Bike,Full-time,4.09,Y
12941,DP12942,Nikhil K,Hyderabad,Cycle,Part-time,4.73,Y
12942,DP12943,Nikhil M,Bengaluru,Car,Part-time,4.02,Y
12943,DP12944,Kiran J,Pune,Scooter,Full-time,3.77,Y
12944,DP12945,Rakesh H,Mumbai,Scooter,Full-time,4.33,Y
12945,DP12946,Meena P,Hyderabad,Scooter,Full-time,4.44,N
12946,DP12947,Neha Y,Kolkata,Bike,Full-time,4.42,Y
12947,DP12948,Ananya B,Mumbai,Cycle,Full-time,3.96,N
12948,DP12949,Divya X,Delhi,Scooter,Full-time,4.05,Y
12949,DP12950,Pooja M,Mumbai,Scooter,Part-time,4.19,Y
12950,DP12951,Vikas F,Kolkata,Bike,Part-time,4.02,Y
12951,DP12952,Shreya F,Bengaluru,Scooter,Full-time,4.25,Y
12952,DP12953,Deepak V,Mumbai,Scooter,Part-time,3.9,Y
12953,DP12954,Sneha L,Mumbai,Scooter,Full-time,4.47,Y
12954,DP12955,Vikas V,Hyderabad,Bike,Part-time,3.81,Y
12955,DP12956,Pooja K,Bengaluru,Bike,Full-time,3.99,Y
12956,DP12957,Rakesh M,Delhi,Scooter,Part-time,4.25,Y
12957,DP12958,Amit L,Chennai,Scooter,Full-time,4.27,Y
12958,DP12959,Manoj A,Kolkata,Bike,Full-time,4.21,N
12959,DP12960,Santosh N,Chennai,Scooter,Part-time,4.14,Y
12960,DP12961,Shreya N,Bengaluru,Bike,Full-time,4.35,Y
12961,DP12962,Meena M,Pune,Cycle,Part-time,4.79,Y
12962,DP12963,Manoj N,Delhi,Bike,Full-time,3.56,Y
12963,DP12964,Shreya M,Delhi,Scooter,Contract,3.86,Y
12964,DP12965,Pooja F,Chennai,Bike,Full-time,4.05,Y
12965,DP12966,Meena S,Mumbai,Scooter,Contract,4.11,Y
12966,DP12967,Rahul U,Delhi,Scooter,Full-time,3.47,Y
12967,DP12968,Neha I,Delhi,Car,Contract,4.04,Y
12968,DP12969,Meena J,Mumbai,Bike,Full-time,4.24,Y
12969,DP12970,Vikas W,Kolkata,Bike,Full-time,4.28,Y
12970,DP12971,Amit P,Chennai,Scooter,Part-time,4.3,Y
12971,DP12972,Suresh F,Delhi,Scooter,Part-time,3.91,Y
12972,DP12973,Manoj G,Mumbai,Bike,Full-time,4.42,Y
12973,DP12974,Pooja A,Bengaluru,Bike,Full-time,3.51,Y
12974,DP12975,Suresh A,Delhi,Cycle,Full-time,4.3,Y
12975,DP12976,Deepak F,Mumbai,Car,Part-time,4.8,Y
12976,DP12977,Neha V,Delhi,Scooter,Full-time,4.24,Y
12977,DP12978,Kiran M,Bengaluru,Scooter,Contract,4.57,Y
12978,DP12979,Pooja J,Kolkata,Bike,Contract,3.92,Y
12979,DP12980,Rahul U,Bengaluru,Bike,Full-time,4.1,Y
12980,DP12981,Santosh N,Hyderabad,Bike,Full-time,4.19,Y
12981,DP12982,Sneha P,Mumbai,Bike,Full-time,4.46,Y
12982,DP12983,Meena B,Delhi,Bike,Part-time,4.57,Y
12983,DP12984,Amit H,Bengaluru,Scooter,Part-time,3.87,Y
12984,DP12985,Arjun V,Chennai,Bike,Part-time,3.92,Y
12985,DP12986,Pooja N,Mumbai,Scooter,Full-time,4.23,Y
12986,DP12987,Amit P,Bengaluru,Scooter,Contract,4.14,Y
12987,DP12988,Meena K,Ahmedabad,Bike,Part-time,4.23,Y
12988,DP12989,Nikhil O,Delhi,Scooter,Contract,4.39,Y
12989,DP12990,Kiran G,Bengaluru,Scooter,Part-time,4.41,Y
12990,DP12991,Priya U,Ahmedabad,Cycle,Full-time,4.29,Y
12991,DP12992,Pooja L,Delhi,Bike,Contract,3.94,Y
12992,DP12993,Ananya M,Bengaluru,Scooter,Part-time,4.04,Y
12993,DP12994,Rahul L,Pune,Car,Full-time,4.41,Y
12994,DP12995,Sneha W,Delhi,Scooter,Contract,4.73,Y
12995,DP12996,Nikhil X,Hyderabad,Bike,Contract,4.15,N
12996,DP12997,Divya M,Kolkata,Bike,Part-time,4.09,Y
12997,DP12998,Pooja X,Kolkata,Bike,Full-time,4.46,Y
12998,DP12999,Sneha Q,Hyderabad,Car,Part-time,4.96,Y
12999,DP13000,Sneha G,Hyderabad,Bike,Full-time,3.73,Y
13000,DP13001,Neha E,Bengaluru,Scooter,Contract,4.59,Y
13001,DP13002,Kiran M,Pune,Bike,Contract,4.34,N
13002,DP13003,Manoj N,Hyderabad,Bike,Full-time,4.62,Y
13003,DP13004,Ananya X,Mumbai,Scooter,Full-time,4.35,Y
13004,DP13005,Pooja O,Kolkata,Bike,Full-time,4.34,Y
13005,DP13006,Neha O,Kolkata,Scooter,Full-time,4.15,Y
13006,DP13007,Ananya Z,Bengaluru,Bike,Full-time,4.02,Y
13007,DP13008,Vikas W,Pune,Scooter,Full-time,4.07,Y
13008,DP13009,Pooja B,Hyderabad,Bike,Part-time,4.75,Y
13009,DP13010,Santosh H,Delhi,Scooter,Full-time,4.09,Y
13010,DP13011,Deepak R,Delhi,Bike,Full-time,3.71,Y
13011,DP13012,Divya J,Pune,Bike,Part-time,4.26,Y
13012,DP13013,Kiran S,Bengaluru,Car,Full-time,4.61,Y
13013,DP13014,Arjun O,Ahmedabad,Bike,Full-time,4.63,Y
13014,DP13015,Rahul M,Kolkata,Cycle,Full-time,4.25,Y
13015,DP13016,Deepak I,Chennai,Bike,Full-time,3.53,Y
13016,DP13017,Santosh H,Kolkata,Bike,Full-time,4.31,Y
13017,DP13018,Suresh Q,Delhi,Cycle,Contract,4.58,Y
13018,DP13019,Neha R,Bengaluru,Cycle,Full-time,4.91,Y
13019,DP13020,Ananya Z,Kolkata,Scooter,Full-time,4.52,Y
13020,DP13021,Ananya K,Mumbai,Cycle,Part-time,4.04,N
13021,DP13022,Meena A,Kolkata,Cycle,Part-time,4.99,Y
13022,DP13023,Rahul R,Bengaluru,Bike,Contract,3.62,Y
13023,DP13024,Arjun M,Bengaluru,Scooter,Full-time,3.99,Y
13024,DP13025,Vikas B,Bengaluru,Scooter,Contract,4.17,Y
13025,DP13026,Manoj C,Bengaluru,Bike,Part-time,3.97,Y
13026,DP13027,Kiran K,Mumbai,Scooter,Part-time,4.0,Y
13027,DP13028,Manoj Z,Pune,Bike,Full-time,4.66,Y
13028,DP13029,Rakesh I,Delhi,Bike,Part-time,4.0,Y
13029,DP13030,Pooja T,Bengaluru,Cycle,Full-time,4.06,Y
13030,DP13031,Neha P,Bengaluru,Cycle,Full-time,4.24,Y
13031,DP13032,Kiran A,Mumbai,Bike,Part-time,4.08,Y
13032,DP13033,Manoj B,Bengaluru,Bike,Full-time,4.09,Y
13033,DP13034,Shreya F,Mumbai,Scooter,Full-time,4.05,Y
13034,DP13035,Nikhil C,Bengaluru,Bike,Part-time,4.5,Y
13035,DP13036,Ananya B,Hyderabad,Bike,Contract,4.03,Y
13036,DP13037,Ananya N,Bengaluru,Cycle,Contract,4.1,Y
13037,DP13038,Neha Z,Bengaluru,Cycle,Full-time,3.8,Y
13038,DP13039,Manoj R,Delhi,Scooter,Full-time,4.27,Y
13039,DP13040,Meena N,Hyderabad,Scooter,Contract,3.98,Y
13040,DP13041,Manoj H,Chennai,Bike,Full-time,4.36,Y
13041,DP13042,Suresh T,Delhi,Scooter,Part-time,4.43,Y
13042,DP13043,Vikas Z,Ahmedabad,Bike,Full-time,3.78,Y
13043,DP13044,Deepak K,Bengaluru,Scooter,Full-time,4.47,Y
13044,DP13045,Neha R,Bengaluru,Scooter,Contract,4.35,Y
13045,DP13046,Neha S,Mumbai,Scooter,Part-time,4.36,Y
13046,DP13047,Sneha V,Bengaluru,Scooter,Part-time,4.51,Y
13047,DP13048,Kiran M,Kolkata,Scooter,Full-time,4.2,Y
13048,DP13049,Arjun T,Delhi,Car,Contract,3.48,Y
13049,DP13050,Ananya Y,Mumbai,Scooter,Full-time,3.93,Y
13050,DP13051,Santosh H,Kolkata,Bike,Full-time,4.49,Y
13051,DP13052,Suresh E,Delhi,Scooter,Part-time,3.94,Y
13052,DP13053,Neha J,Delhi,Bike,Contract,3.95,Y
13053,DP13054,Pooja J,Chennai,Bike,Contract,3.49,Y
13054,DP13055,Deepak N,Chennai,Scooter,Full-time,4.13,Y
13055,DP13056,Amit U,Delhi,Bike,Part-time,4.5,Y
13056,DP13057,Manoj N,Mumbai,Scooter,Full-time,3.5,Y
13057,DP13058,Priya K,Ahmedabad,Bike,Full-time,3.63,Y
13058,DP13059,Ananya D,Mumbai,Bike,Full-time,3.99,N
13059,DP13060,Ravi F,Bengaluru,Scooter,Part-time,4.69,Y
13060,DP13061,Rahul V,Bengaluru,Scooter,Part-time,4.16,Y
13061,DP13062,Manoj S,Kolkata,Bike,Part-time,4.24,Y
13062,DP13063,Manoj K,Delhi,Cycle,Contract,3.83,Y
13063,DP13064,Manoj O,Chennai,Bike,Full-time,3.89,Y
13064,DP13065,Rahul J,Delhi,Scooter,Part-time,4.07,Y
13065,DP13066,Meena B,Hyderabad,Bike,Full-time,4.19,Y
13066,DP13067,Arjun C,Mumbai,Bike,Part-time,3.95,Y
13067,DP13068,Priya K,Mumbai,Bike,Full-time,4.23,N
13068,DP13069,Amit P,Ahmedabad,Bike,Part-time,4.09,Y
13069,DP13070,Manoj Y,Mumbai,Bike,Part-time,4.92,Y
13070,DP13071,Meena N,Ahmedabad,Scooter,Full-time,4.25,Y
13071,DP13072,Santosh X,Mumbai,Cycle,Part-time,4.65,Y
13072,DP13073,Ananya Q,Kolkata,Bike,Full-time,4.65,Y
13073,DP13074,Suresh I,Bengaluru,Scooter,Part-time,4.25,Y
13074,DP13075,Ravi L,Chennai,Scooter,Full-time,3.9,Y
13075,DP13076,Rahul V,Chennai,Bike,Full-time,4.06,Y
13076,DP13077,Rakesh E,Delhi,Bike,Contract,4.09,Y
13077,DP13078,Suresh N,Bengaluru,Scooter,Full-time,4.05,Y
13078,DP13079,Manoj E,Kolkata,Scooter,Full-time,4.29,Y
13079,DP13080,Pooja E,Pune,Bike,Part-time,4.25,Y
13080,DP13081,Sneha O,Pune,Scooter,Full-time,4.05,Y
13081,DP13082,Vikas E,Bengaluru,Bike,Part-time,4.28,Y
13082,DP13083,Pooja U,Pune,Bike,Part-time,4.17,Y
13083,DP13084,Suresh X,Ahmedabad,Bike,Part-time,4.3,Y
13084,DP13085,Rakesh G,Bengaluru,Scooter,Part-time,3.81,Y
13085,DP13086,Shreya A,Bengaluru,Scooter,Full-time,4.32,Y
13086,DP13087,Sneha S,Ahmedabad,Bike,Full-time,4.31,Y
13087,DP13088,Ananya G,Delhi,Scooter,Contract,4.23,Y
13088,DP13089,Rahul I,Delhi,Car,Contract,3.97,Y
13089,DP13090,Vikas Z,Chennai,Car,Part-time,4.03,N
13090,DP13091,Manoj B,Bengaluru,Scooter,Full-time,3.76,Y
13091,DP13092,Shreya U,Hyderabad,Scooter,Part-time,3.58,N
13092,DP13093,Manoj Y,Delhi,Scooter,Full-time,4.51,N
13093,DP13094,Priya M,Bengaluru,Scooter,Full-time,4.15,Y
13094,DP13095,Ravi X,Pune,Car,Contract,3.68,Y
13095,DP13096,Pooja A,Chennai,Car,Contract,4.37,Y
13096,DP13097,Amit W,Pune,Scooter,Full-time,4.56,Y
13097,DP13098,Rakesh F,Mumbai,Bike,Full-time,3.51,Y
13098,DP13099,Sneha S,Bengaluru,Scooter,Full-time,4.35,Y
13099,DP13100,Amit Y,Bengaluru,Bike,Full-time,3.93,N
13100,DP13101,Vikas T,Chennai,Bike,Full-time,3.94,Y
13101,DP13102,Priya Y,Delhi,Cycle,Full-time,4.24,Y
13102,DP13103,Pooja B,Mumbai,Cycle,Contract,4.45,Y
13103,DP13104,Manoj J,Mumbai,Scooter,Part-time,3.97,Y
13104,DP13105,Priya K,Delhi,Bike,Full-time,3.82,Y
13105,DP13106,Nikhil W,Bengaluru,Bike,Full-time,4.41,N
13106,DP13107,Pooja O,Ahmedabad,Bike,Contract,4.46,Y
13107,DP13108,Shreya C,Mumbai,Scooter,Part-time,4.06,Y
13108,DP13109,Shreya E,Bengaluru,Cycle,Full-time,3.62,Y
13109,DP13110,Pooja D,Bengaluru,Bike,Full-time,4.38,Y
13110,DP13111,Suresh Z,Ahmedabad,Scooter,Part-time,4.36,Y
13111,DP13112,Vikas L,Hyderabad,Cycle,Contract,4.42,Y
13112,DP13113,Suresh M,Kolkata,Bike,Part-time,3.23,Y
13113,DP13114,Divya R,Ahmedabad,Bike,Contract,3.81,Y
13114,DP13115,Pooja G,Bengaluru,Bike,Part-time,4.09,Y
13115,DP13116,Divya R,Hyderabad,Scooter,Full-time,4.11,Y
13116,DP13117,Divya J,Pune,Bike,Contract,4.01,Y
13117,DP13118,Meena A,Delhi,Cycle,Contract,4.2,N
13118,DP13119,Meena X,Bengaluru,Bike,Contract,3.86,Y
13119,DP13120,Meena N,Mumbai,Scooter,Contract,4.15,Y
13120,DP13121,Neha V,Pune,Bike,Full-time,3.89,Y
13121,DP13122,Nikhil X,Hyderabad,Scooter,Part-time,3.74,Y
13122,DP13123,Meena T,Bengaluru,Cycle,Part-time,4.17,Y
13123,DP13124,Santosh Q,Mumbai,Bike,Part-time,4.34,Y
13124,DP13125,Pooja U,Bengaluru,Car,Contract,4.4,Y
13125,DP13126,Kiran N,Delhi,Scooter,Full-time,4.09,Y
13126,DP13127,Nikhil K,Bengaluru,Scooter,Full-time,4.44,N
13127,DP13128,Deepak V,Bengaluru,Car,Full-time,3.93,Y
13128,DP13129,Manoj B,Hyderabad,Cycle,Full-time,4.52,N
13129,DP13130,Divya K,Bengaluru,Scooter,Part-time,4.35,N
13130,DP13131,Santosh T,Delhi,Bike,Part-time,4.72,Y
13131,DP13132,Amit Y,Ahmedabad,Scooter,Full-time,4.06,Y
13132,DP13133,Shreya C,Kolkata,Cycle,Part-time,4.75,Y
13133,DP13134,Vikas E,Delhi,Cycle,Part-time,4.16,N
13134,DP13135,Meena J,Bengaluru,Bike,Part-time,4.03,Y
13135,DP13136,Suresh D,Delhi,Bike,Contract,4.24,Y
13136,DP13137,Manoj L,Bengaluru,Bike,Full-time,4.26,Y
13137,DP13138,Pooja T,Ahmedabad,Bike,Full-time,3.98,N
13138,DP13139,Arjun H,Ahmedabad,Bike,Contract,4.57,Y
13139,DP13140,Manoj J,Bengaluru,Scooter,Contract,4.45,Y
13140,DP13141,Meena U,Bengaluru,Bike,Full-time,4.81,N
13141,DP13142,Kiran Y,Pune,Bike,Part-time,4.44,Y
13142,DP13143,Vikas Y,Ahmedabad,Bike,Part-time,4.26,Y
13143,DP13144,Neha V,Bengaluru,Bike,Full-time,3.94,Y
13144,DP13145,Vikas C,Ahmedabad,Bike,Full-time,3.92,Y
13145,DP13146,Rakesh C,Hyderabad,Bike,Full-time,4.69,Y
13146,DP13147,Vikas K,Bengaluru,Bike,Contract,4.26,Y
13147,DP13148,Ravi E,Hyderabad,Bike,Part-time,4.21,Y
13148,DP13149,Vikas I,Pune,Bike,Contract,4.07,Y
13149,DP13150,Deepak F,Pune,Scooter,Full-time,3.97,Y
13150,DP13151,Amit Z,Delhi,Bike,Full-time,4.47,Y
13151,DP13152,Amit W,Mumbai,Scooter,Full-time,3.71,Y
13152,DP13153,Shreya M,Mumbai,Bike,Part-time,4.14,Y
13153,DP13154,Rahul W,Bengaluru,Scooter,Contract,4.26,Y
13154,DP13155,Manoj V,Chennai,Bike,Full-time,4.48,Y
13155,DP13156,Priya V,Ahmedabad,Bike,Contract,4.36,Y
13156,DP13157,Pooja Q,Mumbai,Bike,Part-time,3.89,Y
13157,DP13158,Pooja Q,Ahmedabad,Scooter,Full-time,4.42,Y
13158,DP13159,Ananya C,Ahmedabad,Bike,Full-time,4.29,Y
13159,DP13160,Neha N,Kolkata,Car,Full-time,4.71,Y
13160,DP13161,Priya V,Bengaluru,Scooter,Full-time,3.87,Y
13161,DP13162,Ananya O,Pune,Bike,Full-time,3.99,Y
13162,DP13163,Suresh C,Kolkata,Scooter,Part-time,4.26,Y
13163,DP13164,Ravi G,Mumbai,Bike,Full-time,4.44,Y
13164,DP13165,Arjun R,Bengaluru,Scooter,Contract,3.95,Y
13165,DP13166,Meena V,Bengaluru,Scooter,Contract,3.76,Y
13166,DP13167,Ananya A,Mumbai,Bike,Part-time,4.14,Y
13167,DP13168,Kiran Q,Chennai,Scooter,Full-time,3.83,Y
13168,DP13169,Kiran W,Mumbai,Bike,Full-time,4.05,Y
13169,DP13170,Ravi D,Hyderabad,Scooter,Full-time,4.32,Y
13170,DP13171,Nikhil X,Chennai,Scooter,Full-time,3.59,Y
13171,DP13172,Ananya Q,Hyderabad,Scooter,Contract,4.4,Y
13172,DP13173,Santosh F,Bengaluru,Bike,Full-time,4.64,Y
13173,DP13174,Divya F,Hyderabad,Bike,Part-time,3.95,Y
13174,DP13175,Deepak Y,Chennai,Scooter,Full-time,4.27,Y
13175,DP13176,Vikas Y,Bengaluru,Bike,Full-time,3.76,Y
13176,DP13177,Manoj T,Delhi,Scooter,Full-time,4.38,Y
13177,DP13178,Neha C,Pune,Bike,Full-time,4.38,Y
13178,DP13179,Rahul A,Chennai,Bike,Part-time,4.11,Y
13179,DP13180,Neha A,Chennai,Scooter,Contract,4.68,Y
13180,DP13181,Vikas Q,Bengaluru,Bike,Full-time,4.22,Y
13181,DP13182,Amit G,Kolkata,Scooter,Part-time,4.59,N
13182,DP13183,Pooja C,Chennai,Bike,Full-time,4.34,Y
13183,DP13184,Priya F,Pune,Scooter,Full-time,4.1,Y
13184,DP13185,Shreya B,Ahmedabad,Bike,Contract,4.2,Y
13185,DP13186,Priya T,Hyderabad,Scooter,Full-time,4.15,N
13186,DP13187,Amit I,Mumbai,Bike,Full-time,4.25,Y
13187,DP13188,Meena G,Bengaluru,Scooter,Full-time,4.05,N
13188,DP13189,Arjun H,Bengaluru,Scooter,Part-time,4.27,Y
13189,DP13190,Meena D,Bengaluru,Scooter,Part-time,4.12,Y
13190,DP13191,Arjun Z,Mumbai,Scooter,Contract,4.41,Y
13191,DP13192,Kiran K,Hyderabad,Cycle,Full-time,4.66,Y
13192,DP13193,Rakesh N,Delhi,Scooter,Part-time,4.25,N
13193,DP13194,Deepak P,Chennai,Cycle,Part-time,4.25,Y
13194,DP13195,Rakesh E,Bengaluru,Scooter,Full-time,4.62,Y
13195,DP13196,Shreya D,Hyderabad,Cycle,Full-time,4.05,Y
13196,DP13197,Sneha K,Chennai,Scooter,Full-time,4.36,Y
13197,DP13198,Sneha L,Bengaluru,Bike,Full-time,4.52,Y
13198,DP13199,Ravi R,Bengaluru,Car,Full-time,4.4,Y
13199,DP13200,Santosh V,Ahmedabad,Bike,Part-time,4.21,Y
13200,DP13201,Suresh P,Kolkata,Bike,Full-time,4.18,Y
13201,DP13202,Neha Q,Hyderabad,Cycle,Part-time,4.37,N
13202,DP13203,Rakesh T,Delhi,Scooter,Full-time,4.81,Y
13203,DP13204,Ravi K,Ahmedabad,Car,Full-time,4.29,N
13204,DP13205,Sneha D,Bengaluru,Scooter,Full-time,4.11,Y
13205,DP13206,Kiran E,Chennai,Bike,Full-time,4.21,Y
13206,DP13207,Santosh S,Bengaluru,Scooter,Part-time,4.27,Y
13207,DP13208,Shreya B,Bengaluru,Scooter,Full-time,4.81,Y
13208,DP13209,Sneha P,Delhi,Bike,Contract,4.43,Y
13209,DP13210,Rahul S,Kolkata,Bike,Part-time,3.9,Y
13210,DP13211,Sneha S,Hyderabad,Cycle,Part-time,3.9,Y
13211,DP13212,Priya X,Bengaluru,Cycle,Part-time,4.14,Y
13212,DP13213,Meena L,Delhi,Scooter,Part-time,4.27,Y
13213,DP13214,Rakesh A,Chennai,Cycle,Full-time,3.95,N
13214,DP13215,Ananya Y,Delhi,Cycle,Full-time,4.17,Y
13215,DP13216,Meena C,Pune,Scooter,Full-time,4.48,Y
13216,DP13217,Shreya X,Mumbai,Cycle,Contract,4.08,Y
13217,DP13218,Ravi P,Mumbai,Bike,Part-time,3.86,Y
13218,DP13219,Suresh R,Bengaluru,Bike,Full-time,4.07,Y
13219,DP13220,Meena F,Kolkata,Scooter,Full-time,3.66,Y
13220,DP13221,Ravi K,Chennai,Scooter,Full-time,4.07,N
13221,DP13222,Manoj F,Bengaluru,Bike,Full-time,4.54,Y
13222,DP13223,Nikhil X,Mumbai,Car,Part-time,4.23,Y
13223,DP13224,Meena B,Pune,Scooter,Contract,4.21,Y
13224,DP13225,Vikas J,Hyderabad,Scooter,Part-time,3.31,Y
13225,DP13226,Meena W,Bengaluru,Bike,Full-time,4.29,Y
13226,DP13227,Vikas E,Hyderabad,Bike,Full-time,3.83,Y
13227,DP13228,Ravi L,Hyderabad,Bike,Full-time,4.33,Y
13228,DP13229,Meena X,Bengaluru,Scooter,Part-time,4.13,N
13229,DP13230,Kiran L,Bengaluru,Bike,Full-time,4.26,Y
13230,DP13231,Amit H,Bengaluru,Scooter,Full-time,4.16,Y
13231,DP13232,Manoj D,Mumbai,Scooter,Full-time,4.24,Y
13232,DP13233,Suresh U,Bengaluru,Bike,Part-time,3.77,Y
13233,DP13234,Pooja T,Mumbai,Bike,Part-time,4.51,Y
13234,DP13235,Ananya O,Hyderabad,Scooter,Contract,4.2,Y
13235,DP13236,Sneha F,Chennai,Bike,Full-time,4.05,Y
13236,DP13237,Kiran K,Bengaluru,Cycle,Contract,4.44,Y
13237,DP13238,Neha H,Delhi,Bike,Part-time,4.5,Y
13238,DP13239,Pooja Y,Hyderabad,Cycle,Part-time,4.29,Y
13239,DP13240,Pooja I,Kolkata,Bike,Full-time,4.24,Y
13240,DP13241,Shreya F,Delhi,Cycle,Full-time,4.02,Y
13241,DP13242,Meena V,Hyderabad,Scooter,Full-time,3.82,Y
13242,DP13243,Priya N,Mumbai,Bike,Full-time,4.68,Y
13243,DP13244,Meena K,Mumbai,Scooter,Part-time,3.63,Y
13244,DP13245,Arjun E,Delhi,Bike,Contract,4.39,Y
13245,DP13246,Amit S,Bengaluru,Bike,Full-time,4.0,Y
13246,DP13247,Nikhil O,Delhi,Scooter,Full-time,3.5,Y
13247,DP13248,Ananya L,Hyderabad,Cycle,Part-time,4.21,Y
13248,DP13249,Sneha E,Mumbai,Scooter,Full-time,4.42,Y
13249,DP13250,Amit Z,Delhi,Bike,Full-time,4.15,Y
13250,DP13251,Rahul I,Delhi,Bike,Part-time,4.46,Y
13251,DP13252,Rakesh T,Chennai,Bike,Contract,4.44,N
13252,DP13253,Neha V,Mumbai,Scooter,Contract,4.34,Y
13253,DP13254,Ananya H,Delhi,Scooter,Full-time,3.82,Y
13254,DP13255,Ananya X,Chennai,Bike,Full-time,3.99,Y
13255,DP13256,Ananya E,Kolkata,Bike,Contract,3.56,Y
13256,DP13257,Priya E,Ahmedabad,Scooter,Part-time,4.08,Y
13257,DP13258,Vikas D,Pune,Bike,Full-time,4.62,Y
13258,DP13259,Arjun C,Bengaluru,Bike,Contract,4.8,Y
13259,DP13260,Ravi T,Mumbai,Scooter,Full-time,3.91,Y
13260,DP13261,Kiran P,Mumbai,Cycle,Part-time,4.18,Y
13261,DP13262,Amit J,Kolkata,Scooter,Full-time,4.46,N
13262,DP13263,Santosh I,Delhi,Scooter,Full-time,3.99,Y
13263,DP13264,Deepak U,Mumbai,Scooter,Full-time,4.6,Y
13264,DP13265,Vikas G,Bengaluru,Cycle,Full-time,3.73,Y
13265,DP13266,Priya O,Delhi,Scooter,Full-time,4.22,Y
13266,DP13267,Suresh S,Delhi,Scooter,Full-time,4.48,Y
13267,DP13268,Neha R,Ahmedabad,Bike,Full-time,4.2,Y
13268,DP13269,Ravi T,Delhi,Bike,Part-time,4.51,Y
13269,DP13270,Nikhil G,Bengaluru,Bike,Full-time,4.02,N
13270,DP13271,Divya N,Pune,Cycle,Part-time,4.38,Y
13271,DP13272,Deepak M,Pune,Scooter,Part-time,4.42,Y
13272,DP13273,Sneha L,Delhi,Bike,Full-time,3.43,Y
13273,DP13274,Manoj W,Bengaluru,Bike,Contract,3.48,N
13274,DP13275,Deepak W,Mumbai,Bike,Full-time,4.36,Y
13275,DP13276,Pooja R,Bengaluru,Cycle,Part-time,3.73,Y
13276,DP13277,Nikhil A,Pune,Bike,Contract,4.42,N
13277,DP13278,Santosh T,Bengaluru,Scooter,Part-time,3.66,Y
13278,DP13279,Amit A,Pune,Scooter,Full-time,4.29,Y
13279,DP13280,Amit I,Delhi,Scooter,Full-time,4.05,Y
13280,DP13281,Rakesh Z,Pune,Cycle,Full-time,4.3,Y
13281,DP13282,Sneha X,Hyderabad,Cycle,Part-time,3.93,Y
13282,DP13283,Divya H,Bengaluru,Bike,Part-time,3.88,Y
13283,DP13284,Rakesh N,Bengaluru,Bike,Full-time,4.54,Y
13284,DP13285,Ravi X,Bengaluru,Bike,Contract,4.38,Y
13285,DP13286,Ravi Q,Mumbai,Scooter,Full-time,4.11,Y
13286,DP13287,Santosh J,Kolkata,Bike,Full-time,4.64,Y
13287,DP13288,Arjun B,Kolkata,Bike,Part-time,3.84,Y
13288,DP13289,Suresh B,Delhi,Scooter,Part-time,3.92,Y
13289,DP13290,Neha Y,Kolkata,Cycle,Full-time,4.29,Y
13290,DP13291,Meena D,Pune,Bike,Contract,3.38,Y
13291,DP13292,Divya A,Ahmedabad,Scooter,Part-time,4.26,Y
13292,DP13293,Rahul N,Delhi,Bike,Full-time,3.78,Y
13293,DP13294,Priya S,Bengaluru,Bike,Part-time,4.23,Y
13294,DP13295,Shreya I,Bengaluru,Bike,Part-time,4.24,Y
13295,DP13296,Ananya F,Bengaluru,Scooter,Contract,4.85,Y
13296,DP13297,Priya G,Chennai,Scooter,Full-time,4.2,N
13297,DP13298,Priya L,Bengaluru,Bike,Contract,4.28,Y
13298,DP13299,Neha P,Pune,Bike,Part-time,4.6,Y
13299,DP13300,Priya G,Mumbai,Scooter,Part-time,4.11,Y
13300,DP13301,Rakesh H,Delhi,Scooter,Full-time,4.27,Y
13301,DP13302,Neha X,Chennai,Bike,Part-time,4.29,Y
13302,DP13303,Vikas K,Delhi,Scooter,Contract,3.87,N
13303,DP13304,Rakesh X,Kolkata,Scooter,Part-time,4.56,N
13304,DP13305,Neha C,Kolkata,Scooter,Contract,4.31,Y
13305,DP13306,Sneha O,Chennai,Bike,Full-time,4.13,Y
13306,DP13307,Neha Z,Bengaluru,Bike,Full-time,4.16,Y
13307,DP13308,Pooja B,Bengaluru,Scooter,Full-time,3.87,Y
13308,DP13309,Divya L,Delhi,Cycle,Contract,4.24,Y
13309,DP13310,Priya T,Bengaluru,Car,Full-time,4.41,N
13310,DP13311,Rahul K,Chennai,Scooter,Contract,4.21,Y
13311,DP13312,Rahul F,Ahmedabad,Cycle,Full-time,4.35,Y
13312,DP13313,Arjun E,Bengaluru,Cycle,Part-time,4.33,Y
13313,DP13314,Sneha R,Mumbai,Bike,Full-time,3.72,Y
13314,DP13315,Suresh R,Ahmedabad,Bike,Full-time,4.0,Y
13315,DP13316,Neha K,Hyderabad,Scooter,Contract,4.33,Y
13316,DP13317,Ananya V,Mumbai,Scooter,Contract,4.5,Y
13317,DP13318,Santosh L,Bengaluru,Scooter,Contract,4.06,N
13318,DP13319,Rahul B,Delhi,Bike,Part-time,4.15,Y
13319,DP13320,Pooja W,Delhi,Bike,Contract,4.26,Y
13320,DP13321,Amit O,Hyderabad,Car,Contract,4.57,Y
13321,DP13322,Shreya S,Kolkata,Scooter,Full-time,3.97,Y
13322,DP13323,Divya B,Mumbai,Scooter,Part-time,3.87,Y
13323,DP13324,Vikas X,Bengaluru,Scooter,Contract,4.36,N
13324,DP13325,Deepak Z,Mumbai,Scooter,Full-time,4.17,Y
13325,DP13326,Rakesh U,Bengaluru,Scooter,Part-time,3.93,Y
13326,DP13327,Shreya O,Bengaluru,Bike,Full-time,4.03,Y
13327,DP13328,Neha A,Mumbai,Bike,Part-time,3.97,Y
13328,DP13329,Santosh M,Hyderabad,Car,Part-time,3.26,Y
13329,DP13330,Meena O,Chennai,Cycle,Contract,4.69,Y
13330,DP13331,Priya K,Pune,Bike,Full-time,4.53,Y
13331,DP13332,Arjun I,Bengaluru,Scooter,Part-time,3.67,Y
13332,DP13333,Meena E,Bengaluru,Scooter,Full-time,4.11,Y
13333,DP13334,Neha H,Mumbai,Cycle,Part-time,4.31,Y
13334,DP13335,Divya G,Pune,Bike,Contract,4.45,Y
13335,DP13336,Neha F,Hyderabad,Scooter,Full-time,4.12,Y
13336,DP13337,Amit M,Hyderabad,Scooter,Part-time,4.01,Y
13337,DP13338,Neha Z,Mumbai,Bike,Part-time,4.32,Y
13338,DP13339,Arjun L,Bengaluru,Bike,Part-time,4.44,Y
13339,DP13340,Rakesh E,Chennai,Bike,Full-time,4.71,Y
13340,DP13341,Ravi O,Chennai,Bike,Contract,4.17,Y
13341,DP13342,Ravi J,Bengaluru,Scooter,Full-time,4.14,Y
13342,DP13343,Sneha N,Hyderabad,Scooter,Full-time,4.07,Y
13343,DP13344,Amit I,Mumbai,Cycle,Full-time,4.33,Y
13344,DP13345,Rakesh U,Bengaluru,Bike,Full-time,4.01,Y
13345,DP13346,Ravi G,Chennai,Bike,Contract,4.03,Y
13346,DP13347,Shreya V,Pune,Bike,Full-time,4.26,Y
13347,DP13348,Suresh E,Mumbai,Bike,Full-time,4.21,N
13348,DP13349,Manoj N,Pune,Scooter,Part-time,4.64,Y
13349,DP13350,Suresh K,Mumbai,Bike,Full-time,4.23,Y
13350,DP13351,Meena R,Hyderabad,Cycle,Full-time,3.84,Y
13351,DP13352,Ravi D,Hyderabad,Cycle,Part-time,4.36,Y
13352,DP13353,Sneha G,Mumbai,Car,Full-time,3.33,Y
13353,DP13354,Neha P,Bengaluru,Bike,Full-time,3.95,Y
13354,DP13355,Suresh V,Ahmedabad,Cycle,Part-time,3.93,Y
13355,DP13356,Vikas W,Bengaluru,Scooter,Part-time,4.51,Y
13356,DP13357,Suresh G,Bengaluru,Cycle,Full-time,4.05,Y
13357,DP13358,Kiran C,Hyderabad,Bike,Full-time,4.18,Y
13358,DP13359,Rakesh T,Chennai,Bike,Full-time,4.23,Y
13359,DP13360,Rahul R,Ahmedabad,Scooter,Full-time,4.1,Y
13360,DP13361,Amit H,Kolkata,Scooter,Full-time,4.23,Y
13361,DP13362,Amit K,Hyderabad,Scooter,Full-time,4.45,Y
13362,DP13363,Arjun W,Mumbai,Cycle,Full-time,4.41,Y
13363,DP13364,Rakesh J,Delhi,Scooter,Contract,4.28,Y
13364,DP13365,Kiran I,Bengaluru,Car,Contract,3.83,Y
13365,DP13366,Manoj T,Kolkata,Scooter,Full-time,3.62,Y
13366,DP13367,Santosh C,Delhi,Bike,Contract,4.3,Y
13367,DP13368,Deepak Q,Ahmedabad,Bike,Full-time,4.18,Y
13368,DP13369,Meena G,Chennai,Scooter,Full-time,3.58,Y
13369,DP13370,Amit F,Kolkata,Bike,Contract,4.39,N
13370,DP13371,Sneha A,Bengaluru,Cycle,Full-time,3.93,Y
13371,DP13372,Ananya H,Ahmedabad,Cycle,Full-time,4.26,Y
13372,DP13373,Divya W,Kolkata,Scooter,Part-time,4.38,Y
13373,DP13374,Ananya E,Bengaluru,Bike,Contract,4.25,Y
13374,DP13375,Divya V,Pune,Bike,Full-time,4.08,N
13375,DP13376,Sneha Q,Kolkata,Car,Contract,4.64,Y
13376,DP13377,Priya K,Hyderabad,Cycle,Part-time,4.17,Y
13377,DP13378,Arjun J,Mumbai,Cycle,Full-time,4.32,Y
13378,DP13379,Priya Q,Ahmedabad,Cycle,Part-time,4.19,N
13379,DP13380,Arjun L,Hyderabad,Bike,Full-time,4.53,Y
13380,DP13381,Meena V,Bengaluru,Bike,Part-time,4.06,Y
13381,DP13382,Santosh X,Mumbai,Cycle,Part-time,3.97,Y
13382,DP13383,Deepak S,Delhi,Scooter,Contract,3.96,Y
13383,DP13384,Shreya F,Delhi,Scooter,Full-time,4.13,Y
13384,DP13385,Divya C,Mumbai,Bike,Full-time,4.21,Y
13385,DP13386,Nikhil H,Kolkata,Scooter,Contract,4.21,Y
13386,DP13387,Manoj H,Bengaluru,Bike,Contract,4.51,Y
13387,DP13388,Priya V,Bengaluru,Scooter,Contract,4.64,Y
13388,DP13389,Sneha X,Kolkata,Bike,Part-time,4.75,Y
13389,DP13390,Vikas T,Bengaluru,Car,Part-time,4.99,Y
13390,DP13391,Ananya J,Delhi,Scooter,Full-time,4.47,Y
13391,DP13392,Kiran I,Bengaluru,Scooter,Part-time,4.06,N
13392,DP13393,Pooja K,Kolkata,Scooter,Full-time,3.85,Y
13393,DP13394,Santosh T,Kolkata,Bike,Full-time,4.22,Y
13394,DP13395,Priya F,Mumbai,Bike,Contract,3.88,N
13395,DP13396,Rahul P,Delhi,Scooter,Contract,3.91,Y
13396,DP13397,Ravi T,Kolkata,Scooter,Contract,3.82,Y
13397,DP13398,Santosh Y,Ahmedabad,Bike,Part-time,4.14,Y
13398,DP13399,Vikas M,Hyderabad,Bike,Part-time,4.7,N
13399,DP13400,Neha Y,Bengaluru,Scooter,Full-time,4.82,Y
13400,DP13401,Ravi O,Delhi,Scooter,Full-time,4.16,Y
13401,DP13402,Priya F,Kolkata,Bike,Part-time,3.77,Y
13402,DP13403,Neha O,Chennai,Bike,Contract,3.66,Y
13403,DP13404,Kiran I,Bengaluru,Bike,Contract,4.81,Y
13404,DP13405,Santosh Z,Hyderabad,Bike,Full-time,4.35,Y
13405,DP13406,Shreya M,Hyderabad,Cycle,Full-time,4.47,N
13406,DP13407,Manoj P,Hyderabad,Scooter,Part-time,3.8,Y
13407,DP13408,Kiran B,Ahmedabad,Bike,Full-time,4.47,Y
13408,DP13409,Suresh U,Ahmedabad,Cycle,Full-time,4.19,Y
13409,DP13410,Nikhil T,Bengaluru,Cycle,Full-time,4.59,Y
13410,DP13411,Manoj F,Bengaluru,Bike,Part-time,4.3,Y
13411,DP13412,Deepak K,Bengaluru,Scooter,Contract,4.02,Y
13412,DP13413,Kiran R,Bengaluru,Bike,Contract,4.13,N
13413,DP13414,Divya H,Delhi,Bike,Full-time,3.68,Y
13414,DP13415,Meena V,Hyderabad,Bike,Full-time,3.97,Y
13415,DP13416,Ravi O,Chennai,Bike,Part-time,3.96,Y
13416,DP13417,Pooja M,Mumbai,Bike,Full-time,4.17,N
13417,DP13418,Shreya S,Bengaluru,Bike,Full-time,4.5,Y
13418,DP13419,Santosh B,Delhi,Scooter,Full-time,4.38,Y
13419,DP13420,Nikhil P,Pune,Cycle,Part-time,4.39,Y
13420,DP13421,Rahul R,Ahmedabad,Scooter,Full-time,4.11,Y
13421,DP13422,Vikas B,Delhi,Bike,Full-time,4.1,Y
13422,DP13423,Meena L,Bengaluru,Scooter,Full-time,3.9,Y
13423,DP13424,Suresh H,Bengaluru,Cycle,Full-time,4.03,Y
13424,DP13425,Ananya H,Delhi,Bike,Part-time,4.5,Y
13425,DP13426,Santosh X,Chennai,Bike,Full-time,4.05,Y
13426,DP13427,Meena O,Mumbai,Scooter,Full-time,4.07,Y
13427,DP13428,Meena S,Bengaluru,Cycle,Part-time,3.83,Y
13428,DP13429,Neha M,Bengaluru,Bike,Part-time,4.4,Y
13429,DP13430,Suresh R,Ahmedabad,Scooter,Part-time,4.26,N
13430,DP13431,Arjun A,Mumbai,Scooter,Part-time,4.55,Y
13431,DP13432,Rakesh Q,Chennai,Cycle,Part-time,4.53,Y
13432,DP13433,Ravi V,Pune,Scooter,Full-time,4.11,Y
13433,DP13434,Santosh M,Mumbai,Car,Contract,4.11,Y
13434,DP13435,Sneha B,Chennai,Car,Part-time,4.26,Y
13435,DP13436,Priya L,Kolkata,Bike,Full-time,4.35,Y
13436,DP13437,Sneha F,Mumbai,Cycle,Contract,3.95,Y
13437,DP13438,Rahul Q,Pune,Cycle,Contract,4.33,Y
13438,DP13439,Sneha Z,Hyderabad,Cycle,Part-time,4.05,Y
13439,DP13440,Arjun J,Mumbai,Bike,Part-time,4.63,Y
13440,DP13441,Neha V,Bengaluru,Cycle,Part-time,3.8,Y
13441,DP13442,Rakesh H,Bengaluru,Bike,Full-time,3.86,Y
13442,DP13443,Nikhil S,Bengaluru,Cycle,Contract,4.38,Y
13443,DP13444,Deepak G,Mumbai,Bike,Full-time,3.96,Y
13444,DP13445,Nikhil J,Bengaluru,Scooter,Contract,4.02,Y
13445,DP13446,Deepak P,Bengaluru,Bike,Part-time,4.67,Y
13446,DP13447,Ananya J,Bengaluru,Bike,Contract,3.85,Y
13447,DP13448,Divya J,Bengaluru,Scooter,Part-time,4.29,Y
13448,DP13449,Santosh T,Mumbai,Bike,Contract,4.09,Y
13449,DP13450,Meena G,Mumbai,Bike,Contract,4.49,Y
13450,DP13451,Ravi W,Ahmedabad,Scooter,Full-time,4.05,Y
13451,DP13452,Ananya R,Chennai,Scooter,Contract,4.44,Y
13452,DP13453,Priya I,Kolkata,Bike,Part-time,3.75,Y
13453,DP13454,Priya I,Mumbai,Bike,Full-time,4.2,Y
13454,DP13455,Santosh D,Pune,Scooter,Contract,4.63,Y
13455,DP13456,Ravi N,Delhi,Cycle,Contract,4.94,Y
13456,DP13457,Arjun F,Bengaluru,Scooter,Full-time,3.62,Y
13457,DP13458,Ravi X,Ahmedabad,Car,Full-time,4.46,Y
13458,DP13459,Rakesh G,Delhi,Bike,Full-time,4.45,N
13459,DP13460,Rahul J,Chennai,Scooter,Full-time,4.26,Y
13460,DP13461,Santosh J,Kolkata,Bike,Full-time,4.11,Y
13461,DP13462,Arjun P,Bengaluru,Scooter,Contract,3.8,Y
13462,DP13463,Meena R,Delhi,Bike,Part-time,4.35,Y
13463,DP13464,Deepak Z,Ahmedabad,Bike,Full-time,4.07,Y
13464,DP13465,Sneha H,Bengaluru,Scooter,Contract,4.14,Y
13465,DP13466,Arjun N,Bengaluru,Scooter,Full-time,4.42,Y
13466,DP13467,Rakesh Y,Chennai,Cycle,Part-time,4.32,N
13467,DP13468,Santosh T,Ahmedabad,Scooter,Part-time,4.48,Y
13468,DP13469,Pooja H,Chennai,Bike,Part-time,4.22,Y
13469,DP13470,Rakesh G,Ahmedabad,Cycle,Full-time,4.23,Y
13470,DP13471,Shreya B,Chennai,Scooter,Full-time,4.56,Y
13471,DP13472,Divya Q,Delhi,Scooter,Contract,4.74,Y
13472,DP13473,Kiran Z,Bengaluru,Bike,Part-time,4.41,Y
13473,DP13474,Manoj C,Hyderabad,Bike,Full-time,3.98,Y
13474,DP13475,Kiran C,Delhi,Bike,Part-time,4.53,Y
13475,DP13476,Amit L,Kolkata,Cycle,Part-time,4.37,Y
13476,DP13477,Divya L,Bengaluru,Bike,Full-time,3.94,Y
13477,DP13478,Suresh O,Chennai,Scooter,Full-time,3.78,Y
13478,DP13479,Kiran M,Chennai,Bike,Full-time,4.18,Y
13479,DP13480,Priya C,Bengaluru,Scooter,Contract,4.53,Y
13480,DP13481,Manoj D,Mumbai,Cycle,Part-time,4.48,N
13481,DP13482,Deepak G,Ahmedabad,Bike,Full-time,3.95,N
13482,DP13483,Santosh H,Delhi,Car,Contract,3.83,Y
13483,DP13484,Santosh F,Mumbai,Bike,Part-time,4.5,Y
13484,DP13485,Deepak U,Ahmedabad,Car,Full-time,3.73,Y
13485,DP13486,Vikas K,Bengaluru,Cycle,Full-time,4.23,Y
13486,DP13487,Vikas R,Mumbai,Bike,Full-time,4.18,Y
13487,DP13488,Arjun B,Mumbai,Cycle,Contract,3.79,N
13488,DP13489,Amit Z,Mumbai,Bike,Full-time,4.31,Y
13489,DP13490,Shreya Q,Hyderabad,Bike,Full-time,4.28,Y
13490,DP13491,Santosh F,Pune,Scooter,Contract,4.2,Y
13491,DP13492,Arjun M,Mumbai,Bike,Part-time,4.67,Y
13492,DP13493,Suresh Q,Hyderabad,Scooter,Full-time,4.5,Y
13493,DP13494,Shreya H,Hyderabad,Car,Full-time,4.06,Y
13494,DP13495,Divya W,Hyderabad,Cycle,Full-time,4.31,Y
13495,DP13496,Santosh R,Delhi,Cycle,Contract,3.58,Y
13496,DP13497,Divya A,Bengaluru,Scooter,Full-time,4.59,Y
13497,DP13498,Manoj U,Mumbai,Scooter,Full-time,4.05,Y
13498,DP13499,Pooja Q,Bengaluru,Bike,Part-time,4.19,Y
13499,DP13500,Kiran W,Bengaluru,Bike,Contract,4.39,Y
13500,DP13501,Arjun F,Pune,Cycle,Full-time,3.93,Y
13501,DP13502,Rahul C,Delhi,Bike,Full-time,4.21,Y
13502,DP13503,Kiran G,Hyderabad,Scooter,Full-time,3.96,Y
13503,DP13504,Deepak U,Kolkata,Bike,Full-time,3.98,Y
13504,DP13505,Amit Y,Delhi,Bike,Part-time,3.84,Y
13505,DP13506,Priya F,Delhi,Scooter,Part-time,4.09,Y
13506,DP13507,Deepak E,Bengaluru,Bike,Part-time,3.89,Y
13507,DP13508,Ravi J,Hyderabad,Cycle,Part-time,3.79,Y
13508,DP13509,Suresh L,Bengaluru,Scooter,Part-time,4.2,Y
13509,DP13510,Pooja V,Delhi,Scooter,Part-time,4.39,Y
13510,DP13511,Nikhil B,Mumbai,Bike,Contract,4.27,Y
13511,DP13512,Amit Q,Kolkata,Scooter,Part-time,4.19,Y
13512,DP13513,Rakesh L,Chennai,Cycle,Part-time,4.13,Y
13513,DP13514,Shreya I,Ahmedabad,Bike,Part-time,3.95,Y
13514,DP13515,Suresh S,Bengaluru,Scooter,Contract,4.39,Y
13515,DP13516,Manoj O,Kolkata,Cycle,Contract,4.25,Y
13516,DP13517,Divya P,Delhi,Bike,Full-time,4.44,Y
13517,DP13518,Sneha J,Mumbai,Scooter,Full-time,4.73,Y
13518,DP13519,Pooja M,Delhi,Bike,Part-time,3.98,N
13519,DP13520,Pooja B,Hyderabad,Bike,Contract,4.12,Y
13520,DP13521,Neha C,Delhi,Bike,Full-time,3.93,Y
13521,DP13522,Vikas O,Bengaluru,Scooter,Part-time,4.44,Y
13522,DP13523,Vikas L,Ahmedabad,Scooter,Part-time,4.15,Y
13523,DP13524,Deepak J,Kolkata,Bike,Full-time,4.6,Y
13524,DP13525,Deepak W,Mumbai,Cycle,Contract,3.89,Y
13525,DP13526,Pooja D,Bengaluru,Bike,Full-time,4.32,Y
13526,DP13527,Amit P,Kolkata,Scooter,Full-time,4.54,Y
13527,DP13528,Rakesh X,Kolkata,Bike,Part-time,4.12,Y
13528,DP13529,Deepak L,Pune,Scooter,Full-time,4.04,Y
13529,DP13530,Suresh Y,Ahmedabad,Scooter,Contract,4.02,Y
13530,DP13531,Pooja V,Mumbai,Bike,Full-time,3.93,Y
13531,DP13532,Deepak G,Bengaluru,Scooter,Full-time,3.94,Y
13532,DP13533,Vikas C,Ahmedabad,Bike,Part-time,3.84,Y
13533,DP13534,Neha J,Pune,Scooter,Full-time,3.94,N
13534,DP13535,Sneha E,Pune,Cycle,Part-time,4.46,N
13535,DP13536,Ananya J,Chennai,Scooter,Full-time,3.94,Y
13536,DP13537,Santosh J,Bengaluru,Bike,Part-time,4.23,Y
13537,DP13538,Santosh R,Pune,Bike,Part-time,4.04,Y
13538,DP13539,Kiran G,Bengaluru,Scooter,Contract,4.02,Y
13539,DP13540,Pooja B,Bengaluru,Cycle,Contract,4.55,Y
13540,DP13541,Pooja Y,Kolkata,Scooter,Part-time,4.12,Y
13541,DP13542,Deepak S,Chennai,Bike,Full-time,4.3,Y
13542,DP13543,Meena Z,Ahmedabad,Scooter,Part-time,4.5,N
13543,DP13544,Ananya N,Chennai,Scooter,Contract,3.83,N
13544,DP13545,Meena M,Hyderabad,Bike,Full-time,4.3,N
13545,DP13546,Priya F,Chennai,Car,Full-time,3.75,Y
13546,DP13547,Ravi Z,Hyderabad,Bike,Part-time,4.33,Y
13547,DP13548,Amit E,Delhi,Scooter,Full-time,3.77,Y
13548,DP13549,Santosh I,Mumbai,Scooter,Full-time,4.32,Y
13549,DP13550,Santosh K,Mumbai,Scooter,Full-time,3.98,N
13550,DP13551,Priya Y,Bengaluru,Scooter,Part-time,3.93,Y
13551,DP13552,Priya F,Kolkata,Scooter,Full-time,3.62,Y
13552,DP13553,Suresh A,Pune,Car,Full-time,3.91,Y
13553,DP13554,Amit Q,Ahmedabad,Cycle,Contract,3.85,Y
13554,DP13555,Deepak C,Delhi,Scooter,Full-time,3.69,Y
13555,DP13556,Rakesh B,Pune,Bike,Contract,4.59,Y
13556,DP13557,Nikhil V,Delhi,Bike,Full-time,4.38,N
13557,DP13558,Ravi O,Ahmedabad,Bike,Full-time,4.47,Y
13558,DP13559,Shreya C,Hyderabad,Bike,Part-time,4.62,Y
13559,DP13560,Pooja L,Bengaluru,Bike,Full-time,4.3,Y
13560,DP13561,Rakesh A,Kolkata,Scooter,Contract,4.1,Y
13561,DP13562,Deepak M,Mumbai,Bike,Contract,3.83,Y
13562,DP13563,Rahul Q,Delhi,Scooter,Full-time,4.19,Y
13563,DP13564,Suresh G,Bengaluru,Cycle,Contract,4.38,Y
13564,DP13565,Sneha T,Delhi,Bike,Full-time,4.97,Y
13565,DP13566,Priya C,Mumbai,Scooter,Full-time,4.17,Y
13566,DP13567,Kiran G,Chennai,Scooter,Full-time,4.2,Y
13567,DP13568,Suresh D,Ahmedabad,Car,Contract,4.18,Y
13568,DP13569,Manoj N,Ahmedabad,Bike,Full-time,4.15,Y
13569,DP13570,Shreya U,Mumbai,Car,Full-time,4.0,Y
13570,DP13571,Divya J,Bengaluru,Cycle,Full-time,3.87,Y
13571,DP13572,Manoj I,Kolkata,Bike,Contract,4.05,N
13572,DP13573,Rakesh Y,Kolkata,Scooter,Part-time,4.28,Y
13573,DP13574,Shreya U,Kolkata,Bike,Full-time,4.35,N
13574,DP13575,Manoj W,Chennai,Bike,Part-time,3.99,Y
13575,DP13576,Ananya Z,Delhi,Bike,Full-time,4.61,Y
13576,DP13577,Santosh I,Mumbai,Bike,Part-time,3.93,Y
13577,DP13578,Rakesh G,Chennai,Bike,Part-time,3.85,N
13578,DP13579,Rahul W,Hyderabad,Cycle,Part-time,4.12,Y
13579,DP13580,Rakesh Z,Hyderabad,Bike,Full-time,4.13,Y
13580,DP13581,Manoj P,Bengaluru,Scooter,Full-time,4.69,Y
13581,DP13582,Pooja J,Hyderabad,Scooter,Full-time,3.55,Y
13582,DP13583,Sneha V,Bengaluru,Bike,Full-time,4.2,Y
13583,DP13584,Santosh Q,Bengaluru,Scooter,Part-time,4.28,Y
13584,DP13585,Nikhil T,Bengaluru,Bike,Contract,3.76,Y
13585,DP13586,Divya X,Kolkata,Bike,Contract,3.96,N
13586,DP13587,Kiran L,Bengaluru,Cycle,Contract,4.37,N
13587,DP13588,Deepak P,Ahmedabad,Bike,Full-time,4.86,N
13588,DP13589,Neha G,Bengaluru,Cycle,Full-time,3.9,Y
13589,DP13590,Deepak H,Ahmedabad,Scooter,Part-time,3.71,Y
13590,DP13591,Nikhil L,Delhi,Bike,Full-time,4.26,N
13591,DP13592,Manoj A,Bengaluru,Cycle,Part-time,4.35,Y
13592,DP13593,Santosh U,Delhi,Bike,Part-time,4.17,Y
13593,DP13594,Deepak D,Mumbai,Bike,Part-time,4.08,Y
13594,DP13595,Arjun W,Hyderabad,Scooter,Contract,3.69,Y
13595,DP13596,Meena F,Kolkata,Scooter,Contract,4.59,N
13596,DP13597,Santosh F,Bengaluru,Bike,Part-time,4.33,Y
13597,DP13598,Pooja K,Delhi,Scooter,Full-time,4.37,Y
13598,DP13599,Divya S,Bengaluru,Scooter,Full-time,4.66,Y
13599,DP13600,Amit H,Chennai,Scooter,Part-time,4.52,Y
13600,DP13601,Deepak U,Pune,Scooter,Full-time,4.23,Y
13601,DP13602,Manoj R,Mumbai,Scooter,Full-time,4.51,Y
13602,DP13603,Manoj W,Bengaluru,Scooter,Full-time,3.91,Y
13603,DP13604,Rahul P,Kolkata,Bike,Full-time,3.85,Y
13604,DP13605,Neha L,Mumbai,Bike,Full-time,4.06,Y
13605,DP13606,Vikas M,Kolkata,Cycle,Full-time,4.67,Y
13606,DP13607,Rahul W,Kolkata,Bike,Full-time,4.08,Y
13607,DP13608,Manoj G,Bengaluru,Scooter,Full-time,4.14,Y
13608,DP13609,Manoj L,Mumbai,Cycle,Full-time,3.78,N
13609,DP13610,Arjun L,Delhi,Bike,Full-time,5.0,Y
13610,DP13611,Kiran H,Pune,Car,Part-time,3.67,Y
13611,DP13612,Kiran G,Hyderabad,Bike,Contract,3.75,Y
13612,DP13613,Meena E,Mumbai,Bike,Part-time,4.27,Y
13613,DP13614,Rakesh V,Delhi,Bike,Full-time,4.04,Y
13614,DP13615,Shreya I,Hyderabad,Bike,Part-time,4.1,Y
13615,DP13616,Pooja S,Delhi,Scooter,Part-time,4.63,Y
13616,DP13617,Ananya V,Chennai,Bike,Part-time,4.57,Y
13617,DP13618,Neha H,Pune,Bike,Contract,4.06,Y
13618,DP13619,Meena V,Ahmedabad,Cycle,Contract,3.9,Y
13619,DP13620,Manoj J,Mumbai,Scooter,Full-time,4.06,Y
13620,DP13621,Vikas N,Hyderabad,Bike,Contract,4.09,Y
13621,DP13622,Vikas F,Mumbai,Scooter,Full-time,4.11,Y
13622,DP13623,Divya K,Delhi,Bike,Full-time,4.61,Y
13623,DP13624,Rakesh F,Pune,Scooter,Part-time,4.08,Y
13624,DP13625,Vikas R,Pune,Cycle,Contract,4.8,Y
13625,DP13626,Amit L,Chennai,Bike,Contract,4.03,Y
13626,DP13627,Arjun V,Pune,Bike,Full-time,4.15,N
13627,DP13628,Divya W,Kolkata,Scooter,Full-time,3.76,Y
13628,DP13629,Vikas T,Bengaluru,Scooter,Part-time,3.95,Y
13629,DP13630,Rahul E,Bengaluru,Scooter,Part-time,4.31,Y
13630,DP13631,Priya L,Hyderabad,Cycle,Full-time,4.16,Y
13631,DP13632,Divya F,Bengaluru,Scooter,Full-time,4.26,Y
13632,DP13633,Neha P,Bengaluru,Bike,Part-time,4.31,N
13633,DP13634,Sneha G,Bengaluru,Scooter,Part-time,4.73,Y
13634,DP13635,Rahul T,Delhi,Cycle,Full-time,4.33,Y
13635,DP13636,Arjun S,Bengaluru,Car,Full-time,4.3,N
13636,DP13637,Shreya D,Bengaluru,Scooter,Full-time,3.88,Y
13637,DP13638,Rahul D,Bengaluru,Bike,Part-time,4.09,Y
13638,DP13639,Ananya N,Mumbai,Bike,Part-time,4.59,N
13639,DP13640,Sneha C,Ahmedabad,Scooter,Full-time,4.42,Y
13640,DP13641,Amit Z,Chennai,Bike,Part-time,4.18,Y
13641,DP13642,Suresh U,Kolkata,Cycle,Full-time,3.8,Y
13642,DP13643,Rakesh D,Mumbai,Car,Full-time,4.61,Y
13643,DP13644,Ananya W,Pune,Cycle,Contract,4.24,Y
13644,DP13645,Shreya O,Hyderabad,Car,Full-time,4.75,Y
13645,DP13646,Suresh H,Bengaluru,Bike,Part-time,4.09,Y
13646,DP13647,Divya Q,Chennai,Bike,Full-time,4.68,N
13647,DP13648,Manoj U,Delhi,Cycle,Full-time,4.03,Y
13648,DP13649,Kiran H,Ahmedabad,Bike,Full-time,4.35,Y
13649,DP13650,Arjun H,Hyderabad,Scooter,Contract,3.9,Y
13650,DP13651,Amit C,Kolkata,Bike,Part-time,3.81,Y
13651,DP13652,Suresh T,Mumbai,Cycle,Part-time,4.12,Y
13652,DP13653,Rahul G,Delhi,Bike,Part-time,3.88,N
13653,DP13654,Arjun P,Mumbai,Car,Full-time,4.55,Y
13654,DP13655,Divya A,Bengaluru,Scooter,Full-time,4.64,Y
13655,DP13656,Arjun X,Bengaluru,Scooter,Full-time,4.77,Y
13656,DP13657,Vikas C,Bengaluru,Scooter,Contract,3.97,Y
13657,DP13658,Amit H,Mumbai,Scooter,Full-time,4.57,Y
13658,DP13659,Priya B,Pune,Bike,Full-time,4.35,Y
13659,DP13660,Nikhil Q,Bengaluru,Scooter,Full-time,4.48,Y
13660,DP13661,Deepak C,Chennai,Cycle,Contract,4.12,Y
13661,DP13662,Santosh O,Kolkata,Scooter,Contract,4.72,Y
13662,DP13663,Sneha N,Delhi,Scooter,Part-time,4.28,Y
13663,DP13664,Pooja L,Mumbai,Cycle,Contract,4.68,Y
13664,DP13665,Amit M,Kolkata,Scooter,Full-time,4.15,Y
13665,DP13666,Suresh N,Delhi,Scooter,Part-time,3.89,Y
13666,DP13667,Shreya N,Pune,Bike,Contract,3.88,Y
13667,DP13668,Vikas R,Pune,Bike,Full-time,3.77,Y
13668,DP13669,Sneha F,Bengaluru,Bike,Full-time,4.71,Y
13669,DP13670,Santosh M,Ahmedabad,Scooter,Part-time,4.68,Y
13670,DP13671,Priya R,Mumbai,Bike,Full-time,3.89,N
13671,DP13672,Shreya D,Mumbai,Scooter,Full-time,4.75,Y
13672,DP13673,Kiran M,Hyderabad,Cycle,Part-time,3.62,Y
13673,DP13674,Nikhil M,Hyderabad,Scooter,Part-time,4.68,Y
13674,DP13675,Meena O,Chennai,Cycle,Full-time,4.3,Y
13675,DP13676,Amit J,Kolkata,Bike,Full-time,4.11,N
13676,DP13677,Vikas G,Chennai,Car,Contract,4.75,Y
13677,DP13678,Arjun T,Mumbai,Scooter,Contract,4.14,Y
13678,DP13679,Divya J,Ahmedabad,Bike,Part-time,4.25,Y
13679,DP13680,Ananya Q,Delhi,Scooter,Full-time,4.09,Y
13680,DP13681,Nikhil P,Delhi,Scooter,Contract,4.13,N
13681,DP13682,Arjun J,Hyderabad,Scooter,Contract,4.41,Y
13682,DP13683,Vikas P,Chennai,Scooter,Full-time,4.03,Y
13683,DP13684,Vikas D,Pune,Bike,Full-time,4.03,Y
13684,DP13685,Ravi B,Bengaluru,Scooter,Contract,4.1,Y
13685,DP13686,Amit A,Bengaluru,Scooter,Part-time,4.35,Y
13686,DP13687,Suresh H,Pune,Bike,Contract,4.56,N
13687,DP13688,Santosh K,Chennai,Bike,Full-time,4.29,Y
13688,DP13689,Santosh N,Bengaluru,Car,Part-time,4.17,Y
13689,DP13690,Pooja W,Bengaluru,Scooter,Full-time,4.17,Y
13690,DP13691,Neha Q,Mumbai,Bike,Full-time,4.1,Y
13691,DP13692,Nikhil A,Mumbai,Bike,Full-time,3.6,N
13692,DP13693,Priya I,Ahmedabad,Bike,Contract,4.11,Y
13693,DP13694,Arjun G,Ahmedabad,Bike,Full-time,4.22,Y
13694,DP13695,Rahul M,Bengaluru,Scooter,Part-time,4.06,Y
13695,DP13696,Shreya O,Bengaluru,Bike,Part-time,4.35,N
13696,DP13697,Vikas L,Bengaluru,Bike,Contract,3.97,Y
13697,DP13698,Santosh J,Mumbai,Scooter,Contract,4.08,N
13698,DP13699,Ravi Y,Hyderabad,Cycle,Full-time,4.04,N
13699,DP13700,Deepak B,Bengaluru,Scooter,Contract,4.35,N
13700,DP13701,Neha Z,Kolkata,Scooter,Contract,4.33,N
13701,DP13702,Ananya E,Pune,Bike,Contract,4.28,N
13702,DP13703,Santosh V,Bengaluru,Cycle,Full-time,4.04,Y
13703,DP13704,Shreya E,Ahmedabad,Bike,Full-time,4.03,Y
13704,DP13705,Amit A,Delhi,Scooter,Full-time,4.05,Y
13705,DP13706,Suresh T,Bengaluru,Bike,Full-time,4.47,N
13706,DP13707,Rakesh Y,Delhi,Car,Full-time,4.21,Y
13707,DP13708,Divya G,Mumbai,Bike,Full-time,4.66,Y
13708,DP13709,Amit Z,Bengaluru,Bike,Full-time,4.47,Y
13709,DP13710,Sneha M,Chennai,Bike,Part-time,4.59,Y
13710,DP13711,Ananya C,Bengaluru,Bike,Full-time,4.4,Y
13711,DP13712,Vikas C,Mumbai,Bike,Contract,4.48,Y
13712,DP13713,Shreya K,Mumbai,Bike,Full-time,3.89,Y
13713,DP13714,Ravi M,Ahmedabad,Cycle,Full-time,4.23,Y
13714,DP13715,Rahul S,Bengaluru,Bike,Part-time,4.16,Y
13715,DP13716,Ravi U,Ahmedabad,Bike,Part-time,3.69,Y
13716,DP13717,Ananya C,Bengaluru,Bike,Full-time,4.25,Y
13717,DP13718,Ananya C,Bengaluru,Bike,Full-time,4.37,Y
13718,DP13719,Vikas A,Bengaluru,Bike,Full-time,3.96,N
13719,DP13720,Neha V,Bengaluru,Cycle,Part-time,4.28,Y
13720,DP13721,Kiran M,Bengaluru,Bike,Contract,4.19,Y
13721,DP13722,Vikas J,Bengaluru,Bike,Full-time,3.87,Y
13722,DP13723,Suresh U,Bengaluru,Scooter,Full-time,4.63,Y
13723,DP13724,Deepak S,Mumbai,Cycle,Full-time,4.78,Y
13724,DP13725,Amit J,Mumbai,Bike,Contract,4.04,Y
13725,DP13726,Kiran Q,Hyderabad,Scooter,Full-time,4.61,Y
13726,DP13727,Meena C,Delhi,Cycle,Full-time,4.23,Y
13727,DP13728,Manoj B,Kolkata,Scooter,Contract,3.71,Y
13728,DP13729,Ravi N,Mumbai,Cycle,Part-time,4.54,Y
13729,DP13730,Vikas Y,Bengaluru,Bike,Contract,4.41,Y
13730,DP13731,Kiran O,Bengaluru,Scooter,Contract,3.95,Y
13731,DP13732,Santosh K,Hyderabad,Bike,Full-time,4.44,Y
13732,DP13733,Manoj C,Pune,Scooter,Part-time,4.16,Y
13733,DP13734,Rakesh F,Pune,Scooter,Contract,4.65,Y
13734,DP13735,Rahul L,Kolkata,Scooter,Part-time,4.82,Y
13735,DP13736,Rahul J,Mumbai,Cycle,Full-time,4.57,Y
13736,DP13737,Ravi J,Mumbai,Scooter,Part-time,4.05,Y
13737,DP13738,Pooja B,Mumbai,Scooter,Full-time,4.56,Y
13738,DP13739,Deepak U,Mumbai,Cycle,Full-time,4.02,Y
13739,DP13740,Manoj Y,Mumbai,Scooter,Part-time,4.24,Y
13740,DP13741,Shreya D,Bengaluru,Cycle,Contract,4.37,N
13741,DP13742,Santosh F,Mumbai,Scooter,Full-time,4.11,N
13742,DP13743,Neha S,Mumbai,Scooter,Full-time,3.95,Y
13743,DP13744,Suresh A,Ahmedabad,Bike,Part-time,4.46,Y
13744,DP13745,Rakesh T,Delhi,Bike,Part-time,4.26,Y
13745,DP13746,Manoj N,Hyderabad,Cycle,Full-time,3.46,Y
13746,DP13747,Ananya K,Bengaluru,Bike,Part-time,4.32,N
13747,DP13748,Pooja D,Mumbai,Bike,Part-time,4.48,Y
13748,DP13749,Kiran J,Hyderabad,Scooter,Full-time,4.5,Y
13749,DP13750,Deepak E,Hyderabad,Car,Part-time,3.84,Y
13750,DP13751,Ananya T,Chennai,Scooter,Full-time,4.23,Y
13751,DP13752,Pooja E,Bengaluru,Scooter,Contract,4.91,Y
13752,DP13753,Ravi T,Bengaluru,Scooter,Full-time,4.13,Y
13753,DP13754,Meena N,Bengaluru,Bike,Full-time,4.02,Y
13754,DP13755,Amit O,Bengaluru,Scooter,Full-time,4.79,Y
13755,DP13756,Shreya P,Chennai,Scooter,Full-time,4.26,Y
13756,DP13757,Rahul J,Chennai,Bike,Full-time,4.45,Y
13757,DP13758,Suresh F,Pune,Bike,Part-time,5.0,Y
13758,DP13759,Manoj V,Mumbai,Cycle,Full-time,4.6,Y
13759,DP13760,Arjun S,Kolkata,Scooter,Full-time,4.39,Y
13760,DP13761,Shreya R,Chennai,Cycle,Contract,4.49,Y
13761,DP13762,Amit B,Chennai,Bike,Contract,4.32,Y
13762,DP13763,Vikas F,Bengaluru,Cycle,Contract,4.08,Y
13763,DP13764,Sneha C,Hyderabad,Bike,Part-time,3.98,Y
13764,DP13765,Priya B,Ahmedabad,Bike,Full-time,4.28,Y
13765,DP13766,Priya G,Delhi,Bike,Part-time,4.36,Y
13766,DP13767,Shreya E,Mumbai,Scooter,Part-time,3.8,Y
13767,DP13768,Rahul Q,Mumbai,Scooter,Part-time,4.08,Y
13768,DP13769,Rakesh D,Delhi,Bike,Part-time,4.15,Y
13769,DP13770,Suresh E,Mumbai,Cycle,Part-time,3.76,N
13770,DP13771,Rahul S,Kolkata,Bike,Full-time,4.08,Y
13771,DP13772,Ravi J,Chennai,Cycle,Full-time,4.32,Y
13772,DP13773,Manoj J,Delhi,Scooter,Full-time,4.57,Y
13773,DP13774,Pooja F,Hyderabad,Cycle,Full-time,3.88,Y
13774,DP13775,Manoj M,Pune,Cycle,Contract,4.07,Y
13775,DP13776,Pooja M,Bengaluru,Scooter,Full-time,3.98,Y
13776,DP13777,Amit B,Mumbai,Bike,Full-time,4.41,N
13777,DP13778,Nikhil J,Pune,Scooter,Full-time,4.3,Y
13778,DP13779,Santosh J,Hyderabad,Bike,Part-time,4.12,Y
13779,DP13780,Ananya W,Bengaluru,Scooter,Part-time,4.2,Y
13780,DP13781,Ravi L,Bengaluru,Bike,Full-time,3.84,Y
13781,DP13782,Pooja P,Bengaluru,Scooter,Full-time,4.45,Y
13782,DP13783,Deepak E,Mumbai,Scooter,Full-time,4.0,Y
13783,DP13784,Rahul Q,Chennai,Scooter,Contract,4.24,Y
13784,DP13785,Manoj C,Mumbai,Cycle,Contract,3.8,Y
13785,DP13786,Ananya A,Bengaluru,Scooter,Part-time,4.06,Y
13786,DP13787,Kiran S,Mumbai,Bike,Full-time,4.35,Y
13787,DP13788,Vikas X,Mumbai,Scooter,Part-time,4.02,Y
13788,DP13789,Nikhil J,Bengaluru,Cycle,Full-time,4.39,Y
13789,DP13790,Ananya Q,Delhi,Scooter,Full-time,4.3,Y
13790,DP13791,Ananya V,Bengaluru,Scooter,Contract,3.79,Y
13791,DP13792,Suresh J,Mumbai,Cycle,Contract,3.99,Y
13792,DP13793,Sneha O,Bengaluru,Bike,Contract,4.38,Y
13793,DP13794,Divya L,Kolkata,Bike,Full-time,4.24,Y
13794,DP13795,Vikas D,Hyderabad,Scooter,Part-time,4.66,Y
13795,DP13796,Neha I,Chennai,Bike,Contract,4.0,Y
13796,DP13797,Vikas H,Delhi,Cycle,Full-time,4.51,Y
13797,DP13798,Sneha S,Delhi,Scooter,Full-time,4.19,Y
13798,DP13799,Amit B,Bengaluru,Scooter,Full-time,3.81,Y
13799,DP13800,Arjun G,Kolkata,Bike,Part-time,3.86,Y
13800,DP13801,Sneha Z,Delhi,Bike,Full-time,3.79,N
13801,DP13802,Suresh W,Kolkata,Bike,Part-time,4.19,Y
13802,DP13803,Meena O,Kolkata,Cycle,Part-time,4.18,N
13803,DP13804,Ananya Y,Mumbai,Scooter,Full-time,4.04,Y
13804,DP13805,Nikhil G,Kolkata,Bike,Part-time,4.41,Y
13805,DP13806,Ananya K,Delhi,Scooter,Contract,4.06,Y
13806,DP13807,Divya G,Kolkata,Bike,Full-time,4.42,Y
13807,DP13808,Amit K,Delhi,Scooter,Contract,3.6,Y
13808,DP13809,Manoj U,Delhi,Bike,Full-time,4.15,Y
13809,DP13810,Sneha Z,Ahmedabad,Bike,Full-time,3.94,Y
13810,DP13811,Manoj I,Hyderabad,Scooter,Full-time,4.06,Y
13811,DP13812,Shreya H,Hyderabad,Bike,Part-time,4.03,Y
13812,DP13813,Rahul N,Chennai,Bike,Part-time,3.98,Y
13813,DP13814,Sneha N,Mumbai,Scooter,Part-time,3.97,Y
13814,DP13815,Neha U,Bengaluru,Bike,Full-time,4.32,Y
13815,DP13816,Amit N,Bengaluru,Bike,Contract,4.17,Y
13816,DP13817,Kiran S,Bengaluru,Bike,Contract,3.85,Y
13817,DP13818,Ravi B,Bengaluru,Scooter,Full-time,4.2,Y
13818,DP13819,Neha N,Chennai,Bike,Full-time,4.25,Y
13819,DP13820,Santosh Y,Pune,Cycle,Part-time,4.23,Y
13820,DP13821,Ravi U,Kolkata,Bike,Full-time,4.18,Y
13821,DP13822,Kiran G,Chennai,Scooter,Full-time,3.93,N
13822,DP13823,Rahul J,Bengaluru,Bike,Part-time,4.27,Y
13823,DP13824,Ravi H,Bengaluru,Car,Contract,4.24,Y
13824,DP13825,Kiran M,Hyderabad,Scooter,Part-time,4.1,Y
13825,DP13826,Santosh I,Chennai,Car,Full-time,4.13,Y
13826,DP13827,Meena N,Bengaluru,Cycle,Part-time,3.8,Y
13827,DP13828,Nikhil F,Hyderabad,Bike,Full-time,4.23,Y
13828,DP13829,Suresh K,Ahmedabad,Bike,Part-time,3.68,Y
13829,DP13830,Santosh U,Mumbai,Bike,Full-time,4.43,Y
13830,DP13831,Amit P,Bengaluru,Scooter,Full-time,4.03,Y
13831,DP13832,Deepak H,Mumbai,Scooter,Contract,4.19,Y
13832,DP13833,Suresh A,Bengaluru,Bike,Contract,4.47,Y
13833,DP13834,Rakesh O,Ahmedabad,Bike,Part-time,4.04,Y
13834,DP13835,Shreya N,Kolkata,Scooter,Contract,3.87,Y
13835,DP13836,Kiran G,Pune,Scooter,Full-time,4.68,Y
13836,DP13837,Pooja T,Delhi,Bike,Contract,4.11,Y
13837,DP13838,Manoj H,Mumbai,Scooter,Contract,4.29,Y
13838,DP13839,Pooja L,Mumbai,Scooter,Part-time,4.1,Y
13839,DP13840,Meena G,Pune,Bike,Part-time,4.64,Y
13840,DP13841,Vikas V,Ahmedabad,Scooter,Contract,4.34,Y
13841,DP13842,Amit B,Ahmedabad,Bike,Part-time,3.89,Y
13842,DP13843,Rakesh D,Bengaluru,Scooter,Part-time,3.88,Y
13843,DP13844,Arjun X,Mumbai,Scooter,Full-time,3.75,Y
13844,DP13845,Nikhil S,Bengaluru,Bike,Part-time,4.95,Y
13845,DP13846,Divya R,Delhi,Cycle,Full-time,4.05,Y
13846,DP13847,Priya G,Mumbai,Cycle,Full-time,3.97,Y
13847,DP13848,Deepak C,Bengaluru,Scooter,Full-time,4.16,Y
13848,DP13849,Sneha Z,Delhi,Bike,Full-time,4.46,Y
13849,DP13850,Priya C,Chennai,Bike,Part-time,3.98,Y
13850,DP13851,Rakesh L,Chennai,Cycle,Full-time,3.99,Y
13851,DP13852,Meena S,Kolkata,Bike,Contract,4.7,Y
13852,DP13853,Pooja D,Hyderabad,Bike,Full-time,4.25,Y
13853,DP13854,Neha N,Hyderabad,Bike,Contract,4.59,Y
13854,DP13855,Pooja M,Bengaluru,Bike,Full-time,4.14,Y
13855,DP13856,Suresh V,Pune,Bike,Part-time,4.28,Y
13856,DP13857,Rahul S,Hyderabad,Cycle,Full-time,4.09,Y
13857,DP13858,Neha T,Delhi,Bike,Part-time,4.57,Y
13858,DP13859,Amit B,Delhi,Cycle,Part-time,4.07,N
13859,DP13860,Manoj F,Chennai,Cycle,Part-time,4.4,Y
13860,DP13861,Kiran C,Pune,Scooter,Part-time,3.84,Y
13861,DP13862,Suresh W,Pune,Bike,Full-time,3.51,Y
13862,DP13863,Suresh D,Mumbai,Bike,Full-time,3.87,Y
13863,DP13864,Rakesh S,Ahmedabad,Scooter,Full-time,4.39,N
13864,DP13865,Neha L,Kolkata,Bike,Full-time,4.01,Y
13865,DP13866,Suresh I,Chennai,Scooter,Contract,4.07,N
13866,DP13867,Meena F,Chennai,Bike,Contract,4.65,Y
13867,DP13868,Rakesh I,Mumbai,Bike,Full-time,4.25,Y
13868,DP13869,Nikhil W,Bengaluru,Cycle,Part-time,4.11,Y
13869,DP13870,Ravi S,Ahmedabad,Scooter,Full-time,4.01,Y
13870,DP13871,Meena V,Mumbai,Scooter,Part-time,4.04,Y
13871,DP13872,Santosh Q,Bengaluru,Scooter,Full-time,4.01,Y
13872,DP13873,Divya A,Delhi,Scooter,Part-time,4.26,Y
13873,DP13874,Ananya H,Delhi,Bike,Full-time,4.66,Y
13874,DP13875,Ananya Z,Ahmedabad,Cycle,Part-time,3.72,Y
13875,DP13876,Divya C,Chennai,Scooter,Full-time,3.43,Y
13876,DP13877,Shreya R,Kolkata,Scooter,Full-time,3.96,Y
13877,DP13878,Nikhil H,Bengaluru,Car,Full-time,3.8,Y
13878,DP13879,Ravi G,Pune,Scooter,Full-time,3.66,Y
13879,DP13880,Divya Z,Kolkata,Bike,Full-time,4.29,Y
13880,DP13881,Kiran Z,Kolkata,Scooter,Part-time,4.67,N
13881,DP13882,Kiran Q,Pune,Scooter,Contract,3.94,Y
13882,DP13883,Sneha U,Kolkata,Car,Full-time,4.94,N
13883,DP13884,Rakesh B,Kolkata,Bike,Full-time,4.08,Y
13884,DP13885,Rahul S,Delhi,Cycle,Contract,4.09,N
13885,DP13886,Ravi G,Bengaluru,Scooter,Part-time,4.08,Y
13886,DP13887,Manoj R,Chennai,Bike,Full-time,4.12,Y
13887,DP13888,Divya C,Bengaluru,Bike,Contract,4.44,Y
13888,DP13889,Pooja U,Kolkata,Bike,Part-time,4.15,Y
13889,DP13890,Kiran U,Bengaluru,Bike,Full-time,4.78,N
13890,DP13891,Shreya U,Delhi,Car,Full-time,4.0,Y
13891,DP13892,Deepak K,Hyderabad,Bike,Full-time,4.26,Y
13892,DP13893,Deepak N,Mumbai,Bike,Part-time,3.89,Y
13893,DP13894,Manoj Z,Delhi,Bike,Part-time,4.81,Y
13894,DP13895,Rahul B,Ahmedabad,Bike,Part-time,4.35,Y
13895,DP13896,Deepak U,Kolkata,Bike,Full-time,4.2,Y
13896,DP13897,Rakesh G,Pune,Bike,Part-time,4.3,Y
13897,DP13898,Vikas W,Mumbai,Scooter,Full-time,4.17,Y
13898,DP13899,Deepak M,Mumbai,Cycle,Contract,4.09,Y
13899,DP13900,Santosh X,Kolkata,Scooter,Part-time,4.45,N
13900,DP13901,Rahul W,Kolkata,Car,Contract,5.0,Y
13901,DP13902,Divya D,Kolkata,Car,Full-time,3.63,Y
13902,DP13903,Deepak K,Ahmedabad,Bike,Full-time,4.52,Y
13903,DP13904,Meena X,Chennai,Cycle,Full-time,4.49,Y
13904,DP13905,Neha D,Delhi,Scooter,Full-time,3.83,Y
13905,DP13906,Rakesh I,Bengaluru,Scooter,Full-time,4.66,N
13906,DP13907,Kiran B,Chennai,Bike,Full-time,4.5,Y
13907,DP13908,Priya E,Delhi,Scooter,Full-time,4.68,N
13908,DP13909,Suresh U,Mumbai,Scooter,Full-time,4.31,Y
13909,DP13910,Ravi N,Bengaluru,Cycle,Part-time,4.14,Y
13910,DP13911,Divya W,Hyderabad,Scooter,Full-time,4.56,Y
13911,DP13912,Nikhil Q,Bengaluru,Bike,Part-time,4.29,Y
13912,DP13913,Ravi E,Delhi,Scooter,Contract,3.74,Y
13913,DP13914,Kiran C,Bengaluru,Scooter,Contract,4.64,Y
13914,DP13915,Meena L,Hyderabad,Scooter,Part-time,4.59,Y
13915,DP13916,Amit C,Bengaluru,Car,Contract,3.8,Y
13916,DP13917,Suresh R,Delhi,Bike,Full-time,3.95,Y
13917,DP13918,Manoj D,Hyderabad,Scooter,Part-time,3.85,N
13918,DP13919,Vikas Z,Mumbai,Scooter,Part-time,4.1,Y
13919,DP13920,Vikas P,Mumbai,Cycle,Part-time,4.07,Y
13920,DP13921,Nikhil I,Hyderabad,Scooter,Contract,4.04,Y
13921,DP13922,Vikas R,Chennai,Bike,Contract,4.31,Y
13922,DP13923,Vikas E,Bengaluru,Scooter,Full-time,4.12,Y
13923,DP13924,Deepak S,Delhi,Cycle,Full-time,4.37,Y
13924,DP13925,Santosh Q,Bengaluru,Bike,Full-time,4.11,Y
13925,DP13926,Pooja K,Chennai,Scooter,Part-time,4.15,Y
13926,DP13927,Ananya C,Bengaluru,Cycle,Full-time,4.28,Y
13927,DP13928,Manoj Y,Mumbai,Scooter,Full-time,4.44,Y
13928,DP13929,Rakesh U,Mumbai,Cycle,Contract,4.43,N
13929,DP13930,Amit X,Mumbai,Scooter,Full-time,4.48,N
13930,DP13931,Kiran V,Kolkata,Bike,Contract,4.1,Y
13931,DP13932,Meena C,Delhi,Bike,Contract,4.3,Y
13932,DP13933,Santosh G,Bengaluru,Cycle,Full-time,4.7,Y
13933,DP13934,Pooja R,Bengaluru,Bike,Full-time,5.0,Y
13934,DP13935,Priya D,Kolkata,Scooter,Part-time,3.98,Y
13935,DP13936,Rahul K,Chennai,Cycle,Full-time,4.48,Y
13936,DP13937,Shreya S,Bengaluru,Bike,Part-time,4.31,Y
13937,DP13938,Divya W,Delhi,Bike,Part-time,3.62,N
13938,DP13939,Santosh H,Delhi,Scooter,Part-time,4.06,Y
13939,DP13940,Rakesh D,Kolkata,Cycle,Part-time,4.34,Y
13940,DP13941,Arjun Q,Hyderabad,Bike,Full-time,4.46,N
13941,DP13942,Divya X,Hyderabad,Bike,Full-time,3.82,Y
13942,DP13943,Pooja O,Mumbai,Car,Full-time,4.13,N
13943,DP13944,Pooja Y,Bengaluru,Bike,Full-time,3.71,Y
13944,DP13945,Kiran M,Hyderabad,Cycle,Part-time,4.15,Y
13945,DP13946,Manoj Z,Chennai,Bike,Full-time,3.64,Y
13946,DP13947,Pooja G,Ahmedabad,Bike,Part-time,3.89,Y
13947,DP13948,Ravi B,Kolkata,Scooter,Contract,4.16,Y
13948,DP13949,Arjun D,Mumbai,Scooter,Full-time,3.86,Y
13949,DP13950,Pooja A,Chennai,Cycle,Full-time,4.22,Y
13950,DP13951,Neha R,Pune,Car,Full-time,4.16,Y
13951,DP13952,Ravi Y,Hyderabad,Bike,Contract,4.37,Y
13952,DP13953,Neha Y,Delhi,Bike,Part-time,3.9,Y
13953,DP13954,Rahul T,Ahmedabad,Bike,Full-time,3.92,Y
13954,DP13955,Pooja E,Delhi,Bike,Contract,4.13,Y
13955,DP13956,Nikhil S,Delhi,Scooter,Contract,4.0,Y
13956,DP13957,Ravi L,Pune,Bike,Full-time,3.98,N
13957,DP13958,Neha D,Kolkata,Bike,Part-time,3.92,Y
13958,DP13959,Ravi O,Kolkata,Bike,Part-time,3.91,Y
13959,DP13960,Suresh G,Bengaluru,Bike,Part-time,4.4,Y
13960,DP13961,Amit D,Bengaluru,Car,Contract,3.9,Y
13961,DP13962,Arjun A,Hyderabad,Bike,Contract,3.61,Y
13962,DP13963,Rakesh O,Delhi,Scooter,Contract,4.01,Y
13963,DP13964,Ravi G,Chennai,Scooter,Full-time,4.07,Y
13964,DP13965,Ananya D,Chennai,Scooter,Full-time,3.73,Y
13965,DP13966,Priya B,Bengaluru,Bike,Full-time,4.09,Y
13966,DP13967,Deepak F,Bengaluru,Scooter,Part-time,4.1,Y
13967,DP13968,Deepak H,Bengaluru,Scooter,Full-time,3.06,Y
13968,DP13969,Amit A,Hyderabad,Scooter,Full-time,4.24,N
13969,DP13970,Priya Q,Hyderabad,Bike,Full-time,4.72,Y
13970,DP13971,Pooja D,Chennai,Cycle,Contract,4.96,Y
13971,DP13972,Ananya X,Bengaluru,Bike,Full-time,3.54,Y
13972,DP13973,Priya C,Pune,Scooter,Contract,4.32,Y
13973,DP13974,Ananya K,Bengaluru,Bike,Part-time,4.2,N
13974,DP13975,Pooja V,Hyderabad,Cycle,Full-time,3.89,Y
13975,DP13976,Santosh H,Chennai,Bike,Full-time,4.69,Y
13976,DP13977,Amit U,Bengaluru,Scooter,Contract,4.46,Y
13977,DP13978,Divya U,Mumbai,Bike,Part-time,4.15,Y
13978,DP13979,Nikhil D,Pune,Bike,Contract,4.07,Y
13979,DP13980,Shreya X,Delhi,Scooter,Contract,4.86,Y
13980,DP13981,Divya U,Pune,Scooter,Full-time,3.94,Y
13981,DP13982,Neha L,Delhi,Scooter,Full-time,4.0,Y
13982,DP13983,Santosh M,Mumbai,Bike,Full-time,4.22,Y
13983,DP13984,Suresh E,Mumbai,Cycle,Part-time,3.95,Y
13984,DP13985,Meena S,Bengaluru,Bike,Full-time,4.28,Y
13985,DP13986,Vikas F,Mumbai,Scooter,Full-time,4.56,N
13986,DP13987,Neha F,Mumbai,Scooter,Full-time,3.58,Y
13987,DP13988,Rakesh P,Bengaluru,Scooter,Part-time,4.32,Y
13988,DP13989,Priya U,Chennai,Scooter,Full-time,4.14,N
13989,DP13990,Priya C,Kolkata,Bike,Part-time,4.36,Y
13990,DP13991,Kiran Q,Bengaluru,Scooter,Contract,4.58,Y
13991,DP13992,Shreya O,Mumbai,Scooter,Contract,4.23,Y
13992,DP13993,Manoj T,Bengaluru,Bike,Full-time,4.41,Y
13993,DP13994,Sneha H,Mumbai,Scooter,Full-time,4.48,Y
13994,DP13995,Santosh U,Bengaluru,Bike,Part-time,4.28,Y
13995,DP13996,Priya U,Delhi,Bike,Full-time,4.06,Y
13996,DP13997,Ananya C,Hyderabad,Scooter,Contract,4.43,Y
13997,DP13998,Meena P,Hyderabad,Scooter,Contract,4.98,Y
13998,DP13999,Amit X,Mumbai,Scooter,Contract,4.06,Y
13999,DP14000,Kiran Q,Ahmedabad,Scooter,Contract,4.36,Y
14000,DP14001,Suresh I,Bengaluru,Bike,Full-time,4.34,Y
14001,DP14002,Ananya A,Mumbai,Bike,Contract,4.06,Y
14002,DP14003,Deepak B,Delhi,Scooter,Contract,4.18,Y
14003,DP14004,Amit I,Kolkata,Bike,Full-time,4.2,N
14004,DP14005,Rakesh Q,Mumbai,Car,Contract,3.93,Y
14005,DP14006,Suresh F,Hyderabad,Bike,Part-time,4.15,Y
14006,DP14007,Deepak L,Bengaluru,Scooter,Part-time,4.14,Y
14007,DP14008,Shreya E,Hyderabad,Car,Full-time,4.51,N
14008,DP14009,Priya U,Pune,Scooter,Contract,4.07,Y
14009,DP14010,Amit P,Hyderabad,Bike,Full-time,4.31,Y
14010,DP14011,Ravi E,Mumbai,Bike,Full-time,4.52,Y
14011,DP14012,Kiran X,Chennai,Scooter,Full-time,4.04,Y
14012,DP14013,Rahul Q,Bengaluru,Bike,Part-time,4.27,Y
14013,DP14014,Priya A,Chennai,Bike,Full-time,4.43,Y
14014,DP14015,Arjun S,Bengaluru,Bike,Part-time,4.04,Y
14015,DP14016,Rahul N,Ahmedabad,Cycle,Part-time,3.65,Y
14016,DP14017,Santosh R,Hyderabad,Bike,Full-time,4.41,Y
14017,DP14018,Manoj K,Bengaluru,Bike,Full-time,4.57,Y
14018,DP14019,Priya Y,Delhi,Cycle,Part-time,4.01,Y
14019,DP14020,Neha B,Pune,Bike,Part-time,4.22,Y
14020,DP14021,Suresh G,Mumbai,Scooter,Full-time,4.53,Y
14021,DP14022,Santosh F,Mumbai,Scooter,Full-time,4.43,Y
14022,DP14023,Suresh U,Bengaluru,Bike,Full-time,4.28,Y
14023,DP14024,Shreya Z,Bengaluru,Bike,Full-time,4.51,Y
14024,DP14025,Shreya K,Delhi,Bike,Contract,3.83,Y
14025,DP14026,Manoj V,Kolkata,Bike,Part-time,4.11,Y
14026,DP14027,Arjun J,Bengaluru,Scooter,Full-time,3.66,Y
14027,DP14028,Rakesh V,Bengaluru,Bike,Full-time,3.82,N
14028,DP14029,Vikas U,Hyderabad,Bike,Part-time,3.57,Y
14029,DP14030,Sneha O,Hyderabad,Scooter,Part-time,4.47,Y
14030,DP14031,Divya J,Delhi,Bike,Part-time,3.97,Y
14031,DP14032,Santosh Q,Bengaluru,Bike,Contract,3.89,Y
14032,DP14033,Divya H,Mumbai,Cycle,Full-time,3.91,Y
14033,DP14034,Meena D,Kolkata,Bike,Full-time,4.27,Y
14034,DP14035,Kiran P,Bengaluru,Cycle,Full-time,4.48,Y
14035,DP14036,Meena B,Mumbai,Scooter,Contract,4.41,Y
14036,DP14037,Santosh Z,Kolkata,Cycle,Full-time,4.01,Y
14037,DP14038,Arjun O,Delhi,Bike,Contract,4.29,Y
14038,DP14039,Neha N,Hyderabad,Scooter,Full-time,3.6,Y
14039,DP14040,Rahul E,Mumbai,Cycle,Part-time,3.9,Y
14040,DP14041,Neha P,Delhi,Cycle,Full-time,3.89,Y
14041,DP14042,Suresh F,Bengaluru,Bike,Full-time,4.01,N
14042,DP14043,Amit V,Mumbai,Bike,Full-time,3.65,N
14043,DP14044,Neha G,Mumbai,Scooter,Full-time,4.48,Y
14044,DP14045,Sneha T,Kolkata,Cycle,Full-time,4.3,Y
14045,DP14046,Ananya Q,Chennai,Scooter,Part-time,4.16,Y
14046,DP14047,Meena T,Bengaluru,Cycle,Full-time,4.67,Y
14047,DP14048,Ravi Y,Mumbai,Scooter,Contract,3.76,Y
14048,DP14049,Santosh V,Mumbai,Scooter,Part-time,3.97,Y
14049,DP14050,Neha T,Chennai,Bike,Full-time,4.05,Y
14050,DP14051,Priya X,Chennai,Bike,Full-time,4.36,Y
14051,DP14052,Manoj D,Bengaluru,Bike,Full-time,4.13,Y
14052,DP14053,Suresh L,Ahmedabad,Bike,Contract,3.92,Y
14053,DP14054,Neha R,Hyderabad,Scooter,Full-time,4.11,Y
14054,DP14055,Kiran R,Mumbai,Car,Part-time,4.08,Y
14055,DP14056,Rahul J,Kolkata,Cycle,Part-time,4.3,Y
14056,DP14057,Santosh T,Bengaluru,Scooter,Contract,4.72,Y
14057,DP14058,Kiran W,Delhi,Bike,Part-time,4.44,Y
14058,DP14059,Deepak C,Kolkata,Bike,Full-time,4.34,Y
14059,DP14060,Neha D,Mumbai,Bike,Part-time,4.42,Y
14060,DP14061,Vikas Z,Ahmedabad,Scooter,Part-time,4.14,Y
14061,DP14062,Sneha D,Mumbai,Scooter,Full-time,4.69,Y
14062,DP14063,Divya M,Chennai,Scooter,Full-time,3.84,Y
14063,DP14064,Ananya E,Delhi,Car,Full-time,3.88,Y
14064,DP14065,Suresh F,Mumbai,Bike,Full-time,4.37,Y
14065,DP14066,Priya B,Delhi,Bike,Contract,4.37,Y
14066,DP14067,Shreya M,Bengaluru,Bike,Part-time,3.9,Y
14067,DP14068,Amit Z,Chennai,Scooter,Full-time,4.51,Y
14068,DP14069,Amit E,Mumbai,Scooter,Full-time,4.71,Y
14069,DP14070,Priya H,Chennai,Scooter,Full-time,4.2,Y
14070,DP14071,Neha Y,Mumbai,Cycle,Full-time,4.0,N
14071,DP14072,Neha I,Chennai,Scooter,Part-time,4.56,Y
14072,DP14073,Priya K,Chennai,Bike,Full-time,4.48,Y
14073,DP14074,Santosh A,Chennai,Cycle,Full-time,4.14,Y
14074,DP14075,Amit G,Bengaluru,Bike,Full-time,4.17,N
14075,DP14076,Rakesh D,Mumbai,Bike,Full-time,3.92,Y
14076,DP14077,Suresh R,Mumbai,Bike,Contract,4.4,Y
14077,DP14078,Ravi B,Hyderabad,Scooter,Part-time,4.4,Y
14078,DP14079,Sneha Y,Mumbai,Cycle,Contract,4.19,Y
14079,DP14080,Vikas Y,Bengaluru,Bike,Full-time,3.92,Y
14080,DP14081,Rakesh S,Mumbai,Scooter,Part-time,4.51,Y
14081,DP14082,Divya I,Delhi,Bike,Full-time,3.82,Y
14082,DP14083,Pooja H,Mumbai,Bike,Full-time,4.16,Y
14083,DP14084,Nikhil M,Kolkata,Cycle,Full-time,4.01,Y
14084,DP14085,Deepak L,Bengaluru,Cycle,Part-time,4.22,Y
14085,DP14086,Divya Q,Hyderabad,Bike,Full-time,4.03,N
14086,DP14087,Deepak L,Pune,Cycle,Part-time,4.85,Y
14087,DP14088,Manoj J,Kolkata,Bike,Full-time,4.03,Y
14088,DP14089,Meena I,Bengaluru,Car,Full-time,4.01,Y
14089,DP14090,Vikas B,Pune,Car,Contract,3.82,Y
14090,DP14091,Vikas E,Chennai,Scooter,Full-time,4.89,Y
14091,DP14092,Meena K,Mumbai,Scooter,Part-time,4.12,Y
14092,DP14093,Kiran H,Kolkata,Cycle,Contract,4.09,N
14093,DP14094,Rakesh H,Bengaluru,Scooter,Full-time,4.42,Y
14094,DP14095,Deepak C,Bengaluru,Bike,Full-time,4.27,Y
14095,DP14096,Sneha H,Pune,Cycle,Part-time,4.18,Y
14096,DP14097,Deepak O,Kolkata,Scooter,Full-time,4.26,Y
14097,DP14098,Neha I,Bengaluru,Cycle,Part-time,4.55,Y
14098,DP14099,Santosh Z,Delhi,Scooter,Full-time,3.59,Y
14099,DP14100,Vikas N,Bengaluru,Scooter,Part-time,4.09,Y
14100,DP14101,Rakesh G,Bengaluru,Cycle,Part-time,4.43,N
14101,DP14102,Vikas R,Ahmedabad,Scooter,Full-time,4.07,Y
14102,DP14103,Suresh Q,Kolkata,Bike,Full-time,3.99,Y
14103,DP14104,Ananya U,Delhi,Cycle,Full-time,4.04,Y
14104,DP14105,Neha F,Bengaluru,Cycle,Full-time,3.8,Y
14105,DP14106,Ananya L,Bengaluru,Scooter,Full-time,3.85,Y
14106,DP14107,Arjun C,Bengaluru,Bike,Full-time,3.66,Y
14107,DP14108,Amit Z,Kolkata,Cycle,Part-time,4.41,N
14108,DP14109,Arjun D,Mumbai,Bike,Part-time,4.18,N
14109,DP14110,Santosh L,Mumbai,Cycle,Full-time,4.26,Y
14110,DP14111,Ananya Q,Delhi,Scooter,Full-time,3.93,Y
14111,DP14112,Suresh I,Ahmedabad,Bike,Full-time,4.31,N
14112,DP14113,Ananya G,Hyderabad,Scooter,Full-time,4.16,Y
14113,DP14114,Arjun P,Pune,Bike,Full-time,4.01,Y
14114,DP14115,Nikhil C,Bengaluru,Bike,Part-time,3.95,Y
14115,DP14116,Sneha S,Mumbai,Bike,Full-time,4.6,Y
14116,DP14117,Rahul U,Bengaluru,Bike,Full-time,4.31,Y
14117,DP14118,Amit O,Kolkata,Scooter,Full-time,4.13,Y
14118,DP14119,Priya C,Hyderabad,Scooter,Part-time,4.51,Y
14119,DP14120,Shreya Q,Kolkata,Car,Part-time,4.02,Y
14120,DP14121,Nikhil E,Bengaluru,Cycle,Contract,4.04,Y
14121,DP14122,Nikhil G,Hyderabad,Scooter,Full-time,3.95,Y
14122,DP14123,Arjun D,Bengaluru,Scooter,Part-time,4.27,N
14123,DP14124,Shreya R,Chennai,Scooter,Contract,4.42,Y
14124,DP14125,Shreya R,Hyderabad,Scooter,Full-time,3.93,Y
14125,DP14126,Shreya T,Chennai,Car,Contract,4.22,Y
14126,DP14127,Sneha U,Mumbai,Bike,Part-time,4.39,Y
14127,DP14128,Suresh J,Mumbai,Scooter,Part-time,4.08,Y
14128,DP14129,Shreya N,Mumbai,Scooter,Part-time,4.95,Y
14129,DP14130,Ananya V,Pune,Bike,Part-time,4.16,Y
14130,DP14131,Santosh P,Bengaluru,Bike,Part-time,4.48,Y
14131,DP14132,Rakesh T,Chennai,Scooter,Part-time,4.05,Y
14132,DP14133,Ananya K,Pune,Bike,Contract,4.33,Y
14133,DP14134,Shreya P,Mumbai,Bike,Contract,4.76,Y
14134,DP14135,Arjun D,Ahmedabad,Bike,Contract,4.64,N
14135,DP14136,Pooja U,Delhi,Car,Part-time,4.42,Y
14136,DP14137,Priya K,Bengaluru,Cycle,Full-time,3.87,Y
14137,DP14138,Vikas W,Delhi,Cycle,Part-time,4.32,Y
14138,DP14139,Neha W,Delhi,Bike,Part-time,4.36,Y
14139,DP14140,Kiran R,Bengaluru,Scooter,Full-time,4.02,Y
14140,DP14141,Sneha H,Mumbai,Cycle,Part-time,4.21,Y
14141,DP14142,Santosh O,Mumbai,Scooter,Full-time,4.62,Y
14142,DP14143,Suresh L,Mumbai,Bike,Full-time,4.72,Y
14143,DP14144,Priya Q,Bengaluru,Cycle,Contract,4.47,Y
14144,DP14145,Arjun T,Bengaluru,Scooter,Full-time,4.29,N
14145,DP14146,Ananya A,Delhi,Scooter,Contract,4.13,Y
14146,DP14147,Shreya U,Pune,Cycle,Contract,4.9,Y
14147,DP14148,Neha V,Delhi,Bike,Contract,4.25,Y
14148,DP14149,Suresh Q,Kolkata,Car,Full-time,4.52,Y
14149,DP14150,Kiran S,Hyderabad,Cycle,Full-time,4.39,Y
14150,DP14151,Rakesh F,Pune,Bike,Part-time,3.94,Y
14151,DP14152,Suresh J,Delhi,Bike,Part-time,4.71,Y
14152,DP14153,Rakesh A,Chennai,Scooter,Contract,4.49,Y
14153,DP14154,Vikas A,Ahmedabad,Scooter,Full-time,3.97,Y
14154,DP14155,Divya S,Hyderabad,Scooter,Contract,4.39,Y
14155,DP14156,Manoj P,Pune,Cycle,Contract,4.35,N
14156,DP14157,Amit V,Pune,Bike,Contract,4.02,Y
14157,DP14158,Suresh J,Ahmedabad,Scooter,Part-time,3.85,Y
14158,DP14159,Ananya M,Delhi,Bike,Part-time,4.38,Y
14159,DP14160,Pooja Y,Hyderabad,Bike,Part-time,4.0,Y
14160,DP14161,Deepak N,Ahmedabad,Bike,Part-time,4.19,Y
14161,DP14162,Rahul V,Bengaluru,Cycle,Full-time,4.5,Y
14162,DP14163,Ananya G,Bengaluru,Car,Contract,3.76,Y
14163,DP14164,Ananya T,Bengaluru,Cycle,Part-time,4.46,N
14164,DP14165,Priya L,Mumbai,Bike,Contract,4.35,Y
14165,DP14166,Nikhil F,Delhi,Bike,Part-time,4.14,Y
14166,DP14167,Pooja F,Bengaluru,Scooter,Full-time,4.12,N
14167,DP14168,Ananya P,Kolkata,Bike,Full-time,3.96,Y
14168,DP14169,Ravi M,Bengaluru,Bike,Contract,4.22,Y
14169,DP14170,Ravi X,Ahmedabad,Car,Full-time,4.24,Y
14170,DP14171,Vikas I,Bengaluru,Scooter,Full-time,3.84,Y
14171,DP14172,Neha Q,Ahmedabad,Scooter,Full-time,4.69,N
14172,DP14173,Pooja X,Bengaluru,Bike,Full-time,4.36,Y
14173,DP14174,Shreya K,Bengaluru,Car,Full-time,3.82,Y
14174,DP14175,Sneha G,Delhi,Bike,Part-time,3.97,Y
14175,DP14176,Rahul K,Hyderabad,Scooter,Full-time,3.92,Y
14176,DP14177,Nikhil B,Mumbai,Bike,Full-time,4.12,Y
14177,DP14178,Pooja C,Bengaluru,Scooter,Part-time,4.55,Y
14178,DP14179,Divya V,Hyderabad,Bike,Full-time,4.45,N
14179,DP14180,Amit P,Kolkata,Scooter,Contract,4.47,Y
14180,DP14181,Ananya X,Mumbai,Scooter,Full-time,3.68,Y
14181,DP14182,Divya L,Ahmedabad,Bike,Part-time,4.52,N
14182,DP14183,Kiran O,Hyderabad,Bike,Contract,4.33,Y
14183,DP14184,Vikas W,Delhi,Bike,Full-time,4.84,Y
14184,DP14185,Divya O,Delhi,Bike,Contract,4.15,Y
14185,DP14186,Pooja T,Mumbai,Bike,Part-time,4.33,Y
14186,DP14187,Manoj J,Bengaluru,Scooter,Full-time,4.61,Y
14187,DP14188,Priya I,Mumbai,Bike,Contract,3.78,Y
14188,DP14189,Divya X,Bengaluru,Car,Full-time,4.48,Y
14189,DP14190,Ananya L,Delhi,Bike,Part-time,4.01,Y
14190,DP14191,Nikhil B,Bengaluru,Bike,Full-time,4.62,Y
14191,DP14192,Ananya A,Ahmedabad,Scooter,Full-time,4.58,Y
14192,DP14193,Manoj M,Delhi,Scooter,Full-time,4.28,Y
14193,DP14194,Vikas D,Kolkata,Cycle,Part-time,4.23,Y
14194,DP14195,Kiran W,Kolkata,Bike,Part-time,4.47,N
14195,DP14196,Ravi T,Mumbai,Cycle,Full-time,3.94,Y
14196,DP14197,Santosh P,Mumbai,Bike,Full-time,4.32,Y
14197,DP14198,Rakesh R,Bengaluru,Cycle,Contract,4.05,Y
14198,DP14199,Shreya D,Hyderabad,Cycle,Full-time,4.22,Y
14199,DP14200,Neha T,Mumbai,Scooter,Full-time,4.14,Y
14200,DP14201,Amit N,Mumbai,Scooter,Contract,3.83,Y
14201,DP14202,Priya K,Bengaluru,Scooter,Part-time,4.15,Y
14202,DP14203,Kiran H,Pune,Scooter,Full-time,3.8,Y
14203,DP14204,Pooja O,Kolkata,Scooter,Full-time,3.69,Y
14204,DP14205,Meena P,Bengaluru,Bike,Part-time,4.51,Y
14205,DP14206,Pooja B,Bengaluru,Bike,Contract,4.31,Y
14206,DP14207,Rakesh Y,Mumbai,Scooter,Contract,4.65,Y
14207,DP14208,Sneha D,Pune,Cycle,Full-time,5.0,N
14208,DP14209,Suresh U,Bengaluru,Scooter,Full-time,4.57,Y
14209,DP14210,Meena P,Bengaluru,Scooter,Full-time,3.95,Y
14210,DP14211,Nikhil F,Hyderabad,Scooter,Contract,4.22,Y
14211,DP14212,Kiran X,Bengaluru,Scooter,Full-time,3.68,Y
14212,DP14213,Santosh G,Delhi,Cycle,Part-time,3.97,Y
14213,DP14214,Deepak U,Mumbai,Car,Full-time,4.31,Y
14214,DP14215,Rahul R,Kolkata,Cycle,Full-time,3.74,Y
14215,DP14216,Ananya Y,Ahmedabad,Scooter,Part-time,3.62,Y
14216,DP14217,Manoj W,Mumbai,Bike,Part-time,4.03,N
14217,DP14218,Meena V,Bengaluru,Bike,Part-time,4.04,Y
14218,DP14219,Neha R,Mumbai,Bike,Full-time,4.17,Y
14219,DP14220,Suresh O,Mumbai,Bike,Full-time,4.07,Y
14220,DP14221,Ananya G,Mumbai,Bike,Full-time,3.73,Y
14221,DP14222,Santosh M,Chennai,Cycle,Full-time,4.02,Y
14222,DP14223,Vikas T,Hyderabad,Bike,Full-time,4.4,Y
14223,DP14224,Kiran R,Hyderabad,Bike,Full-time,4.25,Y
14224,DP14225,Amit V,Delhi,Scooter,Contract,4.21,Y
14225,DP14226,Ravi R,Hyderabad,Scooter,Full-time,3.91,Y
14226,DP14227,Sneha C,Bengaluru,Scooter,Full-time,4.12,Y
14227,DP14228,Shreya R,Bengaluru,Bike,Full-time,3.9,Y
14228,DP14229,Kiran Z,Hyderabad,Cycle,Full-time,4.25,Y
14229,DP14230,Santosh K,Pune,Bike,Contract,4.75,Y
14230,DP14231,Nikhil U,Kolkata,Bike,Full-time,4.48,N
14231,DP14232,Ananya Z,Mumbai,Bike,Full-time,4.75,Y
14232,DP14233,Deepak Q,Bengaluru,Bike,Full-time,4.43,Y
14233,DP14234,Shreya F,Hyderabad,Cycle,Part-time,3.9,Y
14234,DP14235,Rakesh K,Mumbai,Scooter,Contract,4.78,Y
14235,DP14236,Divya U,Delhi,Scooter,Part-time,4.29,Y
14236,DP14237,Ananya G,Bengaluru,Bike,Part-time,4.34,Y
14237,DP14238,Ananya N,Hyderabad,Bike,Full-time,4.16,Y
14238,DP14239,Kiran D,Mumbai,Scooter,Part-time,4.54,Y
14239,DP14240,Pooja L,Hyderabad,Car,Full-time,3.61,Y
14240,DP14241,Santosh A,Bengaluru,Bike,Full-time,4.14,Y
14241,DP14242,Kiran K,Bengaluru,Scooter,Full-time,4.04,Y
14242,DP14243,Kiran R,Pune,Scooter,Full-time,4.46,Y
14243,DP14244,Kiran G,Bengaluru,Scooter,Part-time,4.18,Y
14244,DP14245,Priya L,Hyderabad,Scooter,Full-time,4.29,Y
14245,DP14246,Ravi B,Bengaluru,Scooter,Full-time,4.06,Y
14246,DP14247,Kiran U,Kolkata,Cycle,Full-time,3.96,Y
14247,DP14248,Sneha U,Hyderabad,Scooter,Contract,4.03,Y
14248,DP14249,Rakesh Z,Mumbai,Bike,Full-time,4.13,Y
14249,DP14250,Santosh Q,Kolkata,Car,Part-time,4.16,Y
14250,DP14251,Priya D,Pune,Scooter,Full-time,4.01,Y
14251,DP14252,Suresh T,Bengaluru,Bike,Full-time,4.3,Y
14252,DP14253,Ananya W,Hyderabad,Bike,Part-time,4.41,Y
14253,DP14254,Kiran S,Bengaluru,Bike,Contract,3.95,Y
14254,DP14255,Ananya A,Kolkata,Bike,Full-time,4.18,Y
14255,DP14256,Nikhil R,Mumbai,Scooter,Part-time,4.18,Y
14256,DP14257,Manoj S,Pune,Bike,Contract,4.09,N
14257,DP14258,Neha X,Bengaluru,Scooter,Part-time,3.91,Y
14258,DP14259,Meena L,Hyderabad,Car,Full-time,3.64,Y
14259,DP14260,Sneha O,Hyderabad,Bike,Full-time,3.41,Y
14260,DP14261,Shreya H,Kolkata,Cycle,Full-time,4.21,Y
14261,DP14262,Nikhil S,Mumbai,Cycle,Full-time,4.35,Y
14262,DP14263,Nikhil K,Bengaluru,Car,Full-time,4.6,Y
14263,DP14264,Pooja N,Delhi,Bike,Part-time,4.53,Y
14264,DP14265,Suresh N,Chennai,Car,Full-time,4.59,Y
14265,DP14266,Suresh T,Hyderabad,Cycle,Full-time,4.32,Y
14266,DP14267,Pooja B,Kolkata,Car,Full-time,4.38,Y
14267,DP14268,Rahul Z,Kolkata,Scooter,Part-time,4.24,Y
14268,DP14269,Amit E,Mumbai,Cycle,Full-time,4.45,Y
14269,DP14270,Divya Q,Chennai,Bike,Part-time,4.18,Y
14270,DP14271,Ravi T,Pune,Bike,Part-time,4.77,Y
14271,DP14272,Pooja N,Chennai,Bike,Full-time,3.86,Y
14272,DP14273,Deepak N,Delhi,Cycle,Contract,4.26,Y
14273,DP14274,Vikas W,Delhi,Bike,Contract,4.14,Y
14274,DP14275,Pooja A,Chennai,Bike,Part-time,4.65,Y
14275,DP14276,Suresh I,Kolkata,Scooter,Part-time,4.04,Y
14276,DP14277,Ravi I,Chennai,Scooter,Full-time,4.2,Y
14277,DP14278,Santosh Q,Pune,Bike,Full-time,4.33,Y
14278,DP14279,Ravi Y,Bengaluru,Scooter,Full-time,4.07,Y
14279,DP14280,Priya W,Kolkata,Car,Part-time,4.03,Y
14280,DP14281,Amit T,Delhi,Bike,Full-time,3.94,Y
14281,DP14282,Vikas Q,Chennai,Scooter,Contract,4.18,Y
14282,DP14283,Vikas U,Bengaluru,Scooter,Full-time,4.41,Y
14283,DP14284,Divya V,Bengaluru,Bike,Contract,5.0,Y
14284,DP14285,Kiran K,Bengaluru,Bike,Full-time,4.39,N
14285,DP14286,Vikas N,Ahmedabad,Scooter,Full-time,4.23,Y
14286,DP14287,Nikhil R,Mumbai,Scooter,Full-time,4.08,Y
14287,DP14288,Vikas X,Delhi,Bike,Full-time,4.38,Y
14288,DP14289,Ravi Z,Chennai,Scooter,Full-time,4.13,Y
14289,DP14290,Rakesh X,Bengaluru,Scooter,Full-time,3.95,Y
14290,DP14291,Priya L,Bengaluru,Bike,Part-time,4.28,Y
14291,DP14292,Amit E,Kolkata,Scooter,Contract,3.92,Y
14292,DP14293,Rahul J,Kolkata,Bike,Part-time,4.31,Y
14293,DP14294,Amit P,Delhi,Bike,Full-time,4.21,Y
14294,DP14295,Santosh W,Mumbai,Bike,Full-time,4.36,Y
14295,DP14296,Vikas N,Mumbai,Bike,Part-time,4.13,Y
14296,DP14297,Sneha L,Chennai,Bike,Full-time,4.37,Y
14297,DP14298,Suresh X,Chennai,Scooter,Full-time,4.36,Y
14298,DP14299,Manoj U,Hyderabad,Bike,Full-time,4.2,Y
14299,DP14300,Vikas Z,Bengaluru,Bike,Part-time,4.26,Y
14300,DP14301,Rakesh P,Bengaluru,Cycle,Full-time,3.98,Y
14301,DP14302,Nikhil W,Bengaluru,Scooter,Part-time,4.26,Y
14302,DP14303,Vikas U,Mumbai,Bike,Full-time,4.5,N
14303,DP14304,Pooja L,Ahmedabad,Cycle,Full-time,4.76,Y
14304,DP14305,Pooja Q,Ahmedabad,Scooter,Part-time,3.99,Y
14305,DP14306,Kiran R,Pune,Cycle,Contract,4.2,Y
14306,DP14307,Neha K,Chennai,Bike,Part-time,4.45,Y
14307,DP14308,Ravi A,Mumbai,Scooter,Part-time,4.2,Y
14308,DP14309,Nikhil C,Hyderabad,Scooter,Full-time,4.28,N
14309,DP14310,Santosh H,Mumbai,Scooter,Part-time,4.67,N
14310,DP14311,Ravi T,Mumbai,Bike,Part-time,4.29,Y
14311,DP14312,Sneha Q,Bengaluru,Car,Full-time,4.04,Y
14312,DP14313,Manoj L,Pune,Cycle,Contract,3.65,N
14313,DP14314,Divya U,Chennai,Bike,Part-time,4.83,Y
14314,DP14315,Shreya C,Delhi,Car,Part-time,4.24,Y
14315,DP14316,Kiran I,Bengaluru,Cycle,Full-time,4.24,Y
14316,DP14317,Neha I,Hyderabad,Scooter,Full-time,4.37,Y
14317,DP14318,Deepak E,Pune,Bike,Contract,4.12,Y
14318,DP14319,Vikas K,Hyderabad,Scooter,Full-time,4.5,Y
14319,DP14320,Meena F,Ahmedabad,Cycle,Part-time,4.08,Y
14320,DP14321,Ravi F,Bengaluru,Bike,Full-time,3.84,Y
14321,DP14322,Suresh H,Chennai,Bike,Contract,4.34,Y
14322,DP14323,Shreya P,Chennai,Bike,Part-time,3.51,Y
14323,DP14324,Neha L,Kolkata,Car,Full-time,4.46,Y
14324,DP14325,Rahul F,Pune,Scooter,Part-time,4.37,Y
14325,DP14326,Nikhil W,Delhi,Scooter,Part-time,3.93,Y
14326,DP14327,Shreya Y,Bengaluru,Scooter,Part-time,4.38,Y
14327,DP14328,Sneha Q,Pune,Cycle,Full-time,4.63,Y
14328,DP14329,Divya K,Mumbai,Scooter,Full-time,4.16,Y
14329,DP14330,Ananya W,Chennai,Bike,Full-time,3.73,Y
14330,DP14331,Neha Y,Delhi,Bike,Full-time,3.75,Y
14331,DP14332,Suresh Y,Chennai,Scooter,Full-time,4.09,Y
14332,DP14333,Nikhil X,Ahmedabad,Car,Part-time,4.0,Y
14333,DP14334,Suresh G,Bengaluru,Scooter,Part-time,4.22,Y
14334,DP14335,Santosh W,Bengaluru,Cycle,Full-time,4.25,Y
14335,DP14336,Deepak W,Chennai,Scooter,Full-time,4.79,Y
14336,DP14337,Nikhil D,Bengaluru,Scooter,Contract,4.23,Y
14337,DP14338,Santosh B,Pune,Scooter,Full-time,3.85,Y
14338,DP14339,Amit V,Delhi,Scooter,Full-time,4.12,Y
14339,DP14340,Pooja L,Mumbai,Car,Full-time,4.08,Y
14340,DP14341,Shreya Y,Pune,Scooter,Part-time,4.41,Y
14341,DP14342,Meena N,Bengaluru,Bike,Full-time,4.46,Y
14342,DP14343,Vikas M,Chennai,Cycle,Full-time,3.7,N
14343,DP14344,Manoj T,Bengaluru,Bike,Part-time,4.31,N
14344,DP14345,Manoj D,Delhi,Scooter,Full-time,4.45,Y
14345,DP14346,Arjun E,Ahmedabad,Bike,Full-time,4.24,Y
14346,DP14347,Nikhil U,Kolkata,Cycle,Part-time,3.69,Y
14347,DP14348,Amit X,Mumbai,Scooter,Part-time,3.97,Y
14348,DP14349,Vikas S,Bengaluru,Scooter,Part-time,3.96,Y
14349,DP14350,Deepak B,Delhi,Bike,Contract,4.39,Y
14350,DP14351,Priya W,Pune,Cycle,Full-time,4.12,Y
14351,DP14352,Neha S,Chennai,Scooter,Full-time,4.92,N
14352,DP14353,Rakesh Y,Ahmedabad,Scooter,Full-time,4.22,Y
14353,DP14354,Vikas K,Chennai,Scooter,Part-time,3.98,Y
14354,DP14355,Ananya M,Bengaluru,Bike,Part-time,4.34,Y
14355,DP14356,Sneha P,Ahmedabad,Bike,Contract,4.3,Y
14356,DP14357,Pooja F,Bengaluru,Scooter,Full-time,4.22,Y
14357,DP14358,Ravi D,Ahmedabad,Scooter,Part-time,4.27,Y
14358,DP14359,Divya K,Delhi,Scooter,Part-time,4.78,Y
14359,DP14360,Vikas C,Mumbai,Cycle,Part-time,4.44,N
14360,DP14361,Rahul K,Mumbai,Scooter,Full-time,4.17,Y
14361,DP14362,Sneha N,Bengaluru,Scooter,Full-time,3.82,Y
14362,DP14363,Vikas E,Delhi,Bike,Contract,4.17,N
14363,DP14364,Meena G,Bengaluru,Scooter,Contract,3.89,Y
14364,DP14365,Shreya S,Bengaluru,Car,Part-time,4.52,Y
14365,DP14366,Arjun K,Ahmedabad,Cycle,Contract,3.98,Y
14366,DP14367,Deepak R,Delhi,Cycle,Full-time,4.4,N
14367,DP14368,Rakesh E,Mumbai,Bike,Contract,3.6,Y
14368,DP14369,Santosh H,Mumbai,Scooter,Full-time,3.93,Y
14369,DP14370,Nikhil H,Bengaluru,Scooter,Full-time,4.57,Y
14370,DP14371,Pooja B,Hyderabad,Bike,Full-time,3.98,Y
14371,DP14372,Amit N,Mumbai,Bike,Full-time,4.98,N
14372,DP14373,Pooja C,Mumbai,Bike,Full-time,4.09,N
14373,DP14374,Rahul D,Mumbai,Scooter,Full-time,4.15,Y
14374,DP14375,Vikas W,Bengaluru,Bike,Contract,4.06,Y
14375,DP14376,Nikhil S,Delhi,Bike,Contract,4.0,Y
14376,DP14377,Divya N,Bengaluru,Bike,Contract,3.84,Y
14377,DP14378,Arjun M,Bengaluru,Bike,Part-time,4.71,Y
14378,DP14379,Rakesh N,Bengaluru,Bike,Full-time,3.69,Y
14379,DP14380,Shreya N,Bengaluru,Scooter,Part-time,3.84,Y
14380,DP14381,Kiran K,Delhi,Car,Part-time,3.72,Y
14381,DP14382,Suresh R,Bengaluru,Scooter,Part-time,3.97,Y
14382,DP14383,Nikhil D,Hyderabad,Bike,Part-time,3.99,Y
14383,DP14384,Suresh O,Mumbai,Bike,Part-time,4.31,Y
14384,DP14385,Ananya X,Pune,Scooter,Full-time,4.13,N
14385,DP14386,Ravi J,Kolkata,Bike,Full-time,3.77,Y
14386,DP14387,Shreya U,Hyderabad,Bike,Full-time,4.43,Y
14387,DP14388,Vikas D,Hyderabad,Bike,Full-time,4.26,Y
14388,DP14389,Manoj J,Bengaluru,Scooter,Contract,4.3,Y
14389,DP14390,Pooja X,Pune,Cycle,Full-time,4.02,N
14390,DP14391,Shreya O,Mumbai,Car,Part-time,4.51,Y
14391,DP14392,Rahul F,Mumbai,Car,Part-time,4.1,Y
14392,DP14393,Deepak R,Kolkata,Scooter,Part-time,3.97,Y
14393,DP14394,Manoj I,Delhi,Bike,Full-time,4.19,Y
14394,DP14395,Vikas A,Kolkata,Bike,Contract,4.26,Y
14395,DP14396,Vikas J,Kolkata,Scooter,Part-time,4.77,Y
14396,DP14397,Arjun Y,Hyderabad,Scooter,Full-time,4.58,Y
14397,DP14398,Suresh C,Delhi,Bike,Part-time,4.58,N
14398,DP14399,Amit P,Bengaluru,Scooter,Contract,4.13,Y
14399,DP14400,Divya Y,Hyderabad,Bike,Part-time,3.9,Y
14400,DP14401,Kiran T,Mumbai,Scooter,Full-time,4.21,Y
14401,DP14402,Deepak Q,Mumbai,Bike,Contract,4.2,N
14402,DP14403,Meena Y,Hyderabad,Bike,Full-time,4.43,Y
14403,DP14404,Ravi H,Bengaluru,Bike,Full-time,4.51,Y
14404,DP14405,Deepak D,Mumbai,Car,Full-time,4.03,Y
14405,DP14406,Divya B,Ahmedabad,Bike,Part-time,4.27,Y
14406,DP14407,Ananya S,Delhi,Scooter,Part-time,4.49,Y
14407,DP14408,Nikhil Q,Pune,Scooter,Contract,4.83,Y
14408,DP14409,Sneha M,Delhi,Cycle,Full-time,4.44,Y
14409,DP14410,Manoj Y,Chennai,Scooter,Full-time,3.62,Y
14410,DP14411,Amit F,Mumbai,Scooter,Full-time,3.82,Y
14411,DP14412,Shreya G,Hyderabad,Bike,Part-time,3.92,Y
14412,DP14413,Santosh D,Ahmedabad,Scooter,Contract,4.07,Y
14413,DP14414,Ravi S,Pune,Scooter,Part-time,4.89,N
14414,DP14415,Ravi U,Bengaluru,Scooter,Part-time,4.28,Y
14415,DP14416,Pooja I,Hyderabad,Cycle,Full-time,4.09,Y
14416,DP14417,Ravi Z,Bengaluru,Scooter,Part-time,3.92,Y
14417,DP14418,Priya W,Mumbai,Scooter,Part-time,4.43,Y
14418,DP14419,Santosh P,Kolkata,Scooter,Part-time,3.96,Y
14419,DP14420,Nikhil Y,Mumbai,Scooter,Full-time,4.52,Y
14420,DP14421,Kiran C,Chennai,Bike,Full-time,4.52,Y
14421,DP14422,Pooja E,Ahmedabad,Scooter,Full-time,4.03,Y
14422,DP14423,Priya U,Delhi,Cycle,Full-time,4.32,Y
14423,DP14424,Divya F,Kolkata,Car,Contract,4.13,N
14424,DP14425,Ravi I,Hyderabad,Scooter,Contract,3.98,N
14425,DP14426,Shreya I,Chennai,Scooter,Full-time,4.14,Y
14426,DP14427,Pooja K,Pune,Bike,Contract,4.3,Y
14427,DP14428,Kiran F,Bengaluru,Cycle,Part-time,3.99,Y
14428,DP14429,Vikas Q,Bengaluru,Scooter,Full-time,3.97,Y
14429,DP14430,Priya G,Bengaluru,Bike,Full-time,4.14,Y
14430,DP14431,Vikas G,Pune,Cycle,Full-time,4.09,Y
14431,DP14432,Vikas Y,Delhi,Scooter,Contract,4.08,Y
14432,DP14433,Suresh W,Bengaluru,Cycle,Full-time,4.3,N
14433,DP14434,Rahul Z,Delhi,Cycle,Part-time,4.59,Y
14434,DP14435,Deepak R,Delhi,Bike,Contract,3.95,Y
14435,DP14436,Amit J,Chennai,Cycle,Full-time,4.46,Y
14436,DP14437,Rahul X,Bengaluru,Bike,Part-time,3.88,Y
14437,DP14438,Amit J,Kolkata,Bike,Full-time,3.89,Y
14438,DP14439,Vikas P,Bengaluru,Bike,Part-time,4.31,Y
14439,DP14440,Meena N,Bengaluru,Car,Full-time,4.39,Y
14440,DP14441,Meena R,Chennai,Cycle,Part-time,4.63,N
14441,DP14442,Rahul R,Delhi,Cycle,Full-time,4.27,Y
14442,DP14443,Shreya R,Ahmedabad,Scooter,Contract,4.32,Y
14443,DP14444,Sneha W,Ahmedabad,Bike,Part-time,4.35,Y
14444,DP14445,Rakesh N,Kolkata,Bike,Part-time,4.21,Y
14445,DP14446,Rakesh B,Ahmedabad,Bike,Part-time,4.18,N
14446,DP14447,Rahul P,Pune,Scooter,Full-time,4.16,Y
14447,DP14448,Pooja X,Mumbai,Scooter,Full-time,3.78,Y
14448,DP14449,Suresh U,Delhi,Scooter,Part-time,3.88,Y
14449,DP14450,Sneha U,Bengaluru,Cycle,Contract,4.14,Y
14450,DP14451,Rahul G,Bengaluru,Scooter,Full-time,4.26,Y
14451,DP14452,Ravi A,Bengaluru,Cycle,Full-time,4.2,N
14452,DP14453,Meena T,Bengaluru,Scooter,Part-time,3.98,Y
14453,DP14454,Rahul I,Bengaluru,Cycle,Part-time,4.04,Y
14454,DP14455,Neha K,Delhi,Scooter,Part-time,4.3,Y
14455,DP14456,Priya Q,Hyderabad,Scooter,Full-time,4.41,Y
14456,DP14457,Arjun W,Pune,Scooter,Contract,4.23,Y
14457,DP14458,Vikas B,Bengaluru,Car,Full-time,4.02,Y
14458,DP14459,Deepak V,Chennai,Bike,Part-time,4.04,Y
14459,DP14460,Sneha W,Bengaluru,Scooter,Full-time,4.04,Y
14460,DP14461,Sneha G,Bengaluru,Scooter,Part-time,3.96,Y
14461,DP14462,Rakesh H,Bengaluru,Scooter,Contract,3.82,N
14462,DP14463,Sneha I,Pune,Bike,Part-time,4.02,N
14463,DP14464,Vikas Z,Bengaluru,Scooter,Full-time,4.74,Y
14464,DP14465,Rakesh I,Delhi,Scooter,Full-time,3.89,Y
14465,DP14466,Vikas C,Kolkata,Bike,Full-time,4.15,Y
14466,DP14467,Amit V,Mumbai,Bike,Full-time,4.23,N
14467,DP14468,Pooja S,Bengaluru,Scooter,Full-time,4.82,Y
14468,DP14469,Vikas Z,Hyderabad,Bike,Full-time,4.19,Y
14469,DP14470,Meena T,Ahmedabad,Scooter,Full-time,4.31,Y
14470,DP14471,Deepak I,Delhi,Bike,Contract,4.01,Y
14471,DP14472,Shreya Q,Bengaluru,Scooter,Full-time,4.31,Y
14472,DP14473,Rahul L,Bengaluru,Bike,Contract,4.06,Y
14473,DP14474,Kiran Y,Chennai,Cycle,Part-time,4.51,Y
14474,DP14475,Sneha Q,Bengaluru,Scooter,Contract,4.04,Y
14475,DP14476,Ananya A,Bengaluru,Scooter,Full-time,3.97,Y
14476,DP14477,Rakesh Y,Chennai,Bike,Full-time,4.17,Y
14477,DP14478,Shreya L,Kolkata,Car,Full-time,4.02,Y
14478,DP14479,Sneha N,Bengaluru,Scooter,Part-time,4.24,Y
14479,DP14480,Neha O,Mumbai,Bike,Part-time,4.22,Y
14480,DP14481,Manoj K,Mumbai,Bike,Part-time,4.1,Y
14481,DP14482,Ananya M,Chennai,Cycle,Part-time,4.04,Y
14482,DP14483,Shreya L,Mumbai,Scooter,Part-time,3.85,Y
14483,DP14484,Divya R,Ahmedabad,Cycle,Full-time,3.68,N
14484,DP14485,Priya J,Bengaluru,Bike,Contract,4.41,Y
14485,DP14486,Vikas U,Bengaluru,Scooter,Full-time,4.76,Y
14486,DP14487,Vikas L,Delhi,Cycle,Full-time,4.52,N
14487,DP14488,Amit T,Kolkata,Cycle,Part-time,3.98,Y
14488,DP14489,Nikhil F,Bengaluru,Scooter,Contract,4.15,Y
14489,DP14490,Priya Z,Bengaluru,Bike,Part-time,4.04,Y
14490,DP14491,Meena J,Bengaluru,Bike,Part-time,4.7,Y
14491,DP14492,Ravi J,Pune,Bike,Contract,4.39,Y
14492,DP14493,Rahul V,Chennai,Cycle,Contract,4.51,N
14493,DP14494,Pooja G,Kolkata,Bike,Part-time,4.06,Y
14494,DP14495,Vikas V,Bengaluru,Cycle,Full-time,4.12,Y
14495,DP14496,Deepak D,Chennai,Scooter,Full-time,4.39,Y
14496,DP14497,Priya M,Pune,Scooter,Full-time,4.49,N
14497,DP14498,Santosh X,Chennai,Scooter,Contract,4.36,Y
14498,DP14499,Sneha R,Delhi,Scooter,Part-time,3.91,Y
14499,DP14500,Nikhil I,Chennai,Scooter,Part-time,4.25,Y
14500,DP14501,Neha A,Pune,Scooter,Full-time,4.48,Y
14501,DP14502,Vikas D,Delhi,Scooter,Full-time,4.0,Y
14502,DP14503,Priya Y,Bengaluru,Cycle,Part-time,4.02,Y
14503,DP14504,Deepak L,Mumbai,Scooter,Contract,4.35,Y
14504,DP14505,Rahul R,Bengaluru,Scooter,Full-time,4.31,Y
14505,DP14506,Suresh N,Ahmedabad,Bike,Full-time,3.92,Y
14506,DP14507,Neha C,Bengaluru,Bike,Full-time,4.53,Y
14507,DP14508,Priya O,Bengaluru,Bike,Full-time,4.35,Y
14508,DP14509,Sneha W,Kolkata,Scooter,Part-time,4.53,Y
14509,DP14510,Ravi W,Kolkata,Bike,Full-time,4.18,Y
14510,DP14511,Kiran Y,Bengaluru,Bike,Part-time,4.63,Y
14511,DP14512,Ravi D,Chennai,Scooter,Full-time,4.66,Y
14512,DP14513,Pooja Q,Pune,Scooter,Part-time,4.59,Y
14513,DP14514,Priya N,Delhi,Scooter,Part-time,4.59,Y
14514,DP14515,Rakesh R,Delhi,Scooter,Full-time,4.24,Y
14515,DP14516,Vikas F,Bengaluru,Scooter,Full-time,4.26,Y
14516,DP14517,Shreya T,Chennai,Cycle,Full-time,4.02,Y
14517,DP14518,Ravi N,Mumbai,Bike,Part-time,4.47,Y
14518,DP14519,Sneha F,Pune,Scooter,Full-time,4.38,Y
14519,DP14520,Kiran Y,Bengaluru,Bike,Contract,3.8,Y
14520,DP14521,Suresh E,Delhi,Bike,Full-time,4.18,Y
14521,DP14522,Amit Q,Ahmedabad,Scooter,Part-time,3.9,Y
14522,DP14523,Meena M,Mumbai,Scooter,Part-time,4.32,Y
14523,DP14524,Manoj P,Ahmedabad,Scooter,Part-time,4.12,Y
14524,DP14525,Amit S,Delhi,Scooter,Full-time,4.46,Y
14525,DP14526,Amit N,Pune,Car,Full-time,4.77,Y
14526,DP14527,Kiran H,Mumbai,Bike,Full-time,4.4,Y
14527,DP14528,Manoj S,Mumbai,Bike,Full-time,4.48,Y
14528,DP14529,Amit R,Pune,Bike,Contract,4.25,Y
14529,DP14530,Rahul A,Chennai,Cycle,Full-time,3.85,Y
14530,DP14531,Meena G,Delhi,Bike,Full-time,4.43,Y
14531,DP14532,Priya I,Bengaluru,Scooter,Part-time,4.41,Y
14532,DP14533,Vikas V,Mumbai,Bike,Part-time,3.98,Y
14533,DP14534,Vikas B,Delhi,Bike,Contract,4.31,Y
14534,DP14535,Pooja Q,Hyderabad,Scooter,Contract,4.0,Y
14535,DP14536,Santosh C,Kolkata,Cycle,Part-time,4.51,N
14536,DP14537,Pooja P,Hyderabad,Scooter,Full-time,3.94,Y
14537,DP14538,Manoj H,Bengaluru,Scooter,Contract,4.74,Y
14538,DP14539,Amit U,Bengaluru,Bike,Part-time,4.04,Y
14539,DP14540,Divya H,Pune,Bike,Contract,4.41,Y
14540,DP14541,Sneha H,Bengaluru,Car,Contract,4.06,N
14541,DP14542,Santosh F,Chennai,Cycle,Full-time,4.07,Y
14542,DP14543,Amit L,Bengaluru,Scooter,Full-time,4.51,Y
14543,DP14544,Ananya T,Chennai,Scooter,Part-time,4.42,Y
14544,DP14545,Rahul M,Ahmedabad,Scooter,Full-time,3.82,Y
14545,DP14546,Manoj P,Ahmedabad,Scooter,Full-time,3.88,Y
14546,DP14547,Nikhil E,Mumbai,Scooter,Contract,4.53,Y
14547,DP14548,Pooja R,Bengaluru,Bike,Part-time,4.0,N
14548,DP14549,Neha J,Mumbai,Bike,Full-time,3.43,Y
14549,DP14550,Deepak W,Mumbai,Scooter,Full-time,4.02,Y
14550,DP14551,Sneha U,Bengaluru,Cycle,Part-time,4.74,Y
14551,DP14552,Nikhil G,Bengaluru,Bike,Full-time,4.62,Y
14552,DP14553,Amit J,Delhi,Scooter,Contract,4.02,Y
14553,DP14554,Santosh G,Bengaluru,Scooter,Contract,4.52,Y
14554,DP14555,Priya Q,Chennai,Bike,Full-time,4.58,Y
14555,DP14556,Ananya E,Chennai,Bike,Part-time,3.68,Y
14556,DP14557,Rakesh Q,Ahmedabad,Bike,Part-time,4.35,Y
14557,DP14558,Suresh X,Delhi,Scooter,Full-time,4.77,Y
14558,DP14559,Kiran K,Mumbai,Car,Full-time,4.04,Y
14559,DP14560,Suresh Q,Mumbai,Cycle,Full-time,4.42,Y
14560,DP14561,Deepak F,Hyderabad,Bike,Contract,4.18,Y
14561,DP14562,Nikhil A,Mumbai,Bike,Full-time,4.5,N
14562,DP14563,Neha Y,Ahmedabad,Scooter,Full-time,4.67,Y
14563,DP14564,Suresh T,Chennai,Cycle,Contract,4.17,Y
14564,DP14565,Pooja J,Delhi,Car,Part-time,4.78,Y
14565,DP14566,Divya J,Kolkata,Bike,Contract,3.95,Y
14566,DP14567,Nikhil L,Chennai,Cycle,Full-time,4.16,Y
14567,DP14568,Divya V,Bengaluru,Scooter,Contract,3.71,N
14568,DP14569,Nikhil J,Delhi,Bike,Full-time,4.33,N
14569,DP14570,Ravi S,Delhi,Scooter,Full-time,4.74,Y
14570,DP14571,Amit M,Ahmedabad,Scooter,Part-time,4.15,Y
14571,DP14572,Nikhil L,Delhi,Bike,Full-time,3.77,Y
14572,DP14573,Kiran Y,Kolkata,Bike,Contract,3.68,Y
14573,DP14574,Nikhil N,Delhi,Scooter,Full-time,4.14,Y
14574,DP14575,Suresh Z,Mumbai,Scooter,Full-time,3.85,Y
14575,DP14576,Ananya N,Delhi,Scooter,Full-time,4.38,Y
14576,DP14577,Suresh H,Pune,Cycle,Part-time,4.49,Y
14577,DP14578,Nikhil C,Bengaluru,Scooter,Part-time,3.81,Y
14578,DP14579,Santosh W,Mumbai,Bike,Contract,3.99,Y
14579,DP14580,Divya A,Mumbai,Bike,Contract,4.47,Y
14580,DP14581,Rakesh I,Hyderabad,Bike,Full-time,4.04,Y
14581,DP14582,Amit L,Bengaluru,Bike,Full-time,4.76,Y
14582,DP14583,Amit Z,Delhi,Car,Full-time,3.74,Y
14583,DP14584,Rakesh H,Delhi,Scooter,Full-time,4.1,Y
14584,DP14585,Shreya J,Chennai,Scooter,Full-time,4.35,Y
14585,DP14586,Santosh A,Bengaluru,Bike,Contract,3.77,N
14586,DP14587,Meena P,Delhi,Scooter,Contract,4.84,Y
14587,DP14588,Deepak R,Bengaluru,Scooter,Part-time,4.38,Y
14588,DP14589,Manoj B,Mumbai,Cycle,Full-time,4.15,Y
14589,DP14590,Neha U,Hyderabad,Cycle,Part-time,3.71,Y
14590,DP14591,Neha M,Mumbai,Cycle,Full-time,4.67,Y
14591,DP14592,Priya J,Bengaluru,Bike,Part-time,4.39,Y
14592,DP14593,Arjun I,Kolkata,Scooter,Full-time,4.35,Y
14593,DP14594,Priya U,Chennai,Scooter,Contract,4.45,Y
14594,DP14595,Meena B,Chennai,Bike,Contract,3.87,Y
14595,DP14596,Suresh L,Kolkata,Scooter,Full-time,4.17,Y
14596,DP14597,Sneha T,Ahmedabad,Scooter,Part-time,4.55,Y
14597,DP14598,Arjun D,Kolkata,Bike,Part-time,4.03,Y
14598,DP14599,Priya N,Bengaluru,Scooter,Contract,4.16,N
14599,DP14600,Ravi D,Delhi,Bike,Full-time,3.69,Y
14600,DP14601,Sneha B,Bengaluru,Bike,Full-time,3.58,Y
14601,DP14602,Pooja X,Mumbai,Car,Contract,4.96,Y
14602,DP14603,Ananya U,Chennai,Bike,Full-time,4.38,Y
14603,DP14604,Kiran F,Ahmedabad,Bike,Contract,3.91,Y
14604,DP14605,Vikas C,Delhi,Scooter,Full-time,4.24,Y
14605,DP14606,Amit V,Bengaluru,Scooter,Part-time,4.0,Y
14606,DP14607,Pooja Y,Bengaluru,Cycle,Part-time,4.2,Y
14607,DP14608,Ananya G,Hyderabad,Scooter,Full-time,4.17,Y
14608,DP14609,Arjun Y,Delhi,Cycle,Part-time,3.54,Y
14609,DP14610,Ananya A,Chennai,Bike,Part-time,3.28,Y
14610,DP14611,Neha Z,Mumbai,Scooter,Part-time,3.99,N
14611,DP14612,Ravi R,Chennai,Bike,Full-time,4.23,Y
14612,DP14613,Suresh G,Hyderabad,Bike,Full-time,4.84,Y
14613,DP14614,Ravi N,Delhi,Scooter,Part-time,3.78,Y
14614,DP14615,Amit C,Bengaluru,Bike,Full-time,4.57,Y
14615,DP14616,Ananya A,Bengaluru,Scooter,Contract,4.15,Y
14616,DP14617,Neha G,Delhi,Cycle,Full-time,4.32,Y
14617,DP14618,Neha Y,Chennai,Scooter,Full-time,4.6,Y
14618,DP14619,Rakesh Q,Mumbai,Bike,Full-time,4.01,Y
14619,DP14620,Manoj Q,Hyderabad,Cycle,Contract,4.34,Y
14620,DP14621,Divya D,Pune,Scooter,Contract,4.78,Y
14621,DP14622,Amit F,Bengaluru,Cycle,Contract,4.14,Y
14622,DP14623,Vikas P,Pune,Scooter,Part-time,4.33,Y
14623,DP14624,Arjun R,Hyderabad,Scooter,Full-time,4.29,Y
14624,DP14625,Neha B,Bengaluru,Bike,Part-time,4.2,Y
14625,DP14626,Santosh R,Bengaluru,Car,Contract,4.28,Y
14626,DP14627,Arjun X,Kolkata,Bike,Full-time,3.76,Y
14627,DP14628,Manoj K,Bengaluru,Bike,Full-time,4.28,Y
14628,DP14629,Divya E,Ahmedabad,Bike,Full-time,4.4,N
14629,DP14630,Divya V,Ahmedabad,Bike,Contract,3.83,N
14630,DP14631,Neha F,Ahmedabad,Bike,Full-time,3.94,Y
14631,DP14632,Pooja S,Mumbai,Bike,Part-time,4.26,Y
14632,DP14633,Arjun B,Kolkata,Scooter,Full-time,4.22,Y
14633,DP14634,Pooja N,Bengaluru,Scooter,Part-time,4.48,Y
14634,DP14635,Suresh W,Bengaluru,Bike,Part-time,3.53,Y
14635,DP14636,Kiran A,Bengaluru,Cycle,Full-time,4.03,N
14636,DP14637,Pooja S,Chennai,Cycle,Full-time,3.8,Y
14637,DP14638,Suresh U,Pune,Scooter,Full-time,4.5,Y
14638,DP14639,Sneha C,Delhi,Cycle,Full-time,4.39,Y
14639,DP14640,Manoj B,Kolkata,Scooter,Contract,4.45,Y
14640,DP14641,Meena U,Delhi,Bike,Full-time,4.08,Y
14641,DP14642,Shreya N,Kolkata,Cycle,Contract,3.69,Y
14642,DP14643,Arjun N,Delhi,Bike,Part-time,4.02,Y
14643,DP14644,Meena Q,Hyderabad,Bike,Part-time,3.58,Y
14644,DP14645,Rakesh S,Ahmedabad,Bike,Full-time,4.52,Y
14645,DP14646,Pooja H,Bengaluru,Bike,Full-time,3.96,Y
14646,DP14647,Neha Z,Kolkata,Bike,Contract,4.58,Y
14647,DP14648,Meena C,Mumbai,Bike,Full-time,4.49,Y
14648,DP14649,Arjun W,Delhi,Scooter,Full-time,4.31,Y
14649,DP14650,Neha D,Bengaluru,Bike,Contract,4.36,Y
14650,DP14651,Kiran W,Chennai,Scooter,Full-time,3.96,N
14651,DP14652,Rahul I,Mumbai,Bike,Full-time,4.28,Y
14652,DP14653,Manoj S,Delhi,Scooter,Full-time,4.03,Y
14653,DP14654,Priya H,Hyderabad,Scooter,Part-time,3.9,Y
14654,DP14655,Santosh X,Kolkata,Bike,Full-time,4.38,N
14655,DP14656,Shreya X,Delhi,Bike,Full-time,4.17,Y
14656,DP14657,Amit U,Bengaluru,Scooter,Part-time,4.27,Y
14657,DP14658,Neha C,Bengaluru,Bike,Full-time,4.61,Y
14658,DP14659,Arjun Z,Chennai,Scooter,Part-time,3.84,Y
14659,DP14660,Ravi C,Bengaluru,Bike,Full-time,3.65,Y
14660,DP14661,Ravi M,Chennai,Scooter,Contract,4.08,Y
14661,DP14662,Arjun R,Ahmedabad,Scooter,Full-time,4.07,Y
14662,DP14663,Kiran Y,Ahmedabad,Scooter,Contract,4.12,Y
14663,DP14664,Pooja G,Bengaluru,Scooter,Contract,4.4,Y
14664,DP14665,Ananya T,Ahmedabad,Cycle,Part-time,4.15,Y
14665,DP14666,Manoj L,Chennai,Bike,Full-time,4.16,Y
14666,DP14667,Kiran L,Pune,Bike,Contract,4.18,Y
14667,DP14668,Ananya Z,Bengaluru,Scooter,Part-time,4.79,Y
14668,DP14669,Neha D,Bengaluru,Bike,Part-time,4.7,Y
14669,DP14670,Arjun W,Bengaluru,Bike,Full-time,4.99,N
14670,DP14671,Sneha S,Delhi,Cycle,Full-time,4.58,Y
14671,DP14672,Neha R,Hyderabad,Scooter,Part-time,4.33,N
14672,DP14673,Nikhil J,Chennai,Scooter,Full-time,4.08,Y
14673,DP14674,Meena P,Ahmedabad,Bike,Part-time,3.72,N
14674,DP14675,Amit L,Chennai,Bike,Full-time,4.09,Y
14675,DP14676,Divya A,Chennai,Scooter,Part-time,4.55,Y
14676,DP14677,Vikas U,Bengaluru,Scooter,Part-time,4.61,Y
14677,DP14678,Divya F,Chennai,Scooter,Full-time,4.47,Y
14678,DP14679,Shreya M,Mumbai,Cycle,Full-time,4.67,Y
14679,DP14680,Neha L,Kolkata,Cycle,Full-time,3.88,Y
14680,DP14681,Ananya H,Bengaluru,Bike,Contract,3.5,Y
14681,DP14682,Rakesh L,Delhi,Scooter,Part-time,4.31,Y
14682,DP14683,Ravi Q,Pune,Scooter,Part-time,3.92,N
14683,DP14684,Ravi U,Bengaluru,Car,Full-time,4.04,Y
14684,DP14685,Divya X,Kolkata,Bike,Contract,3.7,Y
14685,DP14686,Amit M,Ahmedabad,Bike,Part-time,4.47,N
14686,DP14687,Ravi I,Bengaluru,Scooter,Full-time,3.93,Y
14687,DP14688,Pooja U,Kolkata,Bike,Full-time,4.42,Y
14688,DP14689,Neha U,Hyderabad,Bike,Full-time,4.63,Y
14689,DP14690,Santosh Q,Mumbai,Bike,Full-time,4.2,Y
14690,DP14691,Amit T,Mumbai,Bike,Contract,4.33,Y
14691,DP14692,Rahul J,Hyderabad,Cycle,Full-time,4.04,N
14692,DP14693,Priya J,Mumbai,Scooter,Part-time,4.15,Y
14693,DP14694,Priya U,Mumbai,Scooter,Full-time,4.1,Y
14694,DP14695,Ananya I,Bengaluru,Scooter,Contract,4.38,Y
14695,DP14696,Meena H,Chennai,Car,Part-time,4.58,Y
14696,DP14697,Divya J,Mumbai,Cycle,Part-time,4.56,Y
14697,DP14698,Meena Y,Pune,Bike,Part-time,4.32,Y
14698,DP14699,Nikhil U,Chennai,Cycle,Contract,3.97,N
14699,DP14700,Rahul H,Mumbai,Scooter,Full-time,4.99,Y
14700,DP14701,Priya B,Bengaluru,Cycle,Part-time,4.14,Y
14701,DP14702,Ravi S,Bengaluru,Scooter,Part-time,4.34,Y
14702,DP14703,Vikas S,Delhi,Car,Part-time,3.71,Y
14703,DP14704,Ravi B,Chennai,Scooter,Full-time,3.81,Y
14704,DP14705,Rakesh Z,Mumbai,Scooter,Full-time,4.23,Y
14705,DP14706,Deepak O,Delhi,Scooter,Part-time,3.88,Y
14706,DP14707,Arjun R,Pune,Bike,Part-time,4.07,Y
14707,DP14708,Suresh A,Chennai,Bike,Part-time,4.24,Y
14708,DP14709,Sneha W,Ahmedabad,Scooter,Full-time,3.84,N
14709,DP14710,Priya N,Hyderabad,Bike,Part-time,3.92,Y
14710,DP14711,Meena M,Kolkata,Bike,Full-time,3.83,N
14711,DP14712,Ananya K,Pune,Cycle,Full-time,4.46,Y
14712,DP14713,Santosh S,Pune,Scooter,Contract,4.21,Y
14713,DP14714,Deepak I,Hyderabad,Bike,Contract,4.41,Y
14714,DP14715,Vikas J,Bengaluru,Bike,Part-time,4.38,Y
14715,DP14716,Ananya X,Hyderabad,Cycle,Full-time,3.84,Y
14716,DP14717,Pooja I,Ahmedabad,Bike,Part-time,4.3,N
14717,DP14718,Nikhil G,Delhi,Scooter,Full-time,4.21,Y
14718,DP14719,Ananya O,Delhi,Scooter,Contract,4.31,N
14719,DP14720,Rahul Y,Kolkata,Scooter,Part-time,4.4,N
14720,DP14721,Santosh B,Chennai,Scooter,Part-time,4.37,Y
14721,DP14722,Arjun N,Bengaluru,Bike,Contract,4.53,Y
14722,DP14723,Priya L,Pune,Scooter,Contract,4.61,Y
14723,DP14724,Sneha W,Mumbai,Cycle,Full-time,4.48,Y
14724,DP14725,Priya K,Chennai,Bike,Contract,3.83,Y
14725,DP14726,Deepak C,Ahmedabad,Scooter,Full-time,4.01,Y
14726,DP14727,Vikas F,Bengaluru,Cycle,Full-time,4.46,Y
14727,DP14728,Ravi C,Ahmedabad,Scooter,Part-time,4.58,Y
14728,DP14729,Rakesh P,Mumbai,Scooter,Full-time,3.72,Y
14729,DP14730,Meena P,Ahmedabad,Bike,Part-time,3.68,Y
14730,DP14731,Ravi T,Kolkata,Cycle,Contract,3.6,Y
14731,DP14732,Amit Y,Pune,Scooter,Part-time,4.37,Y
14732,DP14733,Kiran Y,Mumbai,Bike,Full-time,3.68,Y
14733,DP14734,Rakesh X,Kolkata,Scooter,Full-time,4.12,Y
14734,DP14735,Sneha H,Chennai,Bike,Part-time,4.3,Y
14735,DP14736,Sneha R,Delhi,Scooter,Contract,4.44,Y
14736,DP14737,Divya L,Delhi,Scooter,Full-time,4.58,Y
14737,DP14738,Ravi E,Mumbai,Bike,Contract,4.19,Y
14738,DP14739,Suresh H,Hyderabad,Scooter,Full-time,3.78,Y
14739,DP14740,Ravi A,Bengaluru,Scooter,Full-time,3.98,Y
14740,DP14741,Ananya C,Pune,Scooter,Part-time,4.02,Y
14741,DP14742,Deepak P,Pune,Scooter,Full-time,4.07,Y
14742,DP14743,Priya Z,Ahmedabad,Cycle,Contract,3.76,Y
14743,DP14744,Meena I,Chennai,Scooter,Full-time,4.65,Y
14744,DP14745,Amit A,Kolkata,Bike,Part-time,4.0,Y
14745,DP14746,Shreya K,Chennai,Scooter,Part-time,3.93,Y
14746,DP14747,Priya E,Bengaluru,Scooter,Part-time,3.9,N
14747,DP14748,Neha G,Hyderabad,Bike,Contract,4.0,Y
14748,DP14749,Pooja C,Chennai,Bike,Part-time,3.83,Y
14749,DP14750,Ananya M,Chennai,Bike,Full-time,4.16,Y
14750,DP14751,Neha Y,Delhi,Scooter,Full-time,4.19,N
14751,DP14752,Pooja A,Bengaluru,Bike,Full-time,4.08,Y
14752,DP14753,Santosh M,Delhi,Bike,Full-time,4.49,Y
14753,DP14754,Priya Z,Hyderabad,Bike,Part-time,4.29,Y
14754,DP14755,Vikas M,Bengaluru,Scooter,Part-time,4.19,Y
14755,DP14756,Divya P,Bengaluru,Bike,Full-time,4.22,Y
14756,DP14757,Amit J,Hyderabad,Bike,Full-time,3.91,Y
14757,DP14758,Deepak N,Chennai,Bike,Part-time,4.72,Y
14758,DP14759,Manoj V,Chennai,Bike,Contract,4.39,Y
14759,DP14760,Manoj L,Pune,Cycle,Part-time,3.81,Y
14760,DP14761,Shreya P,Delhi,Bike,Contract,4.28,Y
14761,DP14762,Meena C,Bengaluru,Cycle,Full-time,4.18,Y
14762,DP14763,Shreya H,Bengaluru,Scooter,Contract,3.85,Y
14763,DP14764,Amit G,Chennai,Scooter,Contract,4.13,Y
14764,DP14765,Vikas B,Mumbai,Scooter,Full-time,4.51,Y
14765,DP14766,Kiran O,Mumbai,Bike,Contract,4.07,Y
14766,DP14767,Pooja K,Kolkata,Scooter,Part-time,4.0,Y
14767,DP14768,Manoj L,Pune,Scooter,Part-time,4.37,Y
14768,DP14769,Ananya U,Mumbai,Scooter,Part-time,4.2,Y
14769,DP14770,Neha I,Bengaluru,Scooter,Full-time,3.97,Y
14770,DP14771,Meena X,Bengaluru,Bike,Full-time,3.92,Y
14771,DP14772,Manoj I,Kolkata,Bike,Part-time,3.9,Y
14772,DP14773,Pooja K,Ahmedabad,Bike,Part-time,4.48,Y
14773,DP14774,Sneha A,Bengaluru,Scooter,Full-time,4.63,Y
14774,DP14775,Neha E,Ahmedabad,Scooter,Full-time,4.42,Y
14775,DP14776,Vikas W,Chennai,Cycle,Full-time,4.14,Y
14776,DP14777,Meena U,Delhi,Bike,Part-time,3.96,N
14777,DP14778,Nikhil B,Chennai,Cycle,Contract,3.96,Y
14778,DP14779,Suresh B,Bengaluru,Scooter,Full-time,4.3,Y
14779,DP14780,Suresh J,Mumbai,Bike,Full-time,4.2,Y
14780,DP14781,Rahul R,Bengaluru,Cycle,Full-time,4.52,Y
14781,DP14782,Pooja Z,Mumbai,Cycle,Full-time,4.13,Y
14782,DP14783,Santosh M,Mumbai,Scooter,Full-time,3.99,Y
14783,DP14784,Ravi X,Kolkata,Car,Contract,4.37,N
14784,DP14785,Shreya K,Bengaluru,Scooter,Full-time,3.97,Y
14785,DP14786,Nikhil V,Delhi,Bike,Full-time,4.07,N
14786,DP14787,Kiran V,Chennai,Bike,Part-time,3.91,N
14787,DP14788,Shreya P,Pune,Cycle,Full-time,3.93,N
14788,DP14789,Vikas C,Mumbai,Bike,Full-time,4.33,Y
14789,DP14790,Ananya T,Bengaluru,Bike,Full-time,4.44,Y
14790,DP14791,Vikas T,Kolkata,Scooter,Contract,3.81,Y
14791,DP14792,Sneha R,Chennai,Cycle,Full-time,3.98,N
14792,DP14793,Suresh A,Pune,Bike,Part-time,4.36,Y
14793,DP14794,Priya S,Mumbai,Scooter,Contract,4.22,Y
14794,DP14795,Pooja M,Bengaluru,Bike,Part-time,4.56,Y
14795,DP14796,Manoj K,Bengaluru,Scooter,Full-time,3.73,Y
14796,DP14797,Rahul E,Mumbai,Scooter,Part-time,3.72,Y
14797,DP14798,Shreya B,Mumbai,Scooter,Contract,3.42,N
14798,DP14799,Sneha W,Bengaluru,Bike,Full-time,4.22,Y
14799,DP14800,Shreya L,Bengaluru,Cycle,Full-time,3.93,Y
14800,DP14801,Neha G,Hyderabad,Car,Part-time,4.78,Y
14801,DP14802,Divya O,Bengaluru,Cycle,Part-time,3.87,Y
14802,DP14803,Ananya C,Bengaluru,Scooter,Part-time,4.02,Y
14803,DP14804,Neha C,Bengaluru,Bike,Part-time,3.71,Y
14804,DP14805,Shreya Q,Ahmedabad,Bike,Part-time,3.87,Y
14805,DP14806,Ananya R,Delhi,Cycle,Full-time,4.18,Y
14806,DP14807,Ananya V,Bengaluru,Cycle,Full-time,4.35,Y
14807,DP14808,Ravi N,Bengaluru,Bike,Full-time,3.94,Y
14808,DP14809,Ravi D,Ahmedabad,Bike,Contract,4.0,Y
14809,DP14810,Meena L,Delhi,Scooter,Part-time,4.65,Y
14810,DP14811,Kiran E,Chennai,Scooter,Full-time,3.85,Y
14811,DP14812,Manoj E,Kolkata,Bike,Full-time,4.37,Y
14812,DP14813,Amit I,Bengaluru,Scooter,Full-time,4.0,Y
14813,DP14814,Nikhil Y,Kolkata,Scooter,Full-time,4.08,Y
14814,DP14815,Vikas W,Kolkata,Scooter,Part-time,4.45,Y
14815,DP14816,Shreya T,Hyderabad,Scooter,Full-time,3.78,N
14816,DP14817,Meena X,Mumbai,Scooter,Part-time,4.13,Y
14817,DP14818,Rahul X,Bengaluru,Scooter,Full-time,4.36,Y
14818,DP14819,Vikas N,Delhi,Scooter,Part-time,4.42,Y
14819,DP14820,Amit C,Pune,Bike,Full-time,4.88,Y
14820,DP14821,Rahul K,Mumbai,Bike,Full-time,3.79,Y
14821,DP14822,Ravi H,Mumbai,Bike,Full-time,3.97,Y
14822,DP14823,Manoj Q,Mumbai,Scooter,Full-time,4.8,Y
14823,DP14824,Pooja C,Mumbai,Cycle,Full-time,4.05,Y
14824,DP14825,Pooja A,Ahmedabad,Scooter,Part-time,4.11,Y
14825,DP14826,Neha I,Delhi,Cycle,Full-time,4.17,Y
14826,DP14827,Suresh L,Mumbai,Bike,Contract,4.41,N
14827,DP14828,Amit O,Bengaluru,Cycle,Contract,4.16,N
14828,DP14829,Shreya S,Pune,Bike,Full-time,3.74,Y
14829,DP14830,Rakesh A,Kolkata,Bike,Part-time,3.8,Y
14830,DP14831,Santosh S,Ahmedabad,Bike,Full-time,3.85,Y
14831,DP14832,Deepak T,Bengaluru,Scooter,Full-time,4.64,Y
14832,DP14833,Neha I,Delhi,Bike,Part-time,4.56,Y
14833,DP14834,Kiran P,Bengaluru,Bike,Contract,4.04,Y
14834,DP14835,Neha W,Bengaluru,Bike,Part-time,4.16,Y
14835,DP14836,Rahul G,Delhi,Cycle,Contract,4.46,Y
14836,DP14837,Rahul O,Kolkata,Cycle,Part-time,3.8,Y
14837,DP14838,Divya F,Chennai,Bike,Full-time,4.16,Y
14838,DP14839,Manoj J,Bengaluru,Bike,Full-time,4.1,Y
14839,DP14840,Deepak A,Mumbai,Scooter,Contract,4.76,Y
14840,DP14841,Rahul A,Chennai,Bike,Part-time,3.96,Y
14841,DP14842,Shreya R,Ahmedabad,Bike,Full-time,4.33,Y
14842,DP14843,Divya H,Bengaluru,Scooter,Part-time,3.86,Y
14843,DP14844,Shreya S,Mumbai,Bike,Part-time,4.51,Y
14844,DP14845,Neha G,Chennai,Bike,Full-time,4.25,Y
14845,DP14846,Vikas G,Bengaluru,Cycle,Full-time,4.29,Y
14846,DP14847,Shreya I,Mumbai,Scooter,Full-time,4.31,Y
14847,DP14848,Ananya A,Hyderabad,Scooter,Full-time,3.88,N
14848,DP14849,Rahul F,Bengaluru,Scooter,Full-time,3.83,Y
14849,DP14850,Vikas S,Bengaluru,Cycle,Full-time,3.87,Y
14850,DP14851,Rakesh E,Bengaluru,Scooter,Part-time,4.28,Y
14851,DP14852,Priya C,Bengaluru,Bike,Contract,4.32,Y
14852,DP14853,Manoj Q,Bengaluru,Cycle,Full-time,4.57,Y
14853,DP14854,Divya V,Ahmedabad,Bike,Full-time,3.96,Y
14854,DP14855,Kiran S,Pune,Scooter,Part-time,4.2,Y
14855,DP14856,Rakesh J,Bengaluru,Cycle,Contract,3.91,Y
14856,DP14857,Shreya J,Delhi,Cycle,Full-time,4.46,Y
14857,DP14858,Priya Z,Mumbai,Scooter,Full-time,4.36,Y
14858,DP14859,Vikas N,Bengaluru,Bike,Full-time,4.15,Y
14859,DP14860,Neha D,Bengaluru,Scooter,Contract,4.14,Y
14860,DP14861,Sneha Y,Chennai,Bike,Contract,4.74,Y
14861,DP14862,Priya S,Kolkata,Scooter,Full-time,4.58,Y
14862,DP14863,Rahul D,Bengaluru,Bike,Contract,4.33,N
14863,DP14864,Kiran T,Bengaluru,Bike,Contract,4.32,Y
14864,DP14865,Ravi V,Hyderabad,Bike,Part-time,4.59,Y
14865,DP14866,Suresh W,Kolkata,Scooter,Part-time,4.01,Y
14866,DP14867,Rahul R,Chennai,Scooter,Full-time,3.76,Y
14867,DP14868,Nikhil W,Mumbai,Bike,Part-time,4.23,Y
14868,DP14869,Rahul I,Pune,Scooter,Contract,3.08,Y
14869,DP14870,Rakesh M,Kolkata,Bike,Contract,4.26,Y
14870,DP14871,Nikhil U,Hyderabad,Scooter,Full-time,4.14,Y
14871,DP14872,Vikas H,Kolkata,Scooter,Full-time,3.68,Y
14872,DP14873,Sneha F,Mumbai,Scooter,Full-time,3.67,Y
14873,DP14874,Suresh Q,Bengaluru,Scooter,Part-time,4.07,Y
14874,DP14875,Priya Z,Mumbai,Bike,Full-time,3.7,Y
14875,DP14876,Ananya E,Chennai,Bike,Full-time,4.29,Y
14876,DP14877,Nikhil Y,Mumbai,Cycle,Full-time,4.02,Y
14877,DP14878,Divya L,Hyderabad,Scooter,Full-time,4.55,Y
14878,DP14879,Amit G,Ahmedabad,Scooter,Full-time,5.0,Y
14879,DP14880,Amit N,Delhi,Cycle,Part-time,4.15,N
14880,DP14881,Santosh I,Chennai,Bike,Part-time,4.44,Y
14881,DP14882,Ravi L,Hyderabad,Cycle,Full-time,4.16,Y
14882,DP14883,Ananya I,Bengaluru,Car,Full-time,4.45,Y
14883,DP14884,Neha Q,Ahmedabad,Scooter,Part-time,4.68,Y
14884,DP14885,Kiran F,Bengaluru,Scooter,Part-time,3.91,Y
14885,DP14886,Santosh K,Kolkata,Cycle,Full-time,3.89,Y
14886,DP14887,Ananya U,Bengaluru,Car,Contract,4.27,Y
14887,DP14888,Amit B,Mumbai,Scooter,Full-time,3.85,Y
14888,DP14889,Deepak Z,Ahmedabad,Bike,Part-time,4.46,Y
14889,DP14890,Manoj K,Delhi,Cycle,Part-time,4.3,Y
14890,DP14891,Santosh G,Bengaluru,Bike,Full-time,3.68,Y
14891,DP14892,Santosh Q,Bengaluru,Cycle,Full-time,4.37,Y
14892,DP14893,Suresh Q,Pune,Cycle,Contract,4.46,Y
14893,DP14894,Sneha Y,Delhi,Cycle,Full-time,3.83,Y
14894,DP14895,Arjun C,Ahmedabad,Scooter,Full-time,4.4,N
14895,DP14896,Ravi R,Delhi,Bike,Part-time,3.88,Y
14896,DP14897,Divya O,Hyderabad,Scooter,Full-time,4.19,Y
14897,DP14898,Arjun P,Hyderabad,Bike,Full-time,3.92,Y
14898,DP14899,Ananya G,Bengaluru,Bike,Contract,4.48,Y
14899,DP14900,Sneha X,Mumbai,Cycle,Contract,4.4,Y
14900,DP14901,Amit D,Chennai,Bike,Part-time,3.92,Y
14901,DP14902,Kiran Q,Delhi,Scooter,Full-time,3.95,Y
14902,DP14903,Pooja I,Delhi,Scooter,Full-time,3.84,Y
14903,DP14904,Rakesh R,Pune,Bike,Part-time,4.2,Y
14904,DP14905,Suresh Y,Bengaluru,Cycle,Part-time,4.19,Y
14905,DP14906,Vikas W,Mumbai,Bike,Contract,3.77,Y
14906,DP14907,Vikas V,Chennai,Bike,Full-time,4.32,Y
14907,DP14908,Pooja T,Chennai,Bike,Contract,4.25,Y
14908,DP14909,Pooja H,Mumbai,Scooter,Contract,4.19,Y
14909,DP14910,Meena J,Kolkata,Bike,Full-time,4.51,Y
14910,DP14911,Neha H,Chennai,Cycle,Part-time,4.55,N
14911,DP14912,Nikhil Q,Mumbai,Car,Full-time,4.15,Y
14912,DP14913,Manoj K,Mumbai,Cycle,Full-time,4.33,Y
14913,DP14914,Nikhil X,Hyderabad,Car,Full-time,3.56,Y
14914,DP14915,Manoj Q,Hyderabad,Scooter,Part-time,4.17,Y
14915,DP14916,Amit X,Bengaluru,Scooter,Full-time,4.26,Y
14916,DP14917,Ananya A,Chennai,Bike,Part-time,4.07,Y
14917,DP14918,Nikhil N,Chennai,Bike,Full-time,4.46,Y
14918,DP14919,Arjun C,Pune,Bike,Full-time,4.06,Y
14919,DP14920,Pooja A,Mumbai,Scooter,Full-time,4.23,Y
14920,DP14921,Neha O,Bengaluru,Scooter,Part-time,4.69,Y
14921,DP14922,Vikas E,Bengaluru,Cycle,Full-time,4.73,N
14922,DP14923,Rahul M,Bengaluru,Bike,Contract,4.59,Y
14923,DP14924,Manoj I,Hyderabad,Scooter,Part-time,4.44,Y
14924,DP14925,Priya X,Pune,Scooter,Full-time,4.05,N
14925,DP14926,Suresh J,Bengaluru,Scooter,Contract,4.51,Y
14926,DP14927,Shreya Q,Mumbai,Scooter,Full-time,3.98,Y
14927,DP14928,Pooja W,Delhi,Bike,Full-time,3.93,Y
14928,DP14929,Neha E,Pune,Cycle,Full-time,4.36,Y
14929,DP14930,Meena Q,Mumbai,Bike,Full-time,4.15,Y
14930,DP14931,Amit E,Delhi,Bike,Part-time,4.42,Y
14931,DP14932,Pooja Z,Mumbai,Bike,Part-time,4.04,Y
14932,DP14933,Shreya F,Bengaluru,Cycle,Full-time,3.77,Y
14933,DP14934,Ananya M,Bengaluru,Bike,Part-time,4.27,Y
14934,DP14935,Amit M,Bengaluru,Scooter,Full-time,4.18,Y
14935,DP14936,Pooja Q,Bengaluru,Cycle,Part-time,4.38,Y
14936,DP14937,Rakesh U,Mumbai,Scooter,Full-time,4.19,Y
14937,DP14938,Divya U,Delhi,Scooter,Contract,4.23,N
14938,DP14939,Arjun I,Bengaluru,Scooter,Full-time,4.08,Y
14939,DP14940,Rakesh F,Delhi,Bike,Full-time,4.0,N
14940,DP14941,Santosh G,Delhi,Scooter,Full-time,3.97,Y
14941,DP14942,Kiran O,Mumbai,Scooter,Full-time,4.22,Y
14942,DP14943,Nikhil Y,Kolkata,Scooter,Full-time,4.3,Y
14943,DP14944,Divya E,Bengaluru,Scooter,Full-time,4.32,Y
14944,DP14945,Suresh S,Bengaluru,Scooter,Full-time,4.82,Y
14945,DP14946,Amit X,Hyderabad,Scooter,Full-time,3.92,N
14946,DP14947,Manoj N,Chennai,Cycle,Full-time,4.27,Y
14947,DP14948,Ananya A,Bengaluru,Bike,Full-time,4.42,Y
14948,DP14949,Rakesh W,Ahmedabad,Bike,Full-time,4.15,Y
14949,DP14950,Pooja U,Mumbai,Bike,Full-time,4.0,Y
14950,DP14951,Nikhil V,Mumbai,Scooter,Part-time,4.2,Y
14951,DP14952,Suresh C,Hyderabad,Scooter,Contract,4.16,Y
14952,DP14953,Neha Z,Hyderabad,Scooter,Full-time,3.97,N
14953,DP14954,Amit N,Bengaluru,Bike,Part-time,4.62,Y
14954,DP14955,Manoj L,Chennai,Scooter,Part-time,4.48,Y
14955,DP14956,Neha C,Chennai,Scooter,Part-time,4.27,Y
14956,DP14957,Deepak A,Kolkata,Cycle,Full-time,4.24,Y
14957,DP14958,Arjun F,Kolkata,Scooter,Part-time,3.61,N
14958,DP14959,Priya C,Bengaluru,Scooter,Part-time,3.99,N
14959,DP14960,Rahul S,Chennai,Scooter,Part-time,4.29,Y
14960,DP14961,Amit H,Chennai,Bike,Full-time,4.07,Y
14961,DP14962,Meena Y,Chennai,Bike,Contract,4.28,Y
14962,DP14963,Shreya X,Kolkata,Scooter,Full-time,4.33,Y
14963,DP14964,Kiran G,Pune,Cycle,Full-time,4.59,Y
14964,DP14965,Vikas C,Hyderabad,Scooter,Full-time,4.06,Y
14965,DP14966,Shreya S,Chennai,Scooter,Full-time,4.51,Y
14966,DP14967,Rakesh E,Kolkata,Scooter,Part-time,3.52,Y
14967,DP14968,Sneha U,Bengaluru,Bike,Full-time,4.39,Y
14968,DP14969,Vikas E,Mumbai,Scooter,Full-time,3.8,Y
14969,DP14970,Vikas Q,Ahmedabad,Scooter,Contract,4.38,Y
14970,DP14971,Meena X,Hyderabad,Cycle,Part-time,3.9,Y
14971,DP14972,Sneha G,Bengaluru,Scooter,Part-time,4.17,N
14972,DP14973,Sneha Y,Ahmedabad,Scooter,Full-time,4.26,Y
14973,DP14974,Kiran W,Kolkata,Bike,Full-time,3.81,Y
14974,DP14975,Shreya T,Ahmedabad,Bike,Full-time,4.89,Y
14975,DP14976,Ananya F,Pune,Scooter,Part-time,4.17,Y
14976,DP14977,Suresh C,Bengaluru,Scooter,Full-time,4.13,Y
14977,DP14978,Nikhil H,Mumbai,Cycle,Part-time,4.33,Y
14978,DP14979,Suresh R,Hyderabad,Scooter,Full-time,4.05,Y
14979,DP14980,Priya E,Ahmedabad,Bike,Part-time,4.16,Y
14980,DP14981,Ananya T,Delhi,Cycle,Part-time,4.52,Y
14981,DP14982,Ravi B,Hyderabad,Scooter,Part-time,4.26,Y
14982,DP14983,Pooja T,Bengaluru,Bike,Contract,3.69,Y
14983,DP14984,Santosh L,Mumbai,Scooter,Full-time,4.38,N
14984,DP14985,Santosh M,Mumbai,Scooter,Part-time,3.85,Y
14985,DP14986,Ravi N,Ahmedabad,Scooter,Part-time,3.73,Y
14986,DP14987,Arjun T,Kolkata,Scooter,Contract,4.5,N
14987,DP14988,Arjun O,Bengaluru,Bike,Full-time,4.73,N
14988,DP14989,Neha N,Kolkata,Car,Contract,4.35,Y
14989,DP14990,Amit K,Ahmedabad,Bike,Full-time,3.56,Y
14990,DP14991,Meena H,Hyderabad,Cycle,Full-time,4.27,Y
14991,DP14992,Pooja W,Bengaluru,Scooter,Full-time,4.09,Y
14992,DP14993,Amit Q,Hyderabad,Bike,Full-time,4.02,Y
14993,DP14994,Neha L,Pune,Bike,Part-time,4.31,Y
14994,DP14995,Deepak G,Chennai,Bike,Full-time,3.69,Y
14995,DP14996,Sneha N,Bengaluru,Cycle,Full-time,4.39,Y
14996,DP14997,Shreya N,Chennai,Scooter,Part-time,4.31,Y
14997,DP14998,Suresh K,Hyderabad,Cycle,Contract,4.11,Y
14998,DP14999,Neha B,Mumbai,Cycle,Part-time,4.17,Y
14999,DP15000,Suresh L,Bengaluru,Bike,Contract,3.93,Y
